name,address,gcj02_lon,gcj02_lat
星学堂托管教育,横岭四巷与横岭七巷交叉口东240米,113.140854,23.466119
北京书香源教育(花都托管辅导中心),狮岭镇教育东路12号3楼,113.154436,23.461912
小熊托托早教托育(风神中心),风神大道18号1区1栋110号,113.157749,23.379022
马溪早教托管中心,花港大道与南岳大街交叉路口南侧,113.1605138,23.36946762
保利城佳杰儿托育,保利城北街33号,113.163934,23.376932
学乐托管,教育东路7号附近,113.1664461,23.47468528
婴幼儿托育,学府路与学府一街交叉口东南120米,113.175027,23.427726
小宝贝幼托,侧斌街与均一东街交叉口东约80米,113.1843778,23.4731063
培英前程托管中心,工业大道广纸北一路东四街4号铺,113.189348,23.3787768
优质托管,望亭路15-37号,113.1964925,23.38156933
金宝贝托管,花都雅居乐锦城花语集346号商铺,113.2013507,23.42773047
蒙森谷国际托育中心(蒙特梭利儿童之家),藤业一路58号蒙・森谷国际托育中心,113.202157,23.146697
乐鲸灵婴幼儿托育・早教中心（花都锦城花园校区）,新华街花都永发路5号之七十八102铺-101,113.2025806,23.42868788
晟睿托管服务中心,南航大道北益群学校西侧约30米,113.2027561,23.48277611
康康托儿所（龙溪西路）,龙溪凤池村262号,113.2059868,23.08086941
东新街儿童看护点,吉山村大园街15号,113.206092,23.24048695
利贞托育中心,新华商业大道9号,113.207008,23.374657
喜宝幼儿托育中心（南华店）,华翠路19号南华时代城华润万家斜对面,113.2072896,23.37922121
全优・贝贝早教托育,创佳路3号梦多多小镇3层307室,113.2096307,23.1601699
祝博士（金沙洲沙凤校区）,汇瑞街68号二楼,113.2098127,23.17072973
文慧辅导班（海北店）,东联路13号,113.2109606,23.08710587
全优加旗舰中心(全优加金沙洲旗舰店),倚水街1巷1号金沙洲金域蓝湾东南门,113.212112,23.155319
好孩子托管中心,大华二路阳光家园A座,113.2129376,23.40696583
创艺宝贝托育园（御金沙校区）,浔洲街72号1楼,113.2150599,23.17643868
蒙・森谷国际托育中心,藤业一路58号（金沙小学南校区正对面）,113.2153289,23.1591174
祝博士,藤业一路富力・金街,113.2153605,23.16047516
达慧童乐托育园,芳兴路84号旧龙华宾馆,113.2181671,23.12118872
全优加早教・托育（金沙洲校区）,彩滨中路倚水街2号101-104、106-110、201-203房（地铁沙贝站）,113.2206356,23.16622604
自由人玛尔比恩托育早教中心,自由里自由人花园2街2号239铺,113.220898,23.342529
米诺象婴幼儿托育中心,紫薇路38-8号,113.2212432,23.41660756
Perfect baby全优贝贝早教托育,天贵路泊岸君庭北门75-33全优贝贝早教中心,113.221539,23.392022
慧星国际儿童教育,保利・西海岸汇海花园8栋负1层02号,113.2221035,23.1854673
五六点智慧托管,公园前路44号9-10号商铺,113.2221917,23.39657181
宝贝之家早教托育,天贵路华天大厦,113.222538,23.38315
杰诺托育,松南路1号汇锦新天地F3,113.222597,23.149323
学倍优托辅中心,新中路6号之一202号,113.223449,23.38239122
Little Light 立童园托育・早教,郭村路华发荔湾荟10栋108铺,113.2241193,23.11785774
欣悦优托,商南街与育才街交叉口西南60米,113.2246784,23.38695008
喜宝幼儿托育中心,新华街龙珠路18号金色华庭首层东面商铺,113.224709,23.396104
全优贝贝托育(融创店),叶融街5-128号,113.224823,23.429057
糖小丸蛋糕店,金色华庭首层东面商铺喜宝幼儿托育中心对面,113.224928,23.396078
五六点智慧托管,育才街1号205、206房,113.2250635,23.38638301
FAMIC放我家托育・早教（金域蓝湾园店）,环洲二路倚水一巷3号金域蓝湾,113.2251189,23.16819787
津德托管中心,龙溪中路保利九里公园杏霖街6号112室,113.2256207,23.09015389
U萌国际婴童学苑（金沙洲校区）,彩滨北路江悦湾S1栋整层,113.2265911,23.18106635
全优?贝贝托育中心（融创店）,广州融创雪域澜庭A2区（天贵路东),113.226796,23.4301
自然树儿童之家(广州花都凯旋门托育园),三东大道89号凯旋门14号商铺,113.226975,23.410584
全优贝贝早教托育中心,富力半岛E2座2楼,113.227067,23.143508
FAMIC放我家托育・早教（凯粤湾店）,石围塘街道逸彩路29号凯粤湾C6栋105房,113.2272129,23.12732863
全优加早教中心,新华街曙光路75号广信大厦2层,113.227354,23.402477
三乐教育,逸彩路小美医生二楼,113.2280644,23.13943166
哆来咪课后托管,增南路与海南南边街交叉口东180米,113.228212,23.07816406
扶幼堂,宝华路34-6号,113.2283232,23.39901567
甄诚小初中托管中心,竹苑街18号104商铺,113.2295779,23.39132886
棉村托儿所,海南棉村181号,113.2298212,23.06991787
宝学士托育中心,观海路5号118-125房1层,113.2312867,23.05553083
佳杰儿托育(江高园区),江高镇河东街29号(原中心小学旁),113.231353,23.271836
比尔盖托育,浣南东街11-1号(坑口地铁站C口步行200米),113.232496,23.080876
全优加早教・托育(四季花园校),花地大道中246-1号,113.232693,23.07281
托育早教,花蕾路与花地大道北交叉口西北20米,113.233224,23.092007
贝安斯早教托育中心,凤凰北路25-4号,113.233496,23.393171
广东睿托育教育研究院附属六一托育,金道花苑北2门旁,113.233735,23.072802
童景托育园,珠光御景壹号华誉三街2号,113.235474,23.109762
爱尔贝托育-早教(花都融创中心),凤凰北路76号-66(融创大剧院对面),113.235669,23.431185
全优加早教・托育（新塘凤馨苑校区）,永宁街凤凰城凤馨苑一号门岗(进来右边50米处)综合楼,113.2359552,23.11071379
万锦国际儿童中心,天贵路108-151号,113.2362833,23.41713022
早教托育,开拓二横路中海花湾壹号,113.236361,23.066813
贝贝伴国际早教?托育中心,鹤洞路中海花湾壹号锦佳华庭C6栋2层204-212号,113.23706,23.068604
喜宝幼儿托育中心（龙珠校区）,龙珠路18号金色华庭首层东面商铺（金信广场入口进入20米）,113.2372387,23.40797679
康悦托管培育中心,天贵路50号美华新村3号楼商铺（五洲幼儿园隔壁）,113.2373477,23.39526731
龙脉托幼生活,沙园大街与沙园二街交叉口西北80米,113.2377576,23.4783235
灏睿教育托管中心,桥头直街47附近,113.2378,23.206299
自然树儿童之家 ・ 托育（花都凯旋门校区）,三东大道89号之二14号凯旋门商铺,113.2384452,23.42289329
优佳宝贝国际托育中心,中海花湾壹号锦观一街D6D7-118-121,113.238956,23.06917
全优加早教・托育(金升校区),逢源路128-1号2层全优加早教中心,113.239091,23.120968
早教托育,逢源路128号-1号金升商务中心,113.239216,23.120786
字游空间托管,下沙新村西大街七号,113.239343,23.21210659
山今早托萌学园,石围塘街道龙湾路2号首层110铺,113.2396123,23.11393442
疯狂龙博士托辅中心,校园路48号广州市康祥实业有限公司的,113.2396543,23.15973516
山今萌托,石围塘街道龙湾路2号广发商业大厦首层110铺,113.2397142,23.11383122
慧爱托育,石井街石安路181号,113.2409292,23.2151441
新爱婴早教托育(金碧新城园),金新一街58、60号石槎路金碧新城小区47栋2层整层,113.241013,23.204904
启点托辅中心,牌坊路52号,113.241778,23.20204343
多米国际儿童教育,内环路荔港南湾会所2-3楼,113.2422707,23.14707608
助宝优早教托育,南岸路荟文四街2号二楼（荔港南湾B栋二楼）,113.2422707,23.14707608
小熊托托国际儿童成长中心,紫薇路钻石豪园（东北门）,113.2423061,23.41616442
全优贝贝早教托育富力半岛校,富力半岛E2栋2楼,113.2424281,23.15322681
放我家家庭式社区托育园,广钢新城求实一横路紫郡府紫郡街17号734-735铺,113.243021,23.064426
图丁教育托管中心,幸福正街与幸福二巷新街交叉口西南20米,113.243868,23.122165
精诚托管中心,芳村大道中344-360B2栋401室,113.2450601,23.11292273
新爱婴国际日托中心（西i店）,花地大道中四季花园南门雨菊街15―17号四季中心三楼303号,113.2451924,23.08163416
安贝斯早教托育中心,凤凰北路25-4号,113.2454391,23.40402502
优学托,Y769（新庄小学西北侧),113.2457512,23.4886864
智慧教育托管,花山镇五星村七队6巷1号,113.24614,23.458411
六一托育园,金达街36号万象文化商贸城2楼,113.2468098,23.08430794
奥司日托,花地大道北壹号文化广场二楼2110,113.2473097,23.10707711
Tiny Hands 泰尼汉托育,黄沙大道御景一号（素会旁边）,113.2475096,23.12243537
左近儿童托育园,中山八路新虹街38-48号1090-1096房,113.2476136,23.13896092
RAE SNOW 瑞雪滑雪学校(广州融创雪世界店)（RAE SNOW广州融创雪世界店）,凤凰北路68号3楼瑞雪装备库,113.248244,23.43576556
爱尚育乐园,新都里25号,113.2485533,23.13648309
全优加早教・托育（四季花园校区）,花地大道中246号（1号线地铁坑口A出口500米）,113.2488435,23.08797068
比尔盖托育,东]街道浣南东街11-1号（坑口地铁站C口步行210米）,113.2492068,23.08828666
自然树蒙特梭利婴童学院（锦尚蓬莱校区）,花都区荔枝基路锦尚蓬莱北门一楼商铺（紧邻马鞍山公园南侧）,113.2493657,23.4036883
乐建托管中心,泮塘路种福园17号首层商铺,113.2494833,23.13494472
蒂芭卜托育中心(龙津园),龙津东路欧家园39号(新光城市广场背后),113.249766,23.123412
上步托儿所,上步花园A2栋21号（上步地铁站D口步行450米),113.2499134,23.18210251
午后时光托辅中心,蓬莱路与蓬莱正街交叉口西北80米,113.2500359,23.12574728
贝安亲（华发中央公园店）,华发中央公园省实旁,113.2500677,23.07729449
自然树儿童之家(广州花都豪利花园托育园),新雅街镜湖大道18号-7,113.251343,23.358735
自然树儿童之家托育?早教（花都豪利花园校区）,新华镇新雅街道镜湖大道18号-7,113.25149,23.35876
么么亲托育成长早教中心,横蚨路与富康路交叉口西100米,113.2517859,23.18659678
七彩点点托育・早教中心（广钢店）,白鹤洞街道鹤洞路中海花湾B区锦御二街9号207-212号,113.251834,23.08032817
奇乐青少年成长中心,鹤洞路广钢新城中海花湾壹号锦御二街B3-号122室,113.2518669,23.08043297
优仕学堂,蓬莱新街6号1层,113.2519114,23.1250321
培越托教中心,广州设计港彩虹座,113.2521701,23.14285823
全优加早教・托育（金升校区）,逢源街道逢源路128-1号2层,113.2524037,23.13230373
安安托儿所（西增路）,西增路裕农里52号,113.2525358,23.15565084
艾思乐早教托育中心,同德围横蛐履弦宦5号2楼,113.2526156,23.18356068
小鹿安迪托育早教中心,鹤洞路267号中海花湾壹号中海花湾天地购物中心F2层,113.2527739,23.080773
壹佰度教育,中海花湾壹号D区北门旁,113.2543424,23.08215926
新爱婴早教（石井店）,石槎路金碧新城47栋58号（金碧小学对面）,113.25438,23.21726316
圣德教育（石店）,龙基北路东七巷7号,113.2546715,23.17154421
贝亲国际托幼公学,石井街石槎路981号5层,113.2557304,23.211826
西村健苗托儿所,长宁街2号,113.2562807,23.15424979
大朗托育中心,大朗中路146号,113.2564119,23.25085214
全优加托育・早教(光大花园校区),榕景路61号榕景市场3楼全层(革新路公交站200米),113.256432,23.085838
巧思国际幼儿保育中心,荔湾区荔湾路97号动感小西关8号楼201室,113.2566952,23.14088811
明利富教育,珠玑路147号,113.2568344,23.12458182
Famic・稚安心托育园（广钢新城园）,崇文四路葛洲坝广州紫郡府734-735铺,113.2571182,23.07690405
小宇宙婴幼儿成长中心,开拓路锦绣香江花园布查特国际公寓1层102,113.2573147,23.08447123
宝宝托儿所（招村北街）,招村北街58号创意园南侧约90米,113.2577572,23.10603439
智慧熊猫,金花直街34宜盛商务中心2层208室,113.2578432,23.14384197
全优加早教・托育(汇侨新城校区),汇侨新城汇侨路41-47号弘达教育城二层211号铺,113.258036,23.198727
贝安斯国际托育早教(光大店),光大花园翠榕街1号302(农业银行楼上),113.258316,23.087321
学业有成,迎宾大道辅路与大华三路交叉口东约60米,113.2586798,23.40008892
沛儿乐托育中心,站前路西村四约大街9号,113.2591229,23.15276734
全优加早教・托育（华发四季校）,观云街1号103铺（岭南新世界五号门50米）,113.2606588,23.12203785
天衡优才,康王中路600号城光荟广场南区一楼116号,113.2606833,23.13631402
苌菁藤艺术托管中心,建设横马路2号宸宇大厦602-606室,113.2613985,23.3957658
信德教育托管中心,机场路航云南街38号集盛大厦二楼,113.26165,23.173448
昌华国际托育园,新都里2号首层,113.2618142,23.13968793
阳光学园,中山七路锦龙北1号（陈家祠地铁站B口步行200米）,113.2621256,23.1375675
全优加早教・托育,平沙I墩路与华灯街交叉口南120米,113.262127,23.242597
广船博悦托育中心,工业大道北沙园五一新村五一北17-18号首层,113.262264,23.088605
班尼特国际早教托育,解放中路470号(公园前地铁站A口步行210米),113.262586,23.124375
阳光金摇篮早教托育中心(沙园中心),宝业路骏园东街12号江南新汇2楼阳光金摇篮,113.262927,23.091483
蒂芭卜托育中心（龙津园）,龙津东路欧家园39号龙锦大厦斜对面启乐名德隔壁,113.262928,23.13537568
金睿家早教托育中心,宝业路骏园东街12号江南新汇商场2楼(中国移动右边楼梯进入),113.263358,23.091588
全优托教育,工业大道北与昌岗立交交叉口南40米,113.263797,23.084009
天歆教育,新都里与泮塘路交叉口西120米,113.264345,23.13041136
鲤鱼家庭式托育,保利紫云B1栋204室,113.2654311,23.20171237
豌豆园托管,西华路大兴街16号106室,113.2656255,23.14362538
全优加早教中心(广百新一城分校),宝业路8号三楼L3-02铺,113.266278,23.092706
乐之贝国际托育中心,棠景街汇景路93号,113.2670911,23.18235406
新果托幼园,双桥8号荔水街3号101房,113.2673849,23.18817992
优优小博士教育美式托辅中心,松柏东街68号三楼,113.268541,23.162509
无艺三语日托早教Arti School（光大校区）,沙渡路17号光大花园三期东门旁（GF名车俱乐部楼上）,113.2685738,23.09573688
非凡保姆光大花园托育园,工业大道76-78号君誉富力现代广场a栋1004房,113.2688619,23.10380421
广东省纺托儿所,工业大道北41-4号3号大院省纺宿舍内,113.2689452,23.10862692
文慧教育,心谊路51号,113.2690559,23.18247513
小黄帽托托屋,新雅街(合和新城)万和北路1-4号,113.2693842,23.38512354
俊程教育托辅中心,平安路与云龙路交叉口西100米,113.269631,23.167087
康恩托管教育中心,光孝路与中山六路交叉口东北100米,113.2697241,23.13756375
全优加早教・托育（光大花园校区）,榕景路61号榕景市场3楼全层（革新路公交站200米）,113.2697525,23.0985604
方圆・培乐思托育中心（大新路园区）,大新路280号大新大厦3楼,113.2701164,23.12835388
七田阳光早教 托育（汇侨中心）,新市街汇侨新城南八区汇桥中路1号208,113.2702791,23.21077577
天旭小可爱保育园,汇侨新城汇侨路14号首层101室,113.2702791,23.21077577
育才托管辅导中心(西华路),西一小学西北门旁,113.271285,23.047983
全优加早教・托育（汇侨新城校区）,汇侨路41-47号弘达教育城二层211铺,113.2714468,23.21093924
汉美贝儿医育教三语托育园,龙福路2号,113.2720351,23.11560257
优乐托育&游泳中心,宝岗大道翠城花园1号门新聚福茶楼二楼,113.272132,23.083261
全优加早教中心(燕岗校),工业大道中路364工商银行楼上2层,113.272313,23.074556
佑升辅导,中山六路惠吉东路17号1楼,113.2725757,23.13847961
新木未来国际保育园(拾桂府园)早教托管日托中心,珠光路43号粤海得邻商场三楼3001,113.27384,23.118539
和乐戴蒙托育中心(保利花园校区),工业大道中400号保利花园内(原保利花园会所),113.273844,23.072192
FAMIC放我家托育・早教(富力城园),丽城路富力城B6栋102室,113.2740088,23.25664276
新目标托管中心,清布村清潭小学旁边,113.2744283,23.39381248
小状元托管,梅花街共和五巷30栋101室,113.274482,23.17080144
比泡乐儿日托中心（南田店）,龙骧大街四间巷34号,113.2745488,23.11235892
翎荟学院,宝业路576号-6,113.2749422,23.10388458
全优加早教・托育（平沙富力城校）,均禾街平沙I墩路7号11201室,113.2751111,23.25397248
朗星托管,群英大街13号附近,113.2752447,23.16810698
思脉特国际早教育托（同创汇校区）,宝岗大道183号103号铺,113.275357,23.11411949
广东托幼教育有限公司,民安路十三街东乡托幼中心,113.275609,23.037706
班尼特国际早教・托育（公园前校区）,解放中路470号（回民小学北校区旁）,113.2757586,23.13689421
嘉铎教育国际托幼,信雅路与信裕路交叉口南160米,113.276284,23.084731
宝园教育,贤藏街67号1层,113.2763088,23.13612152
思学微塾,仁厚直街4前锋商务楼F1层,113.2764927,23.11394497
一心教育,解放北路金桂园C6-104A,113.2765602,23.1640112
全优加早教・托育(越秀分校),中山四路芳草街22号雍雅园2楼(地铁1号线农讲所C出口),113.277449,23.127871
翎羽托管中心,沙园三街南一号103室,113.2775717,23.09804818
全优加早教・托育（越秀校）,中山四路芳草街22号雍雅园2楼（地铁1号线，农讲所C出口）,113.2776,23.12786
吖哆哆国际婴幼儿托育中心新塘社区园,凤凰北横路230-232号,113.27785,23.14163864
爱尔福婴幼中心（广州中航城）,青星街122号201-213,113.27785,23.14163864
班长之家,莲花山海鸥桥底,113.27785,23.14163864
晨曦幼儿托管中心,沧头华东五巷2号,113.27785,23.14163864
德信托管辅导中心,新塘新村北街路7号,113.27785,23.14163864
飞屋牧童托育园（金穗雅园店）,穗和北街6号204房,113.27785,23.14163864
荟俊托管辅导中心,桥南路一巷10号,113.27785,23.14163864
晋级托管,奥园金莎广场银座103铺,113.27785,23.14163864
乐洋洋智慧托管（亚运城天韵店）,兴海路93号11栋107号,113.27785,23.14163864
七彩缤纷托幼中心,石塘石一街18号,113.27785,23.14163864
七田阳光早教中心,城景大街1号201房,113.27785,23.14163864
启航托管班,民生路三街,113.27785,23.14163864
清华托管,井三新内街12号,113.27785,23.14163864
闪之星托育早教,朱村街东100米,113.27785,23.14163864
树人托管教育连锁（全国第1136分点）,星盛西街5号101房,113.27785,23.14163864
童映学堂,共和八巷18号,113.27785,23.14163864
威威猫岭南新世界托育中心（威威猫儿童成长中心）,集雅街86号C8栋101室,113.27785,23.14163864
未来星托管中心,永发路5-21号,113.27785,23.14163864
五六点智慧托管,藤业一路三街39号铺,113.27785,23.14163864
向日葵托管辅导,边岗西路9巷6号,113.27785,23.14163864
小豆苗双语早教托育中心,兴乐大街4号,113.27785,23.14163864
小木客儿童之家,峻峦一街18号B13栋101房,113.27785,23.14163864
新爱婴早教中心（广钢校区）,锦御三街1号202、203,113.27785,23.14163864
学思托管,丹桂园大街9巷7号,113.27785,23.14163864
烨子早教托管中心,茅岗坑田祠堂街2号,113.27785,23.14163864
一心托辅中心,三堂路四巷1号,113.27785,23.14163864
早教托管,大石江丽九街,113.27785,23.14163864
子悦童行托管・兴趣・辅导,团结路8-11号101室,113.2781648,23.39956253
托儿思,员村西街与乐学街交叉口西南约80米,113.2785153,23.23443479
广州贝贝家音乐托育中心,白云大道南1033号东方明珠花苑南门东侧50米,113.278695,23.18448
思培学研社,五一新村大街南16号（沙园地铁站C口步行250米),113.2791347,23.09794089
全优加早教・托育（广百新一城校区）,宝业路8号三楼L3-02号铺（广百商场左侧三层）,113.2791551,23.10617941
乐育邦早教托育中心,广卫路金科大厦407（公园前地铁站出入口步行280米）,113.2793327,23.13966414
雅萧托管中心,九石岭路与履泰西街交叉口北20米,113.2802858,23.20564404
方源教育,紫山大街32号江南新村第二小学东北门对面,113.2803182,23.10699588
乐童托管班,江南西路紫山大街33号103铺,113.2807629,23.10763457
贝贝加国际保育园托育早教,悦云路218号201铺（荷塘月色高尔夫社区卫生站旁）,113.2811518,23.20991646
中大育儿321教育机构（白云校区）,景泰街道飞翔公园a出口500m金钟横路333号2层,113.2813326,23.17995195
酷爱学托管,富基路富基广场-一期（市二宫地铁站B口步行490米),113.2819997,23.11872438
广礼学堂（北京路店）,同庆坊17号一楼,113.2826071,23.12179345
金睿家国际早教托育中心（雄峰城店）,105国道雄峰城B4馆3层3007号,113.2829777,23.23062286
无艺三语日托早教Arti School（高尔夫园区）,黄石路天云街35号高尔夫花园东区方圆东方学馆一楼,113.2830915,23.21458593
唐尼翰博国际日托中心（越秀店）,小北路越秀公园东门东秀歌舞台旁,113.2831405,23.15049116
春苗托管,小北路丹桂里15号302室,113.283157,23.14505235
非凡保姆・婴幼学苑・早教・托育・亲子・托婴（翠城花园店）,翠城北街3号海悦广场D座3012铺（农商银行旁）,113.2831759,23.09629664
方圆・培乐思托育中心（高尔夫园区）,黄石路118号高尔夫花园,113.2832596,23.21453413
南箕托儿所,南箕中约大街14号,113.2833865,23.07900877
祝博士托管,天香街4号,113.2834764,23.14580056
优贝乐国际儿童教育中心(海珠千禧校区),新港西路1号南边(晓港地铁站D口步行490米),113.283726,23.095849
班尼特国际早教・托育(嘉骏苑校区),白云路89号嘉骏苑,113.283811,23.119586
自然树儿童之家（海珠翠城花园托育.早教校区）,翠宝路168号翠城汇3楼（翠城花园北门旁）,113.2838663,23.09570047
美恩国际儿童教育（君汇天地店）,海珠区市二宫君汇天地二楼（上电梯左侧）,113.2839479,23.11709221
全优加早教・托育（白云区高尔夫校区）,翰云路287号二楼B区（方圆实验小学对面）,113.2842515,23.21048292
育才托管辅导中心（西华路）,西一小学西北门旁,113.2843106,23.06036693
明特教育（广园校区）,广园中路208号210室、211室、212室、227室、228室,113.2843822,23.17077159
华人教育托管中心,江南西路36号,113.2846352,23.10815676
NewHope蒙台梭利国际托育中心,黄石北路白云尚城一期会所一层,113.284708,23.212147
多向托管,小北路52号粮贸大厦F2层,113.2847193,23.14526715
FAMIC放我家托育・早教（东方文德园）,文德路东方文德广场,113.2850206,23.13604329
唐尼翰博国际日托中心（广州保利园店）,保利花园静雅街44号首层,113.2851355,23.08497166
迪文国际托育园(碧桂园店),洛浦街广州碧桂园环苑二街(康苑斜对面),113.285321,23.024433
卡吉熊托育早教中心,宝岗大道1377号建恳商务中心2楼,113.2854707,23.09628239
全优加早教・托育（燕岗校区）,工业大道中路364号2楼,113.2855544,23.08694876
托育早教培训书吧,时代玫瑰园1期西南1门旁,113.285775,23.223837
全优加早教中心(白云尚城分校),黄石北路51号白云尚城东门首层7号,113.285813,23.211675
优智托管中心,金信路77号,113.2864842,23.18887236
非凡保姆保利花园托育园,镜湖东街2号保利花园保利和乐国际艺术中心二楼207铺,113.2865722,23.0842863
新起步托管（榨粉街）,中山四路榨粉街88号605房,113.2865723,23.14156444
爱儿乐保育中心,工业大道中路373号之一,113.2876191,23.08600838
彩虹托管辅导中心,万福路106号,113.2876661,23.13298286
尚学堂奇遇浣熊早教托育,怡乐路78号瑜丰商务酒店一楼,113.288006,23.094695
蒙正托育,南华东路924号1楼（近中海名都西门）,113.2880952,23.12213796
培蕾阳光教育中心,德政中路130德悦居二楼,113.2884786,23.13319247
羊城教育,景云路45号,113.2885839,23.1775122
小豆苗托育中心,顺景商港西南门西北60米(石溪地铁站B口步行270米),113.288677,23.067133
爱玛托管班,象岗街与下塘新村二巷交叉口东南100米,113.2887089,23.15766485
宝贝加油站（有家托管中心）,下塘西路48-52号附近,113.2889092,23.15673473
国小安亲托管,象岗街34号,113.2889882,23.15659388
全A+少儿托管中心,桥南街南平路1巷号101铺,113.2890398,22.93753309
育青托管,沙湾街新洲村新地大街三巷4号,113.289117,22.90744
盛禾学舍,基立下道45号107室,113.2892587,23.11668471
广州极客思维教育科技有限公司（豪贤店）,豪贤路51号,113.289302,23.14246324
集德爱米国际托育园(淘金校区),华乐街道邮电中三街9号之一房,113.289328,23.134778
新爱婴早教・托育・游泳（中海名都店）,滨江街道纺织路名都一街1号3号206房（中海名都中门旁）,113.2893965,23.1232679
领悦教育,江南中街道江南中穗花新村13号（崴帝斯健身游泳会所旁）,113.289598,23.1081866
金领航托管理中心,两龙大街28号菜鸟驿站2楼,113.2898046,23.46330163
Kids life孩宝培育托班,江宝路390号,113.2905724,23.0973417
爱思托管中心,穗花南街8号,113.2906847,23.10771582
亲立方国际托育・早教中心,黄边北路7号亲立方国际儿童教育中心,113.290814,23.221825
正牌托管,清水濠9号2层（团一大广场地铁站A口步行450米),113.2909267,23.13126029
希蒙国际托育中心(淘金中心),淘金东路25-29号淘金华庭2楼,113.291637,23.141673
永曜北托管,东濠涌高架路越秀南社区,113.2916592,23.13141419
彩虹教育金贝儿托幼,民安路与东乡五街交叉口西南40米,113.2916938,23.05585014
米诺托育园,大石街安平路西12街2号锐强商业大楼112号,113.2918,23.010042
FAMIC放我家托育・早教,团结路与友爱路交叉口南60米,113.292193,23.139166
南浦幼儿早教中心,东乡广场东南（东乡二街）,113.2925468,23.05848539
婴幼托育,瀚林水岸西南1门北60米,113.292687,23.099131
子悦童行托管辅导教育,团结路8-11号101,113.293714,23.138747
素质托管中心,晓园路11号,113.2938749,23.10089371
呈长乐园,江夏村学校北路3号尚毅大厦311房,113.2940825,23.22193222
森诺托育园,东乡二街183号,113.2941118,23.05400936
全优加早教托育(港澳中心校),东风东路699号(区庄地铁站B2口步行490米),113.294333,23.131098
圣莎国际公学・托育（滨江中大元帅店）,滨江中路东沙街36号丽海雅居2层（华润万家隔壁）,113.294814,23.12150782
全优加早教中心,南洲北路2号201商铺(东晓南地铁站A出口旁边),113.294968,23.071128
广州市培才托育阳光乐园早教中心,大石街道会江村江丽二街4号,113.295408,23.010269
优贝特托育早教(云山中心),丛云路666号,113.295473,23.209533
迪凯沃全英国际托育园,江晓路与宝成街交叉口东40米,113.295672,23.068646
极客托管,新时代大厦,113.2958934,23.14505484
FAMIC萌宝堡家庭托育园(雅居乐滨江花园),雅居乐滨江花园,113.2960107,23.11996906
小不点天地托管中心,民兴路东大街金色童年幼儿城堡东北侧,113.2962327,23.05099085
小当家托育园,太和岗路20号,113.296499,23.142617
森侨国际托育中心,尖彭路408号,113.2966641,23.23798296
YOUBETTER优贝乐托育・早教（海珠千禧校区）,新港西路1号银华大厦首层,113.2967207,23.10862386
七田贝比托育早教中心,黄边北路时代玫瑰园二期汇贤街35号,113.2969442,23.23555468
NewHope,黄石街道黄石北路白云尚城一期会所一楼,113.2972328,23.2247201
比芯课后成长中心,华联创意园,113.2972766,23.23885439
全优加早教(华发四季店),观云街1号103,113.29731,23.229972
时代美育中心・小树丛托育（广州玫瑰园校区）,汇贤街1-261号单85号商铺,113.297458,23.23624515
爱尚园丁托管之家,盈翠路与东晓南路辅路交叉口东80米,113.2974753,23.10447791
优悦教育托育托管(丽江小学分教点),洛浦街道洛浦街105号国道大石段94号丽江花园特勤大楼,113.297477,23.034732
思润婴幼儿学苑(思润托育),星海园东南,113.297521,23.16261527
笑笑日托萌学园・托育（海珠区海印店）,天园路37号笑笑教育自由心岸校区,113.2975645,23.11780399
海青成长中心,新港西路38号,113.2979452,23.10487499
智晟国际托育园,较场东路35号盈泽苑D栋2楼,113.2980359,23.13694952
春草托管所,马岗顶北街与泰沙路交叉口南100米,113.2986195,23.09776044
德才托管,马岗顶北街与泰沙路交叉口西南80米,113.2986195,23.09776044
七彩点点托育・早教中心（石溪园）,工业大道南726号鸣翠花园四期二楼（石溪地铁站B出口麦当劳楼上）,113.2992026,23.07958544
全优贝贝早教托育（沁音校区）,淘金北71号恒华阁首层（城启恒华阁1楼）,113.2996394,23.15552404
自然树儿童之家（白云玫瑰园校区）,白云区黄边北路时代玫瑰园一期大门直对会所二楼,113.2996819,23.23726189
创想教育托管,东华东路388-7号首层,113.3000011,23.13395794
IQ博士,淘金街11号,113.3000785,23.15285159
明善托管中心,淘金街11-27号,113.3000785,23.15285159
汪嘟嘟的小院,淘金路淘金街20号-34号小区南侧,113.300503,23.15227593
家政托管,金碧二街金碧花园（石溪地铁站D口步行290米),113.3005505,23.08138334
金紫里步星托管,金紫里东街34号2层,113.3022125,23.09322993
集德爱米国际托育园,邮电新村中三街9号,113.3024074,23.14760692
童星俊华幼儿教育（海珠五凤园区）,东晓南路630号二楼,113.3025321,23.09256261
龙博士小禾苗双语日托,石壁街屏山东路56号之101-201室,113.3030152,22.97526492
唐老师托管辅导,友爱路一巷六号,113.3032057,23.15206226
汉美克医育教三语托育园（东晓园区）,东晓南路锦逸街2号101铺锦绣星城F2栋1楼（华润万家前行）,113.3035554,23.08579398
亲立方国际托育・早教（白云旗舰店）,黄边北路531号二楼201房（2号线黄边地铁站B出口200米处）,113.3036971,23.23424851
全优加早教・托育（颐景华苑校）,南洲北路2号201商铺（东晓南地铁站A出口旁边）,113.3038022,23.08634483
启航托管,友爱路9号之1号102室,113.3038055,23.15297294
心智成长托管,友爱路9号之102室,113.3038055,23.15297294
博泓儿童中心,富力・金港城金熙三街8-5号南区,113.3040132,23.23560631
童景托育（珠光御景壹号园区）,珠光・御景壹号华誉三街2号（拾翠洲幼儿园斜对面）,113.3040132,23.23560631
希蒙国际托育（淘金中心）,华乐街道淘金东路25-29号淘金华庭二楼整层,113.3044121,23.15375103
五六点智慧托管（晓港湾校区）,南洲路北文华街魅力港湾商业城208室,113.3052649,23.08281222
星星少儿托管中心,团结路54号,113.3053368,23.15249079
英才早教托育中心,洛浦街汇南广场东区B201号,113.3053511,23.04332616
贝贝育儿中心,环山路与围仔大街交叉口东北40米,113.3056001,22.97618486
心子宝贝（金玫瑰苑校区）,嘉瑞街金玫瑰苑,113.305653,23.07869786
童蕊托育中心,立新街江南美景二楼商贸中心201室,113.3058851,23.10357568
昂谷资优蒙氏国际托育早教,集俊街74号（岭南新世界优悦园K3栋2楼201号）,113.3062675,23.24394303
手拉手学社,竹丝岗大马路11号,113.3063516,23.1403762
伦顿国际托育园,江怡路258号(博雅国际教育集团A区2楼)),113.3063762,23.11235278
童希社托育TOPC,云鹤南街七巷1号1层(动物园地铁站B口步行290米),113.306491,23.13593
全优加早教・托育（港澳中心校）,东风东路699号一层,113.3068645,23.14355096
方圆・培乐思托育中心（竹丝岗园区）,竹丝岗四马路2号,113.3068744,23.13876323
创艺国际教育托育服务中心,朝阳西路84号二楼,113.306877,23.023946
亲呀呀精致智慧托育（岭南新世界园店）,集福街37号岭南新世界2D18栋201房,113.3070458,23.24460468
蘑菇松鼠早教・托育中心(生态园校区),钟村街骏新路锦绣生态园水云居五座会所一楼,113.307088,22.968639
KPF剑桥成长中心,百顺北路云门云悦2楼北塔L2-6,113.3071598,23.24752932
全优加早教・托育（嘉仕花园校区）,海珠区江怡路240号 二层自编202 房,113.3072469,23.11289874
雅提特早教托育,淘金家园会所（游泳池一侧）,113.3077378,23.15581705
Kids King双语托育馆,北环路397号,113.307827,23.046624
优师教育托管中心,东山街道署前路17号,113.3078858,23.13498602
培才托育,会江村江丽二街4号,113.3081819,23.02265849
优贝儿托育YOBE-锦绣生态园分园,锦绣生态园倚翠苑14座1梯103,113.308188,22.968741
阅景托育园,晴波路与渔唱街交叉口东北60米,113.308202,23.107585
FAMIC国际早教托育中心・小鲸堡园,黄花岗淘金东路138号御龙庭A栋（网球场旁）,113.3083286,23.15493256
洪悦托管,农林下路78-2号附近（区庄地铁站B1口步行140米),113.308517,23.14798613
宇曦托管,农林下路78号之二110房（区庄地铁站C口旁),113.308517,23.14798613
YouBetter优贝特托育早教云山中心,丛云路382-386号（仕馨月子会所负一层）,113.3085836,23.22154818
博尔斯教育精品托管,岗东路与石北工业路交叉口北60米,113.308637,23.016482
优佳贝尔早教托育中心,保利海郡花园海郡二街二栋二号楼107-112号,113.309058,23.0576748
Peter托育中心,华逸锦轩大厦西北门旁,113.309497,23.124256
朝阳托教中心,犀牛路犀牛尾村69号永建大厦一楼（区庄地铁站B2口旁）,113.309923,23.14472242
童未来成长中心,龟岗大马路6号粤港大厦三楼,113.3099624,23.34584368
全优加,番禺区洛浦路96号恒天商务大厦3楼,113.309968,23.037863
洛溪新城小学-知了托管,如意三马路与康宁东路交叉口东北20米,113.3102164,23.05475082
红梅托管,新1栋302室（近农林下路小学）,113.3106823,23.1454916
培正托管（培正店）,培正新横路21-23号,113.3107874,23.13032432
星宝童会托育早教园,水荫路118号,113.310943,23.144906
汉美克医育教三语托育园（黄花岗园区）,科苑东路117-118（地铁黄花岗B出口100m）,113.3109958,23.15264642
爱尔福蒙特梭利儿童之家托育（高雅湾园区）,滨江东路318号高雅湾门面2楼,113.3112656,23.11473976
培优文化托管,吉祥北园A区,113.3114661,23.05420808
骄子之家托管中心,烟墩新街21号,113.3116721,23.13386839
广州熹乐婴托育中心,寺右新马路南二街三巷8号101房,113.311952,23.117785
承希托育（黄埔佳兆业城市广场店）,佳兆业城市广场盛凯一街6-12号独栋（力宝格健身房旁边）,113.3121087,23.23571856
飞屋牧童托育园(滨江店),柏丽广场二楼,113.312463,23.103018
远大小状元学习中心,洛浦街百事佳花园临江楼二楼,113.3128006,23.04909951
优倍思托育早教中心,集益街集贤庄,113.3136689,23.24489133
宜庭托管,盈中路52号(南武小学旁),113.3140439,23.07986012
全优加早教中心海珠合生广场分校,叠景路223-227合生广场北区3层304、308号,113.314189,23.085858
培杰教育,盈中路62号,113.3144747,23.08029214
非凡保姆英豪花园托育园,盈丰路英豪三横街4号102、103房,113.3145111,23.08105118
手握手学生托管服务部,握山北东街8-1号,113.3146181,23.23699889
小红花,洛浦街道上村如意路3巷10号,113.3149497,23.05311102
爱尚教育招生办,东晓南路1433号（南洲地铁站D口步行300米),113.3150552,23.07688124
晋级托管学堂,福今路51号,113.3155124,23.14315821
优贝乐国际儿童教育中心(大石店),建华汇商业中心A座辛鸿大厦3楼,113.315571,23.02568
品学联萌儿童课后托管教育中心(大石富丽校区),大石镇建华路金山大厦104号,113.315602,23.026128
纽诺托育・早教,华利北二直街与华利路交叉口西北40米,113.315901,23.117975
蓝蝶国际托育滨江园,新港街道滨江东路562号蓝色康园正门,113.316034,23.11445752
贝尔安亲,东风东路776号外贸大厦B座2楼,113.3163031,23.14345918
全优加早教・托育(珠江新城旗舰中心),华就路21号寺右公馆二楼,113.316699,23.116375
范莎教育?英语阅读?托管（珠江新城店）,珠江新城华强路3号富力盈力南塔401,113.31732,23.12676
英翰国际儿童中心（洛溪店）,洛溪新城如意一马路122号,113.3175724,23.0522912
小花园优童托管,福今东8号之1-10福今东8号大院福今东8号大院之五101室,113.3177356,23.1419736
希蒙国际托育中心,环市东路476号金东环大厦二楼,113.3177729,23.14627676
翰贝诺国际幼儿学院・早教・托育,洛浦街洛溪新城北环路芳华会所1楼4-6号,113.3179118,23.05238557
子悦童萌国际园,花城大道20号202远洋大厦裙楼2楼,113.318036,23.118873
FAMIC放我家托育・早教（逸景翠园店）,逸景翠园西区华园居,113.3182119,23.09545806
江学教育辅导托管,横江干坑环村街西侧,113.318496,22.933595
明爱教育（第四分店）,胜石环村西路10巷2号,113.3194074,22.98909177
比泡乐儿日托中心（逸景店）,凤阳街道逸景南路378号二楼（逸景翠园中区南门口侧旁）,113.319488,23.09540353
蘑菇松鼠早教・托育中心（生态园校区）,钟村街道钟韵路锦绣生态园水云居5座会所一楼,113.3194918,22.98041305
育学教育,元塘路1号,113.3195729,23.02940985
婴幼儿照护日托,骏新路172号,113.3197479,22.98468963
家育护小托育早教中心,小资五街与小资四街交叉口西北280米,113.319829,22.985724
亲的时光托育院,朝阳西路77号,113.3198873,23.03559098
环球教育雅思托福培训中心(高端旗舰中心),体育西路103号维多利广场写字楼B塔28楼,113.320457,23.134971
乐学时校外托管服务中心,共和苑内（共和三巷46-48号首层）,113.3204741,23.13579439
田野教育,岗东路2号2层,113.3205654,23.03309072
龙博士双语托育中心,洛浦街如意路2号奥林匹克大厦首层113铺,113.3206099,23.05523967
赤岗托儿所,赤岗东约539号（宝佳商场对面),113.3208844,23.11081965
五六点智慧托管（NO.GD-广州-060店）,元塘路6号,113.3210583,23.02990922
广州小和子塾托园教育发展咨询有限公司,长华创意谷14栋1座,113.321059,22.966653
大拇指托管中心,大石岗东路19号的,113.321179,23.02818156
广州乐智之家托管中心,先烈中路105-1号（沙河顶地铁站B口步行320米）,113.3212847,23.15893127
广州阅景托育园（二沙岛园）,晴波路与渔唱街交叉口东北60米,113.3212983,23.11919114
欣欣托管（大石店）,岗东路55号附近,113.321572,23.03014099
加乐仕文化教育培训中心托管(南国奥园店),南奥小资天堂1座2楼,113.321668,22.982928
飞屋牧童托育园（海珠逸景翠园店）,逸景翠园映月街,113.3217049,23.09601259
澳美加全日托,环市东路500号广发花园幸运阁,113.3217658,23.14601973
知了托管,大石街岗东路4号2楼整层,113.32177,23.02888349
方圆培乐思托育中心,体育西路46号办公楼1-4层,113.321994,23.1295
东泽托管培训中心,寺右中街13号101室,113.3219972,23.13078279
明爱托管辅导中心,锦绣花园北区一座4号铺,113.3225615,22.98351988
明智教育,兴贤路大石小学北侧约30米,113.3227812,23.03005379
博美少儿托管中心,如意路广州市番禺区洛浦中心小学东北侧约30米,113.3228732,23.04766997
全优加早教・托育（洛溪校）,洛浦街96号恒天商务大厦3楼（洛溪大桥）,113.323037,23.04972349
U萌国际婴童学苑（杨箕店）,东泰路82号2楼A区,113.3235244,23.13755185
未来希望幼托,塘寮街沙东大街小区,113.3235678,23.16620449
笑笑日托萌学园 ・ 托育（海珠区滨江东店）,滨江东路893号丽景湾商铺三楼,113.3237684,23.11481078
乐星托管中心,水荫四横路61号102室,113.3239281,23.15934426
心子宝贝（叠彩园校区）,叠景路叠彩园会所,113.3239807,23.09790851
知了托管,上]如意路18号,113.3240969,23.04821434
同步堂托管中心,谢村环村南路64号附近,113.3246051,22.99739971
唐尼翰博保育园星汇园,汇岭街1号101越秀星汇金沙2期东北门旁,113.32461,23.1479145
新洲际教育雅思托福培训留学中心(中信广场总部),中信广场17楼1702(林和西地铁站D口步行80米),113.324851,23.141796
FAMIC放我家社区托育早教（富力东山园）,新天地街1号、3号、216房,113.3250864,23.13823947
南湖光孕未来国际托育中心,天河北路235号(林和西地铁站D口步行120米),113.325115,23.141996
佩奇小网红,环市大道西路大涌地铁站D出口旁,113.325154,23.14580876
童心托管辅导中心,水荫四横路65号101室,113.3251816,23.15977613
飞屋牧童托育园（海珠滨江店）,滨江东路912号柏丽广场2层,113.325615,23.11480873
小马快跑(天河环贸天地早教中心),天河北路239号环贸中心商场3层306商铺,113.326079,23.141808
喜洋洋托管,五羊北小区（广州市越秀区)寺右新马路寺右北二街五巷1号地02室,113.326112,23.13331027
学优托管班（五羊店）,五羊北小区A4栋地02室,113.326112,23.13331027
智慧树托管中心,五羊新城E18栋地03（五羊地铁站A口步行470米）,113.3261935,23.127924
太小阳托管,水荫二横路水荫路小学,113.3263428,23.1530054
安心托管,五羊北小区（7号门),113.3265877,23.13355916
童心教育早教・托育（大石店）,富庭新月一街1号106、107,113.3267868,23.03519158
童森双语托育乐园,东山街道寺右南三街三巷2号,113.326894,23.12910782
博艺托儿所,东平北路8号,113.3276556,23.26476893
纽诺托育・早教(客村园),赤岗北路与双塔路交叉口东南100米,113.32767,23.101302
启航托管中心,大石岗东路37号之一,113.3280706,23.03162927
朗阅托管中心,中海花湾锦佳四街6号115室,113.3284402,23.08644489
礼德园国际托育中心,天河区林和东路218号三层,113.328608,23.146583
YOUBETTER优贝乐托育・早教（大石校区）,广州番禺区建华路西街辛鸿大厦3楼,113.3286163,23.03744256
糖弥儿国际托育中心,东风东路860号锦城教育城二楼204号（浦发银行二楼）,113.3293435,23.13875636
托普教育(托普教育赤岗校区),广发街7号,113.329876,23.094978
童趣之家,华强路2号富力盈丰大厦a座,113.3299277,23.13759668
全优加早教・托育（珠江新城旗舰中心）,华就路寺右公馆西座2楼（近地铁5号线珠江新城B出口）,113.3299908,23.12797703
奇特小镇婴幼儿日托中心（大石旗舰店）,景华南路39号123铺,113.3302549,23.02657823
禾光美育日托・早教(天銮园),临江大道59号天銮A4-202,113.330272,23.114716
小小演说家专业思维演讲主持教育(优托邦时光店),花城大道84号猎德优托邦1座4层,113.330329,23.118215
全优加早教・托育（合生广场校）,叠景路223-227合生广场北区三楼304、308号（新蜃酆鲜谐。,113.3309465,23.10015576
厦蛲杏,沙蛑新1巷11号3层,113.3309473,23.0525847
全优加早教托育(一品湖山校),同和路御岭街37号,113.331001,23.214268
子悦童萌国际托育中心（珠江新城店）,花城大道20号202远洋大厦裙楼2楼（珠江新城地铁站出口）,113.331061,23.13057904
南雅苑托儿所,体育东横街62号,113.331088,23.128524
MORGAN KIDS HOME2早教托育英语,梅苑小区西门南100米（梅花园地铁站B口步行140米）,113.3312913,23.19328337
童果壹号贝贝托育早教中心（龙归店）,龙归永兴西环路2号,113.3315081,23.28108486
贝安斯国际早教托育中心,中盛路13号（沥虻靥站F口步行430米),113.3319634,23.06686013
迪凯沃全英文托育园,天寿路辅路与天润路交叉口西南40米,113.332227,23.142919
儒德托管,银利街285号,113.3325797,23.18090639
学贤托管,银利街285号,113.3325797,23.18090639
乐鲸灵婴幼儿托育早教中心（罗马家园校区）,南洲路88号盛典东街2号罗马家园会所三楼,113.3326016,23.07009836
优贝儿托育YOBE-祈福新倚湖湾分园,祈福新倚湖湾9座107,113.332658,22.954474
比芯课后成长中心,华穗路406号906室,113.3330347,23.13839778
十牛小镇（南国奥园店）,悉奥路商业街5座203室,113.333547,22.99620691
智趣谷国际托育早教中心,福翠路南国奥园悉尼商业街3座1-6,113.3335847,22.9971391
鸿学堂,江海街艺苑南路244号金影花园南门,113.3337524,23.10352031
未来童学・托育中心,瑞兴街41号时代花生二期时代物业旁（梅花园地铁站D出口300米）,113.3338337,23.17758959
金宝贝早教（天河北中心）,体育西路191号中石化大厦佳兆业广场二楼208,113.333886,23.15173236
正耕学星,陶庄路3号之5首层（天平架地铁站B口步行390米）,113.3343396,23.1735009
自然树儿童之家（祈福园区）,钟村街白云路11号长华创意谷2栋10号,113.3343749,22.97928353
星慧托育中心,星光大道西广州星河湾国际公寓首层,113.334461,23.024921
搏思特托管,石决路45号,113.3344698,23.20632581
优贝儿托育YOBE-祈福新B区分园,祈福新B区16街86号,113.334544,22.962857
Kids Home2摩根之家托育园,广州市广州大道北怡新路15号怡新幼儿园旁,113.3347912,23.18813495
乐斯母婴关爱托育・早教中心（珠江新城雅居乐中心校区）,华夏路26号雅居乐中心二层202房,113.3349528,23.13587543
博悦1-3岁婴幼儿托育中心,钟福广场南2号（弘雅幼儿园旁）,113.3359136,22.98057135
Cub land卡比园(天河北中心),龙口西路与天河北路交叉口北40米,113.335964,23.142006
全优加早教・托育(天河富力院士庭校),东莞庄路38号富力院士庭三楼,113.335975,23.151296
天树幼儿国际教育,远洋天骄广场B1栋2楼211室,113.336043,23.02668283
粤麓书院?国学儿童发展中心,大石街南大路2号百世家居F2层,113.336057,23.011042
童心圆早教托育中心（钟福广场店）,钟福广场教育城3楼,113.3361727,22.97863608
比特家托育中心(远洋店),远洋天骄b2栋209,113.336275,23.17417
搏雅教育托管(中明大厦),龙口西路100号中明大厦12层15层,113.336532,23.137435
抱抱熊托育中心,龙口西路198号,113.336907,23.137576
思培托育（育英校区）,钟村街钟三村大地塘隆辉创业公馆A座105107号育英小学,113.3376916,22.98572699
新加坡中英文双语爱童宝贝之家,天河北路中天购物城三楼,113.3378317,23.15380409
启航,钟村街钟三村一条树路9号,113.3379806,22.98650211
托育早教,天河北路与天景街交叉口西南60米,113.337985,23.141121
童旭托管服务部,白山西街4号（同和地铁站D口步行400米）,113.3380566,23.21200358
红黄蓝亲子园（白云店）,广州大道北怡新路139号301号铺,113.3382565,23.18773576
心子幼儿学苑,沿江东路126号,113.3382841,23.04048544
小马快跑（天河环贸天地早教中心）,林和街道天河北路ICC环贸天地L3-306铺,113.3394016,23.15318669
飞屋牧童托育园（海珠万达店）,广州大道南万达广场三楼,113.3396042,23.20656171
向阳托管,龙兴中路永兴小学南侧约110米,113.3412939,23.27895862
立智树启蒙早教中心（云景花园店）,广州大道北云景花园云景路1号,113.3417635,23.19732471
新爱婴早教托育,中新恒大山水城二期领峰南二街号,113.3418985,23.13347946
启迪堂国际育托中心,东艺路1号金谷生活馆2楼,113.342249,22.9701
壹禾教育・托管・辅导・成长中心,镇南路59号,113.342466,22.838639
几何马奇教育马奇熊智慧托管,天河北路侨林街51号侨林苑1期A栋首层,113.3426377,23.15543914
几米稚家,同和云裳丽影5B201房,113.3426746,23.2055885
精锐托育,教育大街与沙湾翠园东街交叉口东北20米,113.342968,22.906446
Peter家・托育中心（NO.GDGZ010店）,京溪路万科天河御品南区110铺,113.3429911,23.1926147
博雅教育(沙湾店),沙湾镇翠园东9街17号(沙湾中心小学对面),113.343051,22.906448
壹佰分托育中心,沙湾镇翠园西八街4号103,113.34313,22.906502
U萌国际婴童学苑（天河北校区）,天河北路421号首层自编120号（远晖商厦后门）,113.3432113,23.15425745
伟伦国际幼儿园,沾益直街168号,113.3435013,23.15980164
稚慧宝贝国际托育早教中心,沾益直街168号,113.3435013,23.15980164
耀森小屋婴幼儿家庭式托育园,金穗路保利・心语E栋706房,113.3435369,23.13365227
EZ BABY易婴国际儿童之家・托育・早教,京溪路219号3楼,113.3436469,23.19288803
前蔚托幼园,桃园路21号101房二层,113.3437562,22.90949226
彼芯课后成长中心（华阳中心）,信成南街宏景台三楼c区,113.3438773,23.15084488
五六点智慧托管,沙太南路鸿辉高级写字楼2楼201-204室,113.3444316,23.18322434
全优加早教・托育（一品湖山校区）,同和街御岭街37号首层,113.3447,23.22265172
安心托管（沙河塘寮街）,沙河大街左竹园14号,113.3452607,23.19113771
乐苑教育,赤岗恒信路149号,113.3453142,23.10571347
德宝教育（华阳校区）,信成小区6号,113.3454738,23.15121308
阳光托管（信成南街）,信诚小区信诚街12号201房,113.3454738,23.15121308
比泡乐儿国际托育(珠江新城园区),平苑街202号2层(潭村地铁站B口步行160米),113.345716,23.115742
森林托育园（缤纷汇店）,祈福缤纷世界,113.345887,22.98037333
育英托管中心,太和镇石湖村前路25号育英托管,113.345979,23.285973
育才托管辅导中心(沙坑大道),沙湾镇沙坑大道45号,113.346249,22.911801
学优托管中心,福兴三街福涌小学北侧约50米,113.346603,22.93168197
广州童学家托育早教中心,沙湾路与市良路交叉口南100米,113.347112,22.902915
纽诺托育・早教（天河北园店）,天润路御晖苑2楼,113.347276,23.15538098
励尚教育 大风车托管,石榴岗路信步中街43号,113.3474344,23.09980693
乐懿教育托管班,石榴岗路信步闲庭信步中街35号之二,113.3474748,23.09990842
笑笑尚学设计实验保育园 ・ 托育（珠江新城店）,猎德大道46-1号,113.3475239,23.13463686
星慧托育中心,星河大道西广州星河湾国际公寓首层大堂,113.3476366,23.03619762
锐思教育(优托邦长兴路店),长兴路13号优托邦驿站F2,113.34789,23.170202
欢乐多蒙台梭利早教托育（赤岗校区）,江海街道新港中路468号大院77栋78栋首层（地铁8号线赤岗站C1出口200m）,113.3479772,23.10678581
全优加早教・托育（天润校区）,天润路37号润华大厦2楼201室,113.3480222,23.15505487
凯园教育培训中心(优托邦长兴路店),长兴路13号优托邦驿站F2,113.348282,23.17024
天树幼儿国际教育（东莞庄店）,瘦狗岭路413号颐和大厦A1栋411单元,113.3482844,23.1603619
森林宝宝国际日托早教中心（龙口西校区）,石牌街道龙口西路71号贤人阁1楼103室,113.3484523,23.1478777
卡比园托育中心（天河北中心店）,天河北路561号JC金田广场三楼,113.349056,23.15309015
天衡幼儿学苑,龙口西路212号2楼君易艺术中心,113.3493493,23.14961263
非凡保姆-家庭托育-猎德晟府校区,海文路1号猎德晟府一区崇德楼301室,113.3493936,23.12662644
贝贝熊・晋级托管学堂（帝景校区）,龙口西路212号,113.3493985,23.14965953
全优加早教・托育（天河富力院士庭校）,东莞庄路30-34、38号三层301自编02,113.3498608,23.1634459
优贝乐托育早教,隔岗新大道九街与隔岗新大道七街交叉口东北180米,113.349869,22.988497
萌芽教育托管中心,同宝路星汇云城,113.3500053,23.21996304
小叮当托管中心,经述路京兆小学东南门东侧约40米,113.3500777,22.9177206
纽诺托育・早教(番禺万达园店),万惠二路与万博二路交叉口东南100米,113.350227,23.002491
乐鲸灵婴幼儿托育・早教中心（珠江帝景校区）,艺洲路825号（农业银行旁）,113.3503116,23.10886464
A课后托管中心,经述路1号102室,113.3504278,22.91777174
全优加早教・托育(番禺华南碧桂园校),南村镇华南碧商业二街1号201,113.351012,22.994334
优贝乐国际儿童成长中心(自在城校区),番禺大道北468-450号,113.351563,22.989398
福慧托管辅导中心,福涌村福兴路二街4号,113.3518221,22.9297101
亲子园太阳广场校区,天润路461号五楼,113.3523835,23.1554005
童景托育 霭德园区,蝶恋花路,113.352724,23.024555
广州天河区龙口西小学托管班（龙口西分店）,龙口西路穗园东街龙口西小学西门旁A幢505室,113.3532315,23.15149839
贝贝熊・晋级托管学堂（穗园校区）,龙口东路361号103室,113.3536396,23.15608791
金睿家国际托育早教中心（珠江新城店）,海业路3号,113.3540779,23.13488693
全优加早教中心(金沙御苑分校),沙湾镇中良路22号二楼(金沙御苑售楼中心旁),113.354347,22.91052
精品早教托育,中良路与市良路交叉口西北120米,113.354412,22.910377
大拇指托管中心（经述路）,经述路与岗心路交叉口东20米,113.3544378,22.92174635
童景托育,南洲路珠江御景湾,113.3546229,23.06123771
飞屋牧童托育园(番禺沙湾店),中良路14号一楼,113.354642,22.910014
全优加早教(五山校区),茶山路251-261号五山新天地二层205-209,113.354696,23.15094
贝德幼儿教育・托育・早教,天河北路626号301房自编之A08,113.3549885,23.15237857
布鲁姆国际早教托育中心,黄埔大道中148号海景中心首层,113.355002,23.124298
米娜英语托育园,天润路467金碧翡翠华庭商务楼五楼502室,113.355178,23.15489194
信德托育,旭晖园东南1门旁,113.355505,22.960493
贝儿倍乐早教日托中心,龙怡路89号广业植英创业园后座三楼B307,113.3556042,23.15640969
彩虹屋幼儿班,新村北街茶园岗综合市场东南侧,113.3561066,22.97647636
优贝乐国际儿童教育中心(番禺桥南校区),德贤路617号,113.35619,22.919946
几米稚家家庭式托育,祈福新B区16街86号,113.3562601,23.04309522
奇特小镇婴幼儿日托中心（金山谷店）,东艺路14号之4号,113.3563301,22.98149058
乐学堂教育中小学托辅(荟贤店),德贤路与中华大道交叉口西北220米,113.356408,22.916278
爱悦堡托育早教中心,东环街道东艺路金园广场,113.3565625,22.98771759
小恐龙学堂,洛浦街珠江花园别墅区琴江街4号,113.3569347,23.04334541
学敏托辅中心,江平二路22号2楼,113.3572064,23.00225718
A+教育托管中心,市桥丹桂园大街5巷11号,113.35733,22.946901
思苏卡尔早教・托育（金山谷校区）,东艺路36号203房（金山谷领仕花园西门二楼）,113.3576041,22.98132936
七彩点点托育・早教中心（金山谷园）,东艺路129号101,113.3576376,22.9891221
思苏卡尔早教・托育（旗舰校）,东艺路129号,113.3576376,22.9891221
环球教育雅思托福培训中心(白云封闭学院),大源北路康和山庄康和路10号,113.357764,23.256897
威斯康国际托育中心,陶育路82号暨南商务中心首层,113.3578533,23.14044258
自然树儿童之家(广州天河保利林海山庄托育园),龙洞保利林海山庄商铺自编1-4号(北门旁),113.358283,23.19201
JJB机智堡早托中心（金湖校区）,沙太北路金湖花园,113.3583059,23.21690481
精准教育托管中心(员村旗舰店),员村西街4号大院(侨颖苑)2层104,113.358646,23.119581
新摇幼托教育中心,太和镇谢家庄荫兰西六街1号,113.358696,23.303383
科翰教育（荔园新天地店）,西环路1502号荔园新天地F2层,113.3587318,22.93114027
英翰国际儿童中心（荔园新天地园店）,沙湾街西环路1502号荔园新天地5栋,113.3587318,22.93114027
佰分托育中心,翠园西八街4号103室,113.3589359,22.99690022
人之初托管,沙湾街道,113.3594705,22.91940596
向阳托管中心,登云大路兴旺街7号111室,113.359482,23.02688139
小状元托管辅导中心,万安村北斗小学对面,113.3595106,22.88726816
全优托管中心（沙坑大道）,沙坑大道43号,113.3595261,22.92322268
优学邦教育,背坪北五街柯木i大厦东侧约160米,113.3599665,22.91417809
小鲸妈妈托育中心,光明北路283号19-20,113.360072,22.952209
爱尔福托育早教中心,市广路238号誉瀛新天地誉瀛内街61号,113.360135,22.97882178
童学家托育中心,沙湾路与市良路交叉口南100米,113.3602403,22.91453987
小状元,富豪山庄小学北门西南110米,113.3605193,22.98552614
全优加精品早教托育(华景新城校区),华景北路187、189号二层201铺自编03商铺,113.360728,23.141754
飞屋牧童托育园（黄埔实地常春藤店）,黄埔开发区翠蔓大街2号,113.3608684,22.9562433
阳光名店(易发商业中心店),易发东街138号阳光名店,113.360995,22.940181
贝托芬托育园,兴南大道423号(员岗地铁站A口步行230米),113.361772,23.01601
尚学堂奇遇浣熊早教托育(番禺校区),兴南大道421号南村壹2层,113.361861,23.016219
全优加(隽悦园校),天府路161号隽园商务中心,113.361874,23.131134
蒙W儿童之家・蒙特梭利AMI（长隆店）,南村镇番禺大道北383号海印星h1栋103,113.3622092,23.01021931
英翰托育早教中心(桥南园),桥南街福德路790-804号,113.362238,22.922295
习乐托管中心,育龙路龙岐螺阳小学西北侧,113.3622958,22.93345703
爱迪儿托教中心,三角园路与里仁洞村占贤大道交叉口东南100米,113.3625468,23.00166463
嘉家托管,长兴路105A2栋505-506室,113.3625712,23.18054985
乐鲸灵婴幼儿托育・早教中心,南村镇兴南大道398号广州雅居乐花园雅逸庭(商业街4区205号),113.362608,23.009167
YOUBETTER优贝乐托育・早教（自在城校区）,南村镇番禺大道北644-650号（自在城市花园临街商铺）,113.3629428,22.99996701
太和早教佳杰儿0-3岁婴幼儿托育,大源街米龙村建业路52号湖景苑2层,113.362997,23.291163
巧多狮,番禺大道北555号,113.3630224,23.006083
全优贝贝保利花城店,保利花城西一街33号,113.3630347,23.30786496
小太阳托管中心,大罗村中约前街4号大罗小学正对面,113.3630616,22.97205371
育优托管,保利星海小镇（榄核二小正对面）,113.363799,22.84657509
优贝乐国际儿童早教中心(华景校区),华景新城景邮路8号115房,113.3638,23.138728
全优加早教・托育（华南碧桂园校区）,南村镇番禺大道北华南碧桂园碧华坊碧华商业2街1-8号之二楼A区商铺,113.3641334,23.00610426
暖心托管,长兴路天鹅花园A栋,113.3642306,23.18078628
华进教育托管中心,桥南街南平大街一巷五号,113.364572,22.924805
睿庭教育托辅中心(实验校区),桥南街顺宁路6号,113.364604,22.924553
中正,西城路287号,113.364887,22.94226171
成长学生托管辅导社,西城路281号,113.3649821,22.94228074
森本兔幼儿托育园,桥南街福景路1033号铺201,113.365207,22.919183
翱飞教育,大涌口大路兴贤小学西南侧约180米,113.3654977,22.91129097
翰礼堡托育早教(百仁教育城华景校区),华景新城会所(百仁教育城二楼),113.365937,22.927333
小鲸妈妈托育中心（翠湖中心校区）,黄埔大道翠湖山庄,113.3660871,23.13872663
智登宝贝,黄埔大道中翠湖山庄27-28号铺,113.3660871,23.13872663
萌芽教育（左边小学店）,环村东路左边小学东南侧,113.3661558,22.97735864
一嘉,西城路144号,113.366327,22.94282496
师路育儿托管,西城路181号,113.3666763,22.94291948
艾比家托育,富景苑8街17号,113.3666942,22.98112915
智托帮国际高质量托育中心(珠江俊园校区),枫叶路3号101-02铺,113.366712,23.136733
智诚保贝智慧托育,华南碧桂园锦翠苑A区二街26号,113.3667313,23.00688139
云熙教育,茶山路睿峰园一楼,113.3671028,23.15983006
爱而生托育学府,兴南大道187号富洲中心东塔首层,113.367243,23.02467724
飞屋牧童托育园（华南碧桂园店）,映翠桃园苑华南碧桂园翡翠苑B区3座G02,113.3673153,23.00672258
全优加早教・托育（金沙御苑校区）,中良路22号二楼（金沙御苑小区）,113.3674079,22.92276967
稚乐堂早教托育中心,大源北路2号纳佰源5G智慧金谷二期6-30号2层201-204（大源北路东）,113.3674794,23.26439322
乐臻托管,小洲村西成右五巷1号,113.3676113,23.06720039
汇景新城国际幼儿园(托育馆),五山街道汇景南路64号潮皇食府3楼,113.367888,23.147248
飞屋牧童托育园（番禺沙湾怡景苑店）,沙湾街中良路14号怡景苑,113.3682506,22.92190581
童学园国际婴幼中心,广州市天河区员村南街26号乐湾创意园3楼,113.368341,23.12381963
Sunny文化托辅中心,碧莲路222号,113.3685805,22.92758935
爱乐祺托育早教中心,太和镇米龙商业步行街2楼,113.3687631,23.30413902
升启教育,小洲村艺术大楼北楼4楼,113.3688569,23.07182352
优匠学堂,市桥镇丹桂园大街五巷11号（市桥北城小学旁）,113.369313,22.95895215
YOUBETTER优贝乐托育・早教（桥南校区）,德贤路617号-623号,113.3693439,22.93153962
五六点智慧托管,德贤路590号,113.3693957,22.92779539
智托帮托育早教（桥南时代柏林校区）,桥南街德贤路633号,113.3694361,22.93126933
晖扬文化艺术特色托管,玉兰东路与紫荆东路交叉口东150米,113.3694907,23.15139584
乐瑶园教育托管.辅导.艺术,德贤路604号（君华御府东门),113.3695597,22.92746952
米儿谷托育园（市桥店）,市桥街北桥路1号113-116号,113.3698733,22.95033204
斯宇托管,丹桂园大街与丹桂园大街一巷交叉口西北60米,113.3703925,22.95876791
精灵艺术托管中心,大源东路92号,113.3708311,23.25670528
育群托管班食堂（丹桂园店）,丹桂园大街四巷1号,113.371129,22.95908409
FAMIC放我家托育・早教（东方熹园店）,东方新世界・熹园,113.3711866,23.14111584
学诗教育,大广高速公路与金谷北路交叉口西北方向190米,113.3714322,23.46609285
阳光托管,大纲领幼儿园东南,113.3715054,23.3637135
大智森林,中山大道1100号,113.3717889,23.14984292
精准托管所,员村街道员村西街4号大院(侨颖苑)2层104室,113.3718886,23.13103594
自然树儿童之家（龙洞校区）,元岗街道龙洞保利林海山庄商铺自编1-4号自然树儿童之家,113.3721337,23.20171276
康乐托辅,康乐路92号,113.3725063,22.95630401
翌曦多元智能托育中心,馥佳苑华晖街2号101商铺,113.372508,23.1496149
一德托管中心,康乐小区康乐园一街,113.3726813,22.95773681
鸣人教育,繁华路90号,113.3726941,22.95397847
善学堂儿童成长中心,华景路126号福门阁二楼,113.372718,23.15167624
新爱婴早教托育（奥园广场店）,"福德路281号奥园广场乐活街3层（乐活街Halo Cafe旁,三号观光梯三楼）",113.3727385,22.93574938
聆稚国际托育早教中心,富华西路148号2楼（市桥地铁站B口步行420米),113.3730222,22.95892273
童话镇,三堂路南阳里小学（第二校区)东北侧,113.3732936,22.94701402
琴山艺术托育家园,东环街番艺花园六座首层1号铺,113.373322,22.952998
小叮当托管中心,康乐小区康乐园一街二座,113.3734236,22.95846932
小天才托管辅导中心,康乐路康乐园5号一座,113.3734267,22.95647293
思成托育辅导,市新路72号202,113.373731,22.958236
一加贝贝托育园,德胜广场东南1门西50米,113.373799,22.938842
晨童托辅,三堂路94号,113.3738756,22.94887837
全优加早教・托育（喜盈雅境分校）,桥南街道福景路716号（工商银行旁）,113.3739288,22.930177
南葵向暖托管中心,南城路343号103号铺,113.3741198,22.9280958
尚清教育,陶然庭苑南门旁,113.3742216,23.15412626
小鲸妈妈托育中心,市桥街光明北路283号19-20铺,113.3743087,22.96435248
乐鲸灵婴幼儿托育・早教中心（广州番禺雅居乐花园校区）,南村镇观景路194号景业大厦二层（招商银行旁）,113.3745139,23.02201829
诺诚教育中心,大西路132号,113.3745792,22.94777061
FAMIC放我家托育早教（市桥锦绣华庭店）,光明北路12号,113.3746039,22.95262531
童佳学习吧,大西路143号,113.3746607,22.94762719
全优加早教・托育（隽悦园校）,天府路161号205单元,113.3747055,23.14291582
sunny艺术托管中心,南城路343号喜迎雅静小区一层商铺,113.3747058,22.92928109
贝托芬托育,南村镇兴南大道421号202房,113.3747778,23.02762396
子安托育,光明南路1号青少年宫首层,113.374827,22.95071782
习优教育（大西路店）,三堂路南阳里小学（第一校区)西侧约50米,113.3748509,22.94834518
亲子林教育,天府路口叠翠台D座首层,113.3749333,23.14493548
慧优教育,南村壹号健康产业321,113.3750572,23.02747509
凡恩格林森林幼儿园,迎龙路1233号,113.3750784,23.22891506
博贤托管中心,员岗村后底岗北路一号,113.3751438,23.03399956
YOUBETTER优贝乐托育・早教（华景新城校区）,景邮路8号115房（华景新城）,113.3752503,23.15297677
英翰托育早教中心（桥南校区）,桥南街福德路790-804号,113.3753042,22.93414387
韵乐生活馆（先锋店）,光明南路111号,113.3757262,22.94956347
科翰教育,繁华路57号繁华中心三楼,113.3757738,22.95368336
君轩托教中心,光明南路97号,113.3758763,22.94929665
星火教育,繁华路57-103号金口岸大厦3楼,113.3759598,22.95364641
好苗子托管辅导中心,环城西路37号,113.3759723,22.95089401
博尔斯托管,市桥光明南路67号,113.3762707,22.94849008
蓝房子托管,光明南路51-53号,113.376386,22.94806977
全优加早教・托育（华南新城分校）,新城小区大平台二楼A208-A213层,113.3765028,23.12247371
嘉嘉托管,员村三横路18号之一（员村地铁站C口步行470米）,113.3765266,23.13199792
三点半互助托管中心,东沙村兴发路,113.3765726,22.97485532
巧多狮IB托育（华景园店）,棠下街道景邮路12号理想地公寓108铺,113.376913,23.15086074
稚德托育中心,良城北路28号101铺(良田卫生院对面),113.377033,23.356028
唯斯顿蒙特梭利儿童之家雅园,番禺区雅居乐观景北街75号101号,113.3776102,23.02342327
晓远托辅中心,桥南路南郊村顺宁路8号,113.37766,22.93659922
学通托辅中心,顺宁路3号,113.3780021,22.93661563
都挺好托育（哈街校区）,桥南街道南郊路162号,113.378192,22.93982888
森本兔婴幼儿托育,桥南街福景路1033号铺201室,113.3782152,22.93125084
心子绿学园,南村镇江南村江南桃园路4号,113.3784121,23.00401963
贝乐,南康六巷与顺宁路交叉口附近,113.3785018,22.93643569
芳草园托管教育中心,华景北路与景邮路交叉口西南40米,113.3787944,23.15291487
都挺好托育（市桥校区）,市桥街清河中路8号,113.3788695,22.94559967
沐洋瀚文,顺宁路与南康二巷交叉口西北20米,113.3789291,22.93689185
贝思少儿托管中心,南郊村B区南康大街4号,113.3790882,22.93684291
萌星托管（富城商场店）,捷进中路瑞华苑,113.3793641,22.96384885
韵乐生活馆・双语托管（桥东店）,东涌路130号,113.3797494,22.94856496
蒙奶奶国际儿童之家・AMI蒙氏托育早教,黄埔大道中海景花园A栋L层,113.3797992,23.13526054
如意教育,东涌路114号,113.3798398,22.94813711
全优加早教・托育（华景新城校）,华景北路187、189号二层201铺自编03商铺,113.379858,23.14631467
熊托邦・布鲁姆国际早教托育中心,黄埔大道中148号海景中心首层,113.379858,23.14631467
无忧托管辅导中心,东涌路90号二楼,113.3799963,22.9471614
金贝贝儿童看护点,龙洞东街110号,113.3800406,23.21105902
优智嘉教育,东涌路92号1楼,113.3800717,22.94748217
十牛城堡,迎星中路番禺儿童公园,113.3800831,22.97333797
一同学,顺宁路南郊村-B区,113.3800874,22.93672296
星辰教育托管,郭地大街松苑,113.380175,22.944081
班尼特国际早教・托育（嘉骏苑校区）,白云路89号201,113.3802812,22.96582127
立星托管,员村三横路东巷1号二三楼,113.3803878,23.13157142
抱抱熊托育中心,宸悦路2号1019-1023铺,113.380637,23.100949
乐鲸灵婴幼儿托育・早教中心（广雅灏湖校区）,国泰路雅居乐花园邻居36号自编1号,113.3808179,23.02153187
行知托管,南村镇广州雅居乐花园邻居一栋,113.3808179,23.02153187
博学托管培训中心,淘商城电子商务创意产业园西南门旁,113.3811363,22.94242181
奇特小镇,市桥街富都城捷进中路3号上轩广场F2层,113.3816615,22.96264358
利民托儿所,桥南街上奥东街6巷8号,113.3816646,22.94133546
奇特小镇婴幼儿日托中心（桥南江畔校区）,桥南街逸祥大街2号2层202号,113.3816646,22.94133546
智慧教育托管,市南路与运河直街交叉口东北40米,113.383022,22.916261
尚堂,桥南街道聚宝路3号,113.3830771,22.93456675
爱亲宝托育园,龙洞东路221号,113.3831101,23.21368404
小红帽托管中心,南庭路72号,113.3838275,22.93652491
红树林托育中心,广州市番禺区雅居乐花园观景路510号,113.3844031,23.01964891
筱葵园托管中心,棠东官育路与棠东村官育路交叉口北60米,113.384759,23.1271
旭升家庭服务部,二i西街1巷2号,113.3852319,22.92940099
十牛托育(剑桥郡校区),南村镇瀚澜一街38号2楼(板桥地铁站D口步行390米),113.385846,23.019991
传知学堂,德祥路8号,113.3859431,22.94632525
优博学,桥南街南庭路242号,113.3861547,22.93606856
Sunny文化托辅中心（锦庭店）,锦庭路236号,113.3862367,22.93604395
全优加早教托育中心剑桥郡校,南村镇雅居乐剑桥郡瀚澜一街48号201、301,113.386483,23.019659
全优加,涌口街雅居乐剑桥汇(板桥地铁站D口步行270米),113.386531,23.019583
小院儿学园0-3托育,鑫润花园九座101房,113.38654,22.947116
睿庭教育托辅中心,桥南街南庭路266号,113.3866384,22.93597611
芽米国际保育园,大丰路18号大丰汇创意园D栋201号,113.3867598,23.16167584
一加贝贝托育园,平康路德胜广场教育城715号,113.3869185,22.95137257
书童之家,荷光路38号棠新住宅小区3栋1楼,113.3869489,23.14443616
华蔚托育(东兴校区),大龙街政泰路37号,113.387028,22.927614
阳光小屋托管,祥安大街与德胜路交叉口西南20米,113.3871201,22.9470629
蒂芭卜蒙台梭利早教日托中心（天河店）,天河棠下智汇ParkB栋二层,113.3878392,23.15259842
五六点智慧托管,雍逸华庭东门西北130米,113.3885618,22.93597741
乐点熊(香港)托育・早教中心,绿茵街9号-102,113.388937,23.122042
博思托管中心,江南村南里路2号3幢301室,113.389653,23.00653982
爱尔贝国际托育・早教中心(骏景店),骏景花园绿茵街5号之二102铺(东御苑G3G4楼下),113.389791,23.123365
优贝乐托育早教（同创誉城店）,广州番禺区国泰路28号,113.3913085,23.02111818
乐鲸灵婴幼儿成长中心（剑桥郡校区）,雅居乐花园国泰路36号自编1（仁维天药房旁),113.3919194,23.01638738
种子学园托育中心,兴泰路38号,113.3920238,22.9448864
小太阳,兴泰大街与兴泰路交叉口西南160米,113.3922148,22.94363274
几米稚家,岑村华南御景园A17栋1层,113.3924605,23.18238636
FAMIC放我家托育・早教（保利天悦托育园）,保利天悦,113.3931816,23.11464066
初心童心国际托育园,保利天悦28栋301室,113.3931816,23.11464066
小东家托管综合服务中心,郭地大街一巷松苑,113.3936469,22.95687037
春田花花托管教育辅导中心,良田良狮路35号(良田二小新校区西侧200米十字路口陆安百货2层),113.394107,23.346792
启航托管中心,小塘坊新区大街与为民北路交叉口西220米,113.3947095,22.99983416
乐鲸灵婴幼儿托育・早教中心（琶洲新村校区）,海珠区琶洲新村商业广场1栋A栋2楼,113.3956664,23.11286405
hh辅导托管中心,南村镇樟边村隔田坊大街二巷8号之二,113.3961099,22.9967849
思润托育,市桥街平康路灏景轩商住楼首层,113.3970633,22.95207652
开轩文物托管所,棠德东横路棠德花苑,113.3970994,23.14631357
环球教育雅思托福培训中心(大学城校区),大学城中六路街1号广州大学城信息枢纽楼202A房号,113.397285,23.045142
一心国际早教托育中心,大学城信息枢纽楼二楼(大学城南地铁站A口步行390米),113.397314,23.045368
新洲际教育雅思托福培训留学中心(大学城校区),大学城明志杰街1号广州大学城信息枢纽楼808,113.397453,23.045315
天河区丰乐社区安亲托辅中心,中山大道棠东村官育路18号（棠东小学门前50米）,113.397477,23.14004101
腾艺安亲托管中心,雅居乐剑桥郡瀚澜一街20号之2号,113.3976816,23.03528508
FAMIC放我家托育・早教(剑桥郡园),雅居乐剑桥郡,113.39803,23.03752585
爱婴乐园・早教・托育园,政通路25号自编8号,113.3986434,23.01728502
全优加早教・托育(时代倾城校),南村镇南村东线路时代倾城商铺202号,113.398683,22.999109
禾光美育家庭托育・早教（琶洲园）,杨青路5号,113.3987496,23.10767388
小鲸妈妈托育中心（剑桥郡店）,瀚澜一街38号,113.399167,23.03229642
小院儿学园・0-3岁托育,富怡东路罗家村段鑫润花园九座101房,113.3991824,22.95919146
全优加早教・托育（剑桥郡校区）,南村镇雅居乐剑桥郡瀚澜一街48号,113.3993874,23.0321613
红太阳托管服务中心,文教西街27号,113.3996966,22.95771838
银袋鼠托育中心,棠下街道信华一街209号,113.3998142,23.14557649
大笨象托管中心,官育路棠东毓南路5号,113.4002822,23.13885582
东方托管中心,岑村松岗小区7巷2号,113.400952,23.16788791
金苹果看护点,岑村圣塘大街二巷23号,113.400952,23.16788791
智慧城托育中心,凌塘环村路与凌塘村上街东交叉口西北40米,113.401048,23.17024
金太阳托育中心,新岑五路云峰商务酒店,113.40109,23.170265
尚勤学托育中心,-高唐软件园高唐路凌塘村新街16-3号,113.401179,23.170182
乐点熊早教托育中心,绿茵街9号东御苑102号,113.4013193,23.13497666
悦享学成长中心,中山大道绿茵街9号,113.4014658,23.13472102
博雅托辅中心,南华路123、125、127号商铺,113.4020256,23.01718446
贝安斯国际托育早教中心,钟升路48号钟兴商业广场F2,113.402181,23.379611
爱尔贝国际托育・早教中心（骏景花园店）,绿茵街5号之三113铺,113.4028309,23.13557305
飞屋牧童托育园(中海康城店),中海康城风信街5号,113.403951,23.131945
启辰托学中心,乐宜路大同小学南侧,113.4040225,22.9050616
欣育托管,阳光假日园2层A29室,113.404515,23.14108264
水德之家婴幼儿社区托育中心,中山大道天朗明居西南门4号岗西侧商铺,113.4045938,23.13849953
亲仁托管,车陂路B12站,113.4051605,23.13096916
全优加(金海岸分校),大龙街金海岸兴泰东路傍江西村1号,113.406495,22.932866
广州市朵加婴幼儿托育有限公司,大岗镇兴业路23号5栋308铺,113.40672,22.804162
学而乐托管中心,大同村乐宜路51号,113.4074445,22.90397994
新星,沐陂西街三号大院西南侧约40米,113.4075492,23.16727789
纽诺托育・早教（番禺广场园）,亚运大道178号,113.4077508,22.9480589
阳光托管,榄元新街18-1号,113.4080317,23.20749588
子优教育课后托育中心,宦溪北路与桃园西路交叉口东80米,113.409356,23.117025
一心国际早教托育中心,大学城信息枢纽楼二楼（大学城南地铁站A口步行390米）,113.4100138,23.05752233
筱葵园托儿所管中心食堂（东圃店）,东圃小学门口对面二楼,113.4101812,23.12909683
广东奥林匹克会爱奇体育俱乐部(优托邦奥体店),奥体南路12号(优托邦购物中心迪卡侬对面),113.410496,23.134512
黄岗教育托管辅导中心,育英路31号,113.411,23.126899
森林宝宝国际日托早教中心（东景校区）,中山大道中128号东景花园C栋0201,113.4114056,23.13644811
非凡保姆联合北院托育园（东圃校区）,车陂北街28号之一联合社区北院3栋109单元,113.4122363,23.1409378
十牛小镇（阳光城市广场店）,兴业路与荔湾路交叉口东南20米,113.4135848,22.80808618
童心托管中心,青年路东兴楼3楼,113.413886,23.13068019
全国青少年科普创新教育基地(优托邦奥体旗舰店),奥体南路12号优托邦F2,113.413896,23.13039
怪兽充电(英卓思国际教育中心优托邦奥体店),奥体南路小Q儿童城2楼(必胜客楼上),113.414801,23.130188
FAMIC放我家托育・早教（中海康城店）,中海康城梧桐街3号,113.4148781,23.1476895
飞屋牧童托育园（旭景家园店）,车陂旭景家园旭景西街196号102房,113.4149278,23.14046728
益儿托管,旭景家园A区a9-102室,113.4149278,23.14046728
柚米国际教育中心(优托邦奥体旗舰店),奥体南路12号3期优托邦购物中心F2,113.415048,23.130247
飞屋牧童托育园（中海康城店）,中海康城凤信街5栋1层,113.4161178,23.14647313
提分王AI科技教育中心(优托邦・奥体超级Mall店),奥体南路12号优托邦・奥体超级MallF2,113.416726,23.131025
童心教育早教・托育,大龙街道傍雁路东湖洲花园3区1号楼首层,113.417092,22.932963
飞屋牧童双语托育（番禺金海岸店）,大龙街金海岸大道金海岸花园14座1梯101室,113.417345,22.94717882
来电(米娜凯威国际礼仪艺术教育奥体优托邦校区),奥体南路12号优托邦当季2层D220,113.417388,23.131313
好之星托管,钟落潭镇,113.417411,23.39799166
康源馆,太石村简太路233号20号,113.4179621,22.89673403
金智慧素质成长中心（金港湾购物广场店）,大龙街城区大道283号金港湾购物广场F2层,113.4187515,22.95013258
全优加早教・托育（金海岸校）,大龙街金海岸花园售楼中心旁（海岸公园）,113.4194333,22.93953249
FAMIC放我家・家大兰亭社区托育园,宦溪西路兰亭盛荟四季里商业街1号143-144号,113.4202504,23.12773123
牛油果童园早教・托育・体能游泳中心,兴泰东路98号金海岸花园,113.4210743,22.94324232
优立思文化成长中心,前进街桃园路1号,113.4222702,23.12395616
裕苑街九巷8号托管,大简幼儿园,113.4232006,22.88220578
领航托管辅导艺术培训中心,新村北街新塘小学南侧,113.4233333,23.17542943
天天向上辅导托管中心,西约新村大街利源超市旁,113.4246887,23.17463078
棒吉拉早教托育中心（天河中心）,桃园西路635号,113.4246981,23.13043531
艺墨托管中心,穗石村穗石大道38号,113.4250515,23.06159528
朵拉早教托育中心,环城北路北约坊二巷四横1号101、102（近龙美村委会）,113.426731,22.82235192
贝贝家音乐托育中心,白云大道南1033号东方明珠花苑南门,113.4285712,23.68188749
飞屋牧童托育园（番禺东湖洲店）,东湖洲花园C期17座103室,113.4289321,22.94380431
飞屋牧童双语托育（天河美林湖畔店）,桃园南二街194号204房,113.4289663,23.11960299
金宝贝早教（天河奥体中心）,奥体南路12号,113.4297706,23.14381993
星萌乐托育成长中心,汇彩路444号,113.4302145,23.12571112
童心教育早教・托育（东湖洲中心）,傍雁路东湖洲花园3区1号楼首层,113.4302356,22.9383928
明日之星托管班,新造镇新华路85号崇德市场对面,113.4320108,23.04849741
悦乐成长园,兴华路91号,113.4320108,23.04849741
桐文乐学,菁映路菁品园,113.4322166,23.12477224
圣果成长园托育早教中心（菁品园校区）,盈溪路2-12(双)号二层自编02号商铺,113.4323819,23.1269267
有家学堂学习共享空间（盈溪路店）,盈溪路149号3楼413-415室,113.4330666,23.12523244
学之社托管,长洲路257号,113.4339831,23.08868498
儒雅教育托管中心,石基镇富怡路17号,113.439157,22.958079
托育辅导中心,富怡小区3区东门旁,113.439761,22.958965
向日葵托管辅导中心（三稳涌西街）,文稳街与909乡道交叉口西80米,113.441903,22.89649528
筱葵园托管中心,吉山小学旁边,113.4419515,23.14397191
贝贝加国际保育园,金碧世纪花园会所4楼,113.4423942,23.12641101
培英托管,小乌新街234号,113.443135,22.87718303
筱葵园托管中心,东横一路宏泰创空间2楼209室,113.4433223,22.96380166
Care for kidz卡尔国际托育园,悦景路48号（KFC肯德基后门斜对面）,113.4434178,23.15377685
同学嘉一站式托教中心,联和街道富春山居B31栋负一楼102室,113.4436131,23.19683425
卓思托育&早教中心,团结村金龙路7号（即恒大一期旁）,113.4454576,22.96674454
广州澳学童心圆托育中心,开创大道3330号,113.447168,23.186243
俊才托管铺导班,聚龙苑西门北90米,113.4475469,22.96605889
全优家托管辅导中心,小龙村祠堂西街北二巷25号,113.4488598,22.97335196
飞卓托管教育,怡园西街16号101室,113.450133,23.102092
才智社辅导托管中心,茅岗路茅岗小学南侧约70米,113.4505202,23.12384997
可乐托管教育,怡园小区西街20栋,113.450577,23.102233
博雅托管中心,富怡路63号,113.4509911,22.96990602
Sunny艺术托管中心,教育街大龙社区西侧,113.4520519,22.9696843
儒雅托管中心,富怡路17号2楼,113.4522827,22.96964348
纽诺托育・早教,开创大道与科翔路交叉口南180米,113.452942,23.178422
雅智园幼儿托管中心,港湾西三街西200米,113.4538057,23.11450439
阳光教育托管中心,水门路25号三楼化龙镇水门路25号,113.45577,23.037426
向日葵宝贝托育园(东涌校区),东涌镇民康路9号2楼,113.456992,22.886028
大沙东托育园,石化小区东南门西80米,113.458547,23.107866
爱乐祺・国际托育早教中心(黄埔分中心),澳葡街115号201-205,113.458917,23.100297
领航托管,港湾一村13栋105房（大沙地地铁站C口步行470米),113.4589417,23.11228071
阳光托管,荔香二街23号附近,113.4594361,23.10995756
小太阳托管中心（港湾路西二街店）,港湾西二街3号（大沙地地铁站C口步行470米),113.459616,23.11251822
澳学童心圆托育园（金峰园区）,开创大道3330号之102号,113.4602749,23.19778964
明智托管,东涌镇盛发西街二巷6-1号,113.4635768,22.90072979
金太阳托管,盛发西街与东华街交叉口北20米,113.4640907,22.90050788
华外APEP爱培学园（优托邦店）,科学大道193科学城商业广场F2层,113.4656965,23.17934552
小象祥枫保育园,科翔路128号173-174室（地铁6号线金峰地铁站B出口，金峰城一楼）,113.4660041,23.18996027
一百橙长,金峰城128号,113.4660041,23.18996027
育德堂托管,市莲路与南荔东路交叉口西60米,113.468841,22.96195
恬雅・育苗圃蒙台梭利国际托育早教中心, 丰乐南路90号101（金逸雅居-恬雅蒙台梭利托育中心）,113.469421,23.10715688
童颜心童颜托育早教中心,大沙北路123号政法楼2楼201室,113.4704534,23.12075127
小宇宙托辅中心（潭山店）,潭山环村公路化龙第二小学,113.470848,23.01175907
贝贝伴国际早教・托育（黄埔中心）,保利中誉广场副座3楼（大沙东地铁站A口步行180米),113.4709809,23.11853548
全优加早教・托育（黄埔旗舰校）,丰乐南路402号平安银行丰乐路支行二楼（黄埔花园）,113.4710144,23.11062878
启航托辅,潭山小学潭山路65号,113.472759,23.01232774
启智托管班,潭洲潭山路14号,113.4750768,23.00906358
佳佳托管,大沙北路大沙东公租房,113.475903,23.12107775
文冲托教,步东商业大厦（大沙东地铁站C口步行490米),113.47686,23.11799944
姬堂小学-阳光辅导,黄埔街道姬堂小学,113.4775455,23.14338469
蒂芭卜蒙氏早教托育中心,香雪二路与汇星路交叉口西北60米,113.47784,23.175525
星光童乐汇早教托管中心,瑞东花园A东京栋中美新地教育城二楼,113.4784109,23.12043228
艾肯迪托育中心,水西路萝岗和苑H11栋一楼,113.479334,23.188212
启博托管,福南坊新村12巷1号2楼,113.4804954,23.03164534
同芯拖辅中心,海傍村民委员会,113.4809023,22.94053624
精英教育托管服务中心,市莲路与岗中路交叉口西北160米,113.480951,22.966821
金鹰宝贝国际托育中心,石化路219号文冲同创汇二楼,113.4827025,23.11778572
学生之家托管中心,文元石榴巷与牛地街交叉口东北约100米,113.4828263,23.11148766
AD KIDS CLUB恐龙园早教托育中心,亚运城天峰一区6栋110商铺,113.4856996,22.95732682
熊猫宝贝早教托育中心,石楼镇莲港大道22号一街701栋,113.486949,22.967528
蓓蕾教育咨询部,马岗大街石化小学东北侧约40米,113.4880116,23.11536709
酷爱学托管,亚运大道辅路与兴亚大道交叉口西行150米路南亚运城天成,113.4881778,22.95746244
阳光托管,红山街道姬堂乐善上街52号,113.4882621,23.1064698
贝贝亲教育托管辅导社,石楼镇建设路秀明街5号,113.48874,22.969688
秋石托育,莲港大道与建设路交叉口东北20米,113.489107,22.969007
五六点智慧托管（亚运城校区）,亚运大道1290号9栋103铺,113.4894669,22.95732356
鲸喜哆哆婴幼儿托育中心,石楼镇沙浦东路66号,113.490018,22.970682
卓盛教育托管中心招生,沙浦东路与沙浦东路五街交叉口西南20米,113.49008,22.97056
蒂芭卜蒙氏早教托育中心（保利香雪山店）,萝岗街道香雪二路96号,113.4908837,23.18725598
天湖晨曦艺术托管中心,康乐西路（太平第二中学西南侧),113.4932984,23.44698276
英莱恩国际早教托育,石楼镇乐羊羊路55号天oF2商铺5梯104-106号,113.494104,22.947802
华思教育（番禺校区）,兴亚三路与兴岭路交叉路口南侧（运动员村东南侧）,113.4952569,22.95923435
梦想家托管中心（市莲路店）,赤岗村青颍大街九巷2号,113.4952678,22.97966762
天天向上课后托管中心,蚧地街太平中心小学北侧约70米,113.4954116,23.44675567
乐涵教育亚运城校区,兴亚三路32亚运城国际区A区F2层,113.4969416,22.95640813
育苗托管辅导班,花园路七巷与花园中路交叉口东南40米,113.4978119,23.44378805
新爱婴国际早教中心（亚运城店）,石楼镇兴亚三路32-46号亚运城国际商业街B区三层,113.4991783,22.9570015
小渔托育,黄河路建发广场南侧约40米,113.4992466,22.97655463
熊猫宝贝早教托育中心,莲港大道22号一街701,113.4996437,22.97932381
小青苗灵性教育(广州旗舰园),黄阁万科南方公园S510,113.500402,22.806887
飞屋牧童托育园(萝岗锐丰店),荔红路锐丰中心7栋一楼,113.501352,23.173292
蓓蕾托育园,建设路与西门中路交叉口西40米,113.501874,22.974268
狮子王贝贝国际托育(户外花园旗舰店),萝岗科学城开创大道锐丰广场9栋3层全层,113.502254,23.17285
鲸喜哆哆托育中心,沙浦东路66号,113.5029953,22.98264461
智慧托管,石楼镇乐羊羊路38号亚运城天o1区7栋106,113.5037991,22.95873003
英莱恩国际早教中心,石楼镇乐羊羊路55号天oF2商铺5梯104-106号,113.5043339,22.95873486
自然树儿童之家托育・早教（海珠区保利花园店）,工业大道中400-13号2、3层,113.5044875,23.4588961
五六点托管（重文校区）,泰山路59号,113.5050909,22.97869429
狮子王贝贝国际托育（户外花园旗舰店）,萝岗科学城开创大道锐丰广场9栋三楼全层（香雪地铁E出口即到）,113.5051329,23.18537328
祝博士（亚运城校区）,兴亚三路147号3栋2梯109房,113.5066008,22.95710699
天才优儿（萝岗奥园广场店）,开创大道萝岗奥园广场F1层,113.5109039,23.18608601
启帆托管班（石楼清流村店）,石楼镇东窖桥候车亭隔壁,113.5129699,22.92042062
蒂芭卜托育中心（东荟城店）,瑞和路万科东荟城北门二街76号,113.5135162,23.17535511
飞屋牧童双语托育（万科东荟花园店）,东荟一街29号A1栋302房,113.5143466,23.17375102
飞屋牧童托育园（锐丰店）,荔红路锐丰中心7号楼,113.5143524,23.18606991
小博士托管班（麒龙西路店）,麒龙路与丹桂路交叉口西南160米,113.5172491,22.8434279
自然树儿童之家(广州南沙金茂湾托育园),黄阁镇金茂湾T3栋140号,113.518846,22.780641
廖龙摩托车配件店,九佛育贤路与黄山北路交叉口北20米,113.521051,23.350121
蓝蝶国际托育园南沙悠方园,翠瑜街与柳园路交叉口西120米,113.521848,22.798473
步]托儿所,海龙街增虿]村481号,113.5231054,22.94003948
金鹰教育托管班,黄埔东路2879号34栋,113.523984,23.087827
蓝精灵托管中心,夏园小学西南门西北50米,113.5302333,23.09377257
育凡教育托管,青年路东盛楼228号602室,113.531078,23.064055
自然树儿童之家托育・早教（南沙金茂湾校区）,金象中路金茂西二街1号138房-140房,113.5318073,22.79295268
蓝蝶国际托育园,翠瑜街11号悠方天地东区F栋二楼211C,113.5326377,22.8113729
飞屋牧童双语托育(南沙万达中心),南沙万达广场二楼,113.532995,22.79437
乐学托管中心,笔村中南坊街41号(东区小学正对面),113.5339058,23.12754532
十牛托育(金洲瞳心园),中大城创景街5号101(金洲地铁站A口步行240米),113.537726,22.793361
澳学拔萃国际早教中心,开源大道中海誉城北苑478号二层（靠近中国银行）,113.5381765,23.1757393
悠悠家蒙特梭利托育中心,丰庭花园,113.538896,22.789696
飞屋牧童托育园（黄埔万科山景城店）,长岭街道长岭路万科山景城东区M2栋,113.5392478,23.22328025
稚趣慧儿儿童成长中心,云埔五路玉泉学校西北侧约80米,113.5411429,23.17165042
幸福大本营托育中心,S378(九龙大道)福里街12号101号,113.541308,23.333128
小马快跑早教托育,凤湖四路与九龙大道交叉口西南180米,113.542452,23.329442
当乐娃国际智慧托育,凤湖四路与九龙大道交叉口西南140米,113.542504,23.329705
乐轩私塾,漫林街98号,113.5431054,23.17035177
爱乐祺国际托育早教中心,黄埔东路澳葡街115号201,113.5432728,23.09952992
瑞奇中小学托管辅导,东园六街南燕楼,113.5436565,23.07641446
FAMIC放我家（万科尚城2店）,丹水坑路万科尚城A2栋204房,113.5440407,23.1055483
FAMIC放我家托育・早教（万科尚城园）,丹水坑路万科尚城A6,113.5440407,23.1055483
飞屋牧童托育园（黄埔万科金色梦想店）,云埔五路万科金色梦想G13栋金梅街1号103号,113.544627,23.17505513
飞屋牧童托育园（南沙万达店）,双山大道万达广场二楼,113.54527,22.8070491
FAMIC放我家・家庭托育(绿地城园),凤湖中路广州绿地城,113.546758,23.32055
幼而学教育,海润大街30号,113.5478947,22.78954249
全优加早教绿地缤纷城校,九龙大道绿地缤纷城商城1层153-5,113.54804,23.323522
承希托育(黄埔旗舰店),佳兆业城市广场盛凯一街6号81012,113.548464,23.101909
飞屋牧童托育园(南岗佳纷天地店),佳纷天地二楼,113.548815,23.103404
小雪人托育中心,进港大道与珠电路交叉口西南约80米,113.552744,22.799035
幸福大本营,S378(九龙大道)福里街12号101号,113.5531613,23.350385
BCA乐娃国际智慧托育,凤湖四路万科・幸福誉南门东南侧约80米,113.5548655,23.34224798
祝博士,凤湖四路万科幸福誉南门底商,113.5548655,23.34224798
智多星托管,G9411广隆苑底商,113.5555392,22.79222592
悠悠家托育中心,广丰路1号（金洲地铁站出入口步行270米）,113.5569469,22.8094011
爱尔福托育早教中心,春晖一街22号2层,113.5573109,23.11920675
芮禾家早教托育园(珠江嘉园店),来安四街86号,113.557653,23.198059
南沙红黄蓝成长中心,金沙路23号星河盛世商场首层内,113.5577712,22.81630055
帕思教育,凤岗四巷77号e105号,113.5583235,22.79927879
卓聪托管,进港大道28号3楼,113.5604312,22.8121779
小柚子托育园,翡翠绿洲3期56栋104,113.560539,23.135885
FAMIC放我家托育・早教（绿地城店）,龙湖街道凤湖中路绿地城凤语湾6栋206房,113.5605654,23.33213661
亲呀呀精致托婴托育(翡翠绿洲校区),新塘镇陈家林路翡翠绿洲森林半岛一期23栋102号,113.560776,23.138429
爱乐贝多元智能托育中心,・保利爱特城南1门东50米,113.560892,23.15541281
全优加早教托育(翡翠绿洲校),陈家林路翡翠绿洲未来汇3楼整层,113.561225,23.131241
学生哥托管辅导中心,裕兴西街2号2/3楼,113.5612455,22.81123994
飞屋牧童托育园（黄埔佳纷天地店）,"凯盛大街1号佳纷天地广场L201,L202铺",113.5618416,23.11561118
博思特托管（一店）,宏明路99号101铺,113.5621181,23.12718055
COMBABY新爱婴早教・托育（黄埔知识城绿地店）,凤湖二路商业街S2栋2楼整层（中新绿地缤纷城外围靠河）,113.5623446,23.33608271
全优加早教・托育（绿地缤纷校区）,龙湖街道九龙大道中新知识城绿地缤纷城153-5,113.5623446,23.33608271
易学堂教育,宏明路91号,113.5626595,23.12742635
阳光托管,英贤路15号,113.56489,22.71896667
逸泉贝贝托育园,逸泉山庄逸泉贝贝托育园,113.565793,23.510508
育才托管辅导中心,新安路与隔塘新村大街交叉口西南20米,113.5673307,23.20167126
哈喽宝贝(豆豆乐)托育园,海伦堡大道2号海伦堡花园百仁教育城一楼,113.5694241,23.11265607
安心托管,新墩庄围路南安小学东侧约80米,113.5695614,23.12409874
优越教育,塘东路南安小学西侧约120米,113.5695614,23.12409874
芮禾家早教托育园（珠江嘉园店）,来安四街珠江嘉园,113.5703288,23.20926419
广州星芯托育(早教中心),新塘镇新世界花园美食街金昂二楼,113.570973,23.10924
吉子托英文托育,凤凰城凤荔苑一街一号305铺,113.571731,23.125805
慧知幼儿托管中心,新庄三街1-3号,113.5731124,23.2049108
飞屋牧童托育园（翡翠绿洲森林半岛店）,翡翠绿洲・森林半岛6号,113.5735851,23.1474464
彩虹托育,横江路与横江大道交叉口北140米,113.573619,23.585457
全优加早教・托育（翡翠绿洲校区）,陈家林路翡翠绿洲商业中心3楼,113.5746034,23.14276974
贝好国际托育(广州凤凰城园区),广场大街凤凰城交通中心广场步行街南2号之8,113.575742,23.125662
森林王国-托育服务中心,新塘镇花园东路6号(新世界花园1门旁),113.577164,23.108289
教育托辅中心,关围新村东北门旁,113.578992,23.554628
芮禾家早教托育园,布岭路万科里享家蔚来东门S13-210,113.5797179,23.20749939
亲呀呀精致托婴托育(增城凤凰城),凤锦苑二街18号101号,113.581906,23.15239
成长教育托管辅导中心,桑田一路32号礼加诚购物广场对面,113.582503,23.19869094
全优加早教中心(凤凰城分校),新塘镇碧桂园凤凰城凤晴苑星荟商业街1-2号,113.583323,23.158176
小鹿安迪托育早教中心,南沙街道听海街5街91011号,113.58375,22.74182
乐乐托儿所（旺城南路）,旺城大道88号,113.5861682,23.56722704
乐学之家培训托管中心,宁西市场兴旺街17号,113.5867225,22.75893342
一点通托管中心,镇龙村新围友新路7号,113.5896025,23.29159256
五年三班亲亲家园儿童托管,兴发大街169号2楼,113.589937,22.75952912
优贝乐国际儿童教育中心(从化校区),沿江南路182号201,113.590106,23.535064
菲格留学教育托管照相复印,南沙街富力华庭五街(富力唐宁B区北门145商铺),113.590395,22.764794
飞屋牧童托育园（凤凰城凤馨苑店）,新塘镇碧桂园凤凰城凤聚苑4街2座,113.5913657,23.13812205
Kids 'R' Kids南沙凯斯园,天翰街7号-101房,113.5916893,22.81086828
卓越教育托管中心,岗丰大道与中心村东路交叉口西340米,113.591782,23.153986
广州市圣瑞托育早教中心,景瑞街景瑞街8-12号,113.592434,23.536677
启萌园儿童托育早教中心,新塘镇东方名都一期1521号,113.593377,23.123956
飞屋牧童托育园（凤凰城天麓山店）,永宁街道凤凰城大道碧桂园凤凰城凤锦苑二街2号101,113.594087,23.16238962
圣约翰早教,永宁街道创盈路9号,113.595897,23.18872
小鹿安迪托育早教中心,南沙街道听海街5街9号珠江湾（八匹马广场旁）,113.5962926,22.75368774
番茄园托育中心,永和誉山国际写字楼融景一路12号101,113.596388,23.18928
花园教育,城内路与城内路一巷交叉口西约60米,113.5964298,23.55927579
全优加早教・托育（凤凰城校）,济广高速凤凰城星荟商业街1-2号首层（五号转盘旁）,113.5968517,23.17045499
优加教育托管中心,新塘白江小学(校前路东),113.597682,23.114034
兴安托管所,新村西路1号楼,113.5984235,23.56231267
东乡托幼中心,村四街十七巷一横巷23号之一,113.5984633,22.77388866
广州市.乐蓓儿托育园,江埔街河东南路210号,113.598564,23.534356
状元贝贝早教托育中心,新塘镇东进东路8号新都盛世名门会所二楼,113.598585,23.126766
小太阳托管辅导中心（北星路）,北星路北星小学-附属幼儿园南侧约50米,113.5996757,23.56824054
小星星早期托育中心,新垦镇红西一巷7号,113.60117,22.641491
托普教育(增城校区),汽车城大道华兴市场广发银行2楼,113.601174,23.137916
金睿家国际早教托育中心(新塘店),新塘镇港口大道336号群星新村南门,113.601319,23.128598
YOUBETTER优贝乐托育・早教（从化校区）,沿江南路187号,113.6032462,23.54653167
龙博士双语托育中心,沿江南路161号,113.6041394,23.54746924
蔚莳托育中心,大林边一路73、75、785号广园东东方名都沿街商铺,113.6055316,23.13729417
加蒙特幼儿园,汽车城大道330号,113.6060423,23.14915447
小豆苗托育中心,新惠路与创荣路交叉口东北100米,113.606841,23.195383
海洋之家,尚景路112号,113.6070887,23.54496077
优越托管辅导中心,龙井路9号,113.6102039,23.55570295
龙胜教育托管中心,田心校前街联和小学东侧约50米,113.611284,23.17533201
朗朗托管教育中心,荷花路与桂花路交叉口西南40米,113.613842,23.11516
全优加(新塘广场分校),新塘镇解放北路113号新星未来教育城2楼,113.614798,23.11609
益童教育,优山悦海美麓花园B7-110商铺,113.6179964,22.77196364
托颖教育,南香山小学西侧,113.61818,23.226839
小天使托儿所（新风路）,新风路与新市南街交叉口东20米,113.6189015,23.13017097
Tiny Hands托育(珠光山水御苑店),温泉镇大街苑雅街9号山水御苑小区,113.620917,23.592591
童景托育-珠光山水御苑园区,御苑雅街16号,113.621505,23.592696
创意教育托管中心,中新镇食饭台,113.6219298,23.30217648
育才托管中心,汇太东路181号,113.622742,23.13104
真棒教育(个性化辅导午晚托书法),大田村府南一路14号,113.623641,23.294602
铭鼋逃托管辅导中心,东涌七横街与东华大道辅路交叉口西北20米,113.625064,23.110116
新塘学舟托管辅导中心,桂花路新塘镇第二小学东侧,113.6261527,23.12726115
全优加早教・托育（新塘广场校区）,新塘镇解放北路113号新星未来教育城2楼（广发银行楼上）,113.6263439,23.13437867
小时光托管辅导,章陂村可园新街六巷14号,113.6265501,23.1701079
萌乐园少儿托管中心（荷花路）,桂花路与荷花路交叉口西南50米,113.6269575,23.12723795
树人托管教育连锁,新塘瑶田东联新街十巷1号,113.627195,23.139143
早教,学园街金钻城市广场东侧约30米,113.63185,23.29998341
BetterKids贝好儿童托育（凤凰城店）,新塘镇凤凰城广场步行南街2号,113.6330558,23.13186655
豆豆巴托育园,新塘镇敏捷锦绣天伦新绣一路3-5号共两层,113.638294,23.127731
开心托管辅导中心,瑶东街与东联新街一巷交叉口北140米,113.6396163,23.15198845
里享家托管教育中心,新塘镇锦绣天伦四街4-6号,113.640111,23.125318
书仁教育托辅中心,新沙大道北,113.640225,23.124825
贝艺托育园(天伦第三分店),新塘镇锦绣天伦新绣北路128街,113.640382,23.126644
梦想之家,福和小学路口,113.6451343,23.36891471
学托教育,裕华路与裕华一街交叉口西北180米,113.648488,23.123789
官湖幼儿托管中心,官湖村官湖路69-2号二楼,113.6498994,23.15458722
阳光托管（坭紫村前大路）,坭紫村洪圣涌五巷四号,113.6508033,23.12761556
名扬托管,泥紫洪圣涌路五巷4号,113.6536266,23.12780117
五联小学-小太阳托管中心,学校南路15号,113.6749746,23.33893574
腾龙托管中心,大敦村创新北路（顾康多药房),113.6812324,23.13730957
吉宏托管学堂,朱村大道保利中航城二期青星街72号商铺,113.6846362,23.28498056
贝安斯国际婴幼早教托育中心,元亨路31号,113.6927986,23.28273002
向日葵托管,"朱村大街117号（近324国道,朱村牌坊北550米）",113.695242,23.278188
先本教育托管中心,谷岭路1-3(朱村街中心小学正门出来左行0米),113.697285,23.279098
贝贝教育(托管)中心,恒安路与朱村恒福路交叉口东20米,113.702829,23.273386
佳一辅导,"朱村大街117号（近324国道,朱村牌坊北550米）",113.7068738,23.28862395
心乐梦教育,"朱村大街117号（近324国道,朱村牌坊北550米）",113.7068738,23.28862395
乐贝尔国际托育早教中心,规划一路与朱村大道东交叉口北约180米,113.747233,23.278819
亲呀呀精致智慧托育（增城豪园校区）,石滩镇碧桂园豪园翠湖苑四街49号,113.758108,23.21834845
金瑶篮优托教育中心,石滩镇麻车更楼环村路9号,113.772687,23.200814
育英托管,石滩镇麻车村江吓新村三巷39号,113.773188,23.198602
妈咪宝贝国际婴幼儿早教托育中心,石滩绿湖国际1期翠湖路2至6号,113.787958,23.20273
文亮托管辅导班,派潭镇文政路102号,113.7931431,23.50201053
精品早教托育,锦绣御景国际二期北门西140米,113.804583,23.292528
全优加早教中心(锦绣国际校区),荔星大道147号(锦绣御景国际二期),113.804608,23.292401
承希托育（兰亭盛荟校区）,环城高速兰亭盛荟・四季里商业街21栋一楼1036-1039号,113.8089738,23.20643227
今诺托管成长中心（碧桂园店）,荔城街荔星大道8-301-302室,113.8166473,23.30471704
全优加早教・托育（锦绣御景国际校区）,荔星大道147号（锦绣御景国际二期）,113.8190411,23.30419734
翰林优幼教育,荔城大道300号4层,113.8198648,23.30799462
倍优加托管中心,荔城街庆丰村洋溪村路7号,113.8199142,23.30879884
小布丁托管辅导中心,荔城大道洋溪村洋溪路东五巷4号,113.8199142,23.30879884
学无优托管中心,荔城大道241号,113.82031,23.3072797
小森林托管,陂吓路嘉汇・四季阳光东北侧约40米,113.8246415,23.30662961
乐儿堡教育(早教托管),光明西路84号,113.827433,23.28806
天天乐幼儿园(宏华路),宏华南路23-25,113.827645,23.298626
旭日托管辅导中心,光明西路江龙学校,113.8316423,23.1441997
展翅教育托管中心,富鹏小学对面,113.832037,23.301424
文烨教育托管(二小店),荔城街挂绿路南一巷六号,113.833235,23.288289
飞越教育托管中心,城北路西六巷7号(大鹏小学对面),113.83446,23.300017
爱德教育托管辅导中心,沿江东路与东境中路交叉口东80米,113.834851,23.274323
翰玛国际托管中心,荔景大道1号中区名门,113.8355547,23.30264693
卓知托管服务中心,荔景大道1-114号114号,113.8356972,23.3025036
开心托管,荔城街道荔城大道137号,113.8366795,23.30425969
鹿儿港婴幼儿托育园,增城大道2号1栋117室,113.837201,23.28533175
智航教育托管中心,五斗街11号智航托管中心,113.8440928,23.29523379
阳阳教育托管中心,塘园中路60号,113.8465507,23.31176075
雍学托管辅导中心,夏街大道17号,113.8469995,23.29711838
阳阳教育托管中心,东湖路南三巷12号,113.84879,23.287019
小学士托管,增江街增江路1号11栋首层,113.8564762,23.29793187
奇特小镇婴幼儿日托中心（时代倾城校区）,时代倾城194铺,113.8590642,23.29105811
燕燕幼儿托管所,高第村4号,113.9394847,23.4086512
