托育店铺,地址,GCJ02经度,GCJ02纬度,等级
小熊托托国际儿童成长中心,紫薇路钻石豪园（东北门）,113.2423061,23.41616442,"""NoClass"""
全优加早教・托育（新塘广场校区）,新塘镇解放北路113号新星未来教育城2楼（广发银行楼上）,113.6278533,23.12827185,"""教育"""
FAMIC放我家・家大兰亭社区托育园,宦溪西路兰亭盛荟四季里商业街1号143-144号,113.4202504,23.12773123,"""购物"""
稚乐堂早教托育中心,大源北路2号纳佰源5G智慧金谷二期6-30号2层201-204（大源北路东）,113.3674794,23.26439322,"""工业园区"""
自然树儿童之家托育・早教（南沙金茂湾校区）,金象中路金茂西二街1号138房-140房,113.5339054,22.79315296,"""地产小区"""
小鲸妈妈托育中心（剑桥郡店）,瀚澜一街38号,113.399167,23.03229642,"""门址"""
飞屋牧童托育园（锐丰店）,荔红路锐丰中心7号楼,113.5143524,23.18606991,"""NoClass"""
童心教育早教・托育（大石店）,富庭新月一街1号106、107,113.3319268,23.02628466,"""教育"""
狮子王贝贝国际托育（户外花园旗舰店）,萝岗科学城开创大道锐丰广场9栋三楼全层（香雪地铁E出口即到）,113.5151064,23.18548277,"""教育"""
米儿谷托育园（市桥店）,市桥街北桥路1号113-116号,113.3698733,22.95033204,"""门址"""
乐鲸灵婴幼儿托育・早教中心（花都锦城花园校区）,新华街花都永发路5号之七十八102铺-101,113.2026897,23.4336036,"""教育"""
自然树儿童之家（海珠翠城花园托育.早教校区）,翠宝路168号翠城汇3楼（翠城花园北门旁）,113.2826057,23.09608478,"""教育"""
全优加早教・托育（绿地缤纷校区）,龙湖街道九龙大道中新知识城绿地缤纷城153-5,113.5623446,23.33608271,"""购物"""
飞屋牧童托育园（南沙万达店）,双山大道万达广场二楼,113.54527,22.8070491,"""购物"""
红树林托育中心,广州市番禺区雅居乐花园观景路510号,113.3843338,23.01956978,"""教育"""
蒂芭卜蒙氏早教托育中心（保利香雪山店）,萝岗街道香雪二路96号,113.4908837,23.18725598,"""门址"""
爱尔福托育早教中心,市广路238号誉瀛新天地誉瀛内街61号,113.360135,22.97882178,"""地产小区"""
圣果成长园托育早教中心（菁品园校区）,盈溪路2-12(双)号二层自编02号商铺,113.4323819,23.1269267,"""门址"""
童果壹号贝贝托育早教中心（龙归店）,龙归永兴西环路2号,113.4317236,23.13465117,"""门址"""
贝贝加国际保育园托育早教,悦云路218号201铺（荷塘月色高尔夫社区卫生站旁）,113.2810119,23.210057,"""门址"""
英翰国际儿童中心（洛溪店）,洛溪新城如意一马路122号,113.3175724,23.0522912,"""门址"""
自然树儿童之家 ・ 托育（花都凯旋门校区）,三东大道89号之二14号凯旋门商铺,113.2384452,23.42289329,"""地产小区"""
自然树儿童之家托育・早教（海珠区保利花园店）,工业大道中400-13号2、3层,113.2866979,23.08378154,"""地产小区"""
伟伦国际幼儿园,沾益直街168号,113.3433465,23.15935459,"""教育"""
全优加早教・托育（汇侨新城校区）,汇侨路41-47号弘达教育城二层211铺,113.2710511,23.21103283,"""教育"""
全优加早教・托育（一品湖山校区）,同和街御岭街37号首层,113.3446264,23.22418187,"""地产小区"""
全优加早教・托育（黄埔旗舰校）,丰乐南路402号平安银行丰乐路支行二楼（黄埔花园）,113.4710144,23.11062878,"""地产小区"""
全优加早教・托育（锦绣御景国际校区）,荔星大道147号（锦绣御景国际二期）,113.8190411,23.30419734,"""NoClass"""
亲立方国际托育・早教（白云旗舰店）,黄边北路531号二楼201房（2号线黄边地铁站B出口200米处）,113.3036327,23.23440073,"""教育"""
班尼特国际早教・托育（公园前校区）,解放中路470号（回民小学北校区旁）,113.2769427,23.13812154,"""NoClass"""
FAMIC放我家托育・早教（金域蓝湾园店）,环洲二路倚水一巷3号金域蓝湾,113.2251189,23.16819787,"""地产小区"""
全优加早教・托育（白云区高尔夫校区）,翰云路287号二楼B区（方圆实验小学对面）,113.2833493,23.2107781,"""门址"""
FAMIC放我家托育・早教（金域蓝湾园店）,环洲二路倚水一巷3号金域蓝湾,113.2251189,23.16819787,"""地产小区"""
全优加早教・托育（白云区高尔夫校区）,翰云路287号二楼B区（方圆实验小学对面）,113.2833493,23.2107781,"""门址"""
自然树儿童之家（祈福园区）,钟村街白云路11号长华创意谷2栋10号,113.3803827,22.96464905,"""门址"""
糖弥儿国际托育中心,东风东路860号锦城教育城二楼204号（浦发银行二楼）,113.3243655,23.14296945,"""教育"""
FAMIC放我家社区托育早教（富力东山园）,新天地街1号、3号、216房,113.3275817,23.13867993,"""NoClass"""
全优加早教・托育（洛溪校）,洛浦街96号恒天商务大厦3楼（洛溪大桥）,113.323037,23.04972349,"""商务大厦"""
全优加早教・托育（金升校区）,逢源街道逢源路128-1号2层,113.2524037,23.13230373,"""门址"""
集德爱米国际托育园,邮电新村中三街9号,113.3021863,23.14731634,"""教育"""
英翰托育早教中心（桥南校区）,桥南街福德路790-804号,113.3753042,22.93414387,"""教育"""
未来童学・托育中心,瑞兴街41号时代花生二期时代物业旁（梅花园地铁站D出口300米）,113.3338337,23.17758959,"""门址"""
全优加早教・托育（华南碧桂园校区）,南村镇番禺大道北华南碧桂园碧华坊碧华商业2街1-8号之二楼A区商铺,113.3636033,23.03261451,"""地产小区"""
飞屋牧童托育园（黄埔佳纷天地店）,"凯盛大街1号佳纷天地广场L201,L202铺",113.5618416,23.11561118,"""NoClass"""
乐鲸灵婴幼儿托育・早教中心（广州番禺雅居乐花园校区）,南村镇观景路194号景业大厦二层（招商银行旁）,113.3745139,23.02201829,"""商务大厦"""
蒂芭卜托育中心（东荟城店）,瑞和路万科东荟城北门二街76号,113.513314,23.17442869,"""教育"""
全优加早教・托育（珠江新城旗舰中心）,华就路寺右公馆西座2楼（近地铁5号线珠江新城B出口）,113.3299908,23.12797703,"""地产小区"""
汉美克医育教三语托育园（黄花岗园区）,科苑东路117-118（地铁黄花岗B出口100m）,113.3109958,23.15264642,"""NoClass"""
爱悦堡托育早教中心,东环街道东艺路金园广场,113.3565435,22.98744091,"""教育"""
YOUBETTER优贝乐托育・早教（海珠千禧校区）,新港西路1号银华大厦首层,113.2965988,23.10837953,"""教育"""
欢乐多蒙台梭利早教托育（赤岗校区）,江海街道新港中路468号大院77栋78栋首层（地铁8号线赤岗站C1出口200m）,113.3503687,23.10592234,"""教育"""
童学园国际婴幼中心,广州市天河区员村南街26号乐湾创意园3楼,113.3684386,23.12436392,"""教育"""
全优加早教・托育（港澳中心校）,东风东路699号一层,113.3072049,23.14360206,"""教育"""
左近儿童托育园,中山八路新虹街38-48号1090-1096房,113.2480639,23.13945462,"""教育"""
英翰国际儿童中心（荔园新天地园店）,沙湾街西环路1502号荔园新天地5栋,113.3587318,22.93114027,"""购物"""
全优加早教・托育（燕岗校区）,工业大道中路364号2楼,113.28129,23.08668896,"""地产小区"""
广州阅景托育园（二沙岛园）,晴波路与渔唱街交叉口东北60米,113.3178886,23.12196441,"""旅游景点"""
卡比园托育中心（天河北中心店）,天河北路561号JC金田广场三楼,113.3470503,23.15573215,"""商务大厦"""
U萌国际婴童学苑（金沙洲校区）,彩滨北路江悦湾S1栋整层,113.2265911,23.18106635,"""NoClass"""
YOUBETTER优贝乐托育・早教（大石校区）,广州番禺区建华路西街辛鸿大厦3楼,113.3286163,23.03744256,"""商务大厦"""
助宝优早教托育,南岸路荟文四街2号二楼（荔港南湾B栋二楼）,113.2422707,23.14707608,"""地产小区"""
全优加早教・托育（天润校区）,天润路37号润华大厦2楼201室,113.3480222,23.15505487,"""NoClass"""
YOUBETTER优贝乐托育・早教（桥南校区）,德贤路617号-623号,113.3693439,22.93153962,"""门址"""
全优加早教・托育（金沙洲校区）,彩滨中路倚水街2号101-104、106-110、201-203房（地铁沙贝站）,113.2209237,23.16786127,"""购物"""
全优加早教・托育（金沙洲校区）,彩滨中路倚水街2号101-104、106-110、201-203房（地铁沙贝站）,113.2209237,23.16786127,"""购物"""
YOUBETTER优贝乐托育・早教（从化校区）,沿江南路187号,113.6032462,23.54653167,"""门址"""
BetterKids贝好儿童托育（凤凰城店）,新塘镇凤凰城广场步行南街2号,113.6330558,23.13186655,"""乡镇"""
乐鲸灵婴幼儿托育・早教中心（珠江帝景校区）,艺洲路825号（农业银行旁）,113.340514,23.11821944,"""NoClass"""
金睿家国际托育早教中心（珠江新城店）,海业路3号,113.3560166,23.13004076,"""购物"""
YOUBETTER优贝乐托育・早教（华景新城校区）,景邮路8号115房（华景新城）,113.3750194,23.15212516,"""地产小区"""
乐鲸灵婴幼儿托育・早教中心（琶洲新村校区）,海珠区琶洲新村商业广场1栋A栋2楼,113.3956664,23.11286405,"""地产小区"""
种子学园托育中心,兴泰路38号,113.3920238,22.9448864,"""教育"""
博悦1-3岁婴幼儿托育中心,钟福广场南2号（弘雅幼儿园旁）,113.3359929,22.97850427,"""教育"""
贝贝家音乐托育中心,白云大道南1033号东方明珠花苑南门,113.4285712,23.68188749,"""门址"""
笑笑日托萌学园 ・ 托育（海珠区滨江东店）,滨江东路893号丽景湾商铺三楼,113.3237684,23.11481078,"""门址"""
全优加早教・托育（四季花园校区）,花地大道中246号（1号线地铁坑口A出口500米）,113.2455107,23.08364542,"""地产小区"""
纽诺托育・早教（番禺广场园）,亚运大道178号,113.4077508,22.9480589,"""门址"""
自然树儿童之家托育?早教（花都豪利花园校区）,新华镇新雅街道镜湖大道18号-7,113.2633175,23.37271908,"""地产小区"""
爱婴乐园・早教・托育园,政通路25号自编8号,113.3986434,23.01728502,"""门址"""
YOUBETTER优贝乐托育・早教（自在城校区）,南村镇番禺大道北644-650号（自在城市花园临街商铺）,113.3629428,22.99996701,"""地产小区"""
承希托育（黄埔佳兆业城市广场店）,佳兆业城市广场盛凯一街6-12号独栋（力宝格健身房旁边）,113.3137606,23.09487403,"""购物"""
森林宝宝国际日托早教中心（东景校区）,中山大道中128号东景花园C栋0201,113.4114056,23.13644811,"""地产小区"""
U萌国际婴童学苑（杨箕店）,东泰路82号2楼A区,113.3226512,23.13946944,"""商圈"""
方圆・培乐思托育中心（高尔夫园区）,黄石路118号高尔夫花园,113.2832596,23.21453413,"""地产小区"""
U萌国际婴童学苑（天河北校区）,天河北路421号首层自编120号（远晖商厦后门）,113.3429124,23.15391959,"""教育"""
蘑菇松鼠早教・托育中心（生态园校区）,钟村街道钟韵路锦绣生态园水云居5座会所一楼,113.3194918,22.98041305,"""商务大厦"""
新爱婴早教・托育・游泳（中海名都店）,滨江街道纺织路名都一街1号3号206房（中海名都中门旁）,113.2893965,23.1232679,"""地产小区"""
全优加早教・托育（华景新城校）,华景北路187、189号二层201铺自编03商铺,113.379858,23.14631467,"""地产小区"""
圣莎国际公学・托育（滨江中大元帅店）,滨江中路东沙街36号丽海雅居2层（华润万家隔壁）,113.294814,23.12150782,"""地产小区"""
FAMIC放我家托育・早教（东方文德园）,文德路东方文德广场,113.2846639,23.1362003,"""购物"""
七田阳光早教中心,城景大街1号201房,113.270097,23.21103942,"""教育"""
AD KIDS CLUB恐龙园早教托育中心,亚运城天峰一区6栋110商铺,113.4856996,22.95732682,"""地产小区"""
七田阳光早教 托育（汇侨中心）,新市街汇侨新城南八区汇桥中路1号208,113.2702791,23.21077577,"""地产小区"""
小马快跑（天河环贸天地早教中心）,林和街道天河北路ICC环贸天地L3-306铺,113.3308602,23.14287105,"""地产小区"""
乐育邦早教托育中心,广卫路金科大厦407（公园前地铁站出入口步行280米）,113.2793327,23.13966414,"""商务大厦"""
FAMIC国际早教托育中心・小鲸堡园,黄花岗淘金东路138号御龙庭A栋（网球场旁）,113.3083286,23.15493256,"""地产小区"""
全优加早教・托育（金海岸校）,大龙街金海岸花园售楼中心旁（海岸公园）,113.4193902,22.94552929,"""教育"""
加蒙特幼儿园,汽车城大道330号,113.6066507,23.15000807,"""教育"""
全优加早教・托育（华发四季校）,观云街1号103铺（岭南新世界五号门50米）,113.2606588,23.12203785,"""乡镇"""
方圆・培乐思托育中心（大新路园区）,大新路280号大新大厦3楼,113.2701164,23.12835388,"""地产小区"""
COMBABY新爱婴早教・托育（黄埔知识城绿地店）,凤湖二路商业街S2栋2楼整层（中新绿地缤纷城外围靠河）,113.5580925,23.34286249,"""政府机构"""
新爱婴国际早教中心（亚运城店）,石楼镇兴亚三路32-46号亚运城国际商业街B区三层,113.4969019,22.95675976,"""教育"""
蔚莳托育中心,大林边一路73、75、785号广园东东方名都沿街商铺,113.6059393,23.13920516,"""教育"""
童景托育（珠光御景壹号园区）,珠光・御景壹号华誉三街2号（拾翠洲幼儿园斜对面）,113.3040132,23.23560631,"""门址"""
飞屋牧童托育园（海珠滨江店）,滨江东路912号柏丽广场2层,113.3257012,23.1148318,"""购物"""
全优加早教・托育（广百新一城校区）,宝业路8号三楼L3-02号铺（广百商场左侧三层）,113.2789894,23.10687008,"""NoClass"""
无艺三语日托早教Arti School（高尔夫园区）,黄石路天云街35号高尔夫花园东区方圆东方学馆一楼,113.2830915,23.21458593,"""教育"""
汉美贝儿医育教三语托育园,龙福路2号,113.2723227,23.11563215,"""教育"""
昂谷资优蒙氏国际托育早教,集俊街74号（岭南新世界优悦园K3栋2楼201号）,113.307725,23.24670733,"""教育"""
蒙・森谷国际托育中心,藤业一路58号（金沙小学南校区正对面）,113.2152809,23.15824935,"""教育"""
森侨国际托育中心,尖彭路408号,113.2966641,23.23798296,"""门址"""
小宇宙婴幼儿成长中心,开拓路锦绣香江花园布查特国际公寓1层102,113.2671883,23.11734692,"""教育"""
Kids 'R' Kids南沙凯斯园,天翰街7号-101房,113.5916893,22.81086828,"""门址"""
方圆・培乐思托育中心（竹丝岗园区）,竹丝岗四马路2号,113.3068372,23.1388051,"""教育"""
小象祥枫保育园,科翔路128号173-174室（地铁6号线金峰地铁站B出口，金峰城一楼）,113.4660041,23.18996027,"""地产小区"""
飞屋牧童托育园（番禺沙湾怡景苑店）,沙湾街中良路14号怡景苑,113.3682506,22.92190581,"""地产小区"""
全优加早教・托育（凤凰城校）,济广高速凤凰城星荟商业街1-2号首层（五号转盘旁）,113.5964929,23.16946168,"""教育"""
威斯康国际托育中心,陶育路82号暨南商务中心首层,113.3578533,23.14044258,"""NoClass"""
班尼特国际早教・托育（嘉骏苑校区）,白云路89号201,113.296693,23.13224246,"""教育"""
森林宝宝国际日托早教中心（龙口西校区）,石牌街道龙口西路71号贤人阁1楼103室,113.3482389,23.14808739,"""教育"""
范莎教育?英语阅读?托管（珠江新城店）,珠江新城华强路3号富力盈力南塔401,113.3304632,23.13062307,"""地产小区"""
爱乐祺国际托育早教中心,黄埔东路澳葡街115号201,113.4720207,23.11164261,"""教育"""
自然树儿童之家（白云玫瑰园校区）,白云区黄边北路时代玫瑰园一期大门直对会所二楼,113.2999376,23.23662745,"""教育"""
全优贝贝早教托育（沁音校区）,淘金北71号恒华阁首层（城启恒华阁1楼）,113.2996394,23.15552404,"""地产小区"""
FAMIC放我家托育・早教（凯粤湾店）,石围塘街道逸彩路29号凯粤湾C6栋105房,113.2272129,23.12732863,"""NoClass"""
童心教育早教・托育（东湖洲中心）,傍雁路东湖洲花园3区1号楼首层,113.4302356,22.9383928,"""地产小区"""
牛油果童园早教・托育・体能游泳中心,兴泰东路98号金海岸花园,113.4223963,22.94499608,"""购物"""
巧思国际幼儿保育中心,荔湾区荔湾路97号动感小西关8号楼201室,113.2550177,23.1414727,"""教育"""
乐鲸灵婴幼儿托育早教中心（罗马家园校区）,南洲路88号盛典东街2号罗马家园会所三楼,113.3326016,23.07009836,"""地产小区"""
棒吉拉早教托育中心（天河中心）,桃园西路635号,113.4246981,23.13043531,"""门址"""
七彩点点托育・早教中心（广钢店）,白鹤洞街道鹤洞路中海花湾B区锦御二街9号207-212号,113.2630174,23.09081947,"""商务大厦"""
山今萌托,石围塘街道龙湾路2号广发商业大厦首层110铺,113.2397142,23.11383122,"""NoClass"""
蒙W儿童之家・蒙特梭利AMI（长隆店）,南村镇番禺大道北383号海印星h1栋103,113.3623547,23.01195551,"""教育"""
金宝贝早教（天河北中心）,体育西路191号中石化大厦佳兆业广场二楼208,113.3339176,23.15123938,"""教育"""
时代美育中心・小树丛托育（广州玫瑰园校区）,汇贤街1-261号单85号商铺,113.2956776,23.23896344,"""地产小区"""
蒙奶奶国际儿童之家・AMI蒙氏托育早教,黄埔大道中海景花园A栋L层,113.3797992,23.13526054,"""地产小区"""
澳学童心圆托育园（金峰园区）,开创大道3330号之102号,113.4602749,23.19778964,"""门址"""
新爱婴早教托育（奥园广场店）,"福德路281号奥园广场乐活街3层（乐活街Halo Cafe旁,三号观光梯三楼）",113.3727385,22.93574938,"""餐饮"""
全优加早教・托育（颐景华苑校）,南洲北路2号201商铺（东晓南地铁站A出口旁边）,113.3079179,23.08354805,"""教育"""
蒂芭卜托育中心（龙津园）,龙津东路欧家园39号龙锦大厦斜对面启乐名德隔壁,113.2658194,23.13422885,"""地产小区"""
自然树蒙特梭利婴童学院（锦尚蓬莱校区）,花都区荔枝基路锦尚蓬莱北门一楼商铺（紧邻马鞍山公园南侧）,113.2493657,23.4036883,"""NoClass"""
乐鲸灵婴幼儿托育・早教中心（广雅灏湖校区）,国泰路雅居乐花园邻居36号自编1号,113.3743861,23.02200878,"""教育"""
贝贝伴国际早教?托育中心,鹤洞路中海花湾壹号锦佳华庭C6栋2层204-212号,113.2547223,23.08156592,"""地产小区"""
金宝贝早教（天河奥体中心）,奥体南路12号,113.4278949,23.14305013,"""教育"""
FAMIC放我家托育・早教（绿地城店）,龙湖街道凤湖中路绿地城凤语湾6栋206房,113.5605654,23.33213661,"""地产小区"""
非凡保姆・婴幼学苑・早教・托育・亲子・托婴（翠城花园店）,翠城北街3号海悦广场D座3012铺（农商银行旁）,113.2831759,23.09629664,"""商务大厦"""
安安托儿所（西增路）,西增路裕农里52号,113.2530551,23.15544757,"""教育"""
笑笑日托萌学园・托育（海珠区海印店）,天园路37号笑笑教育自由心岸校区,113.2992685,23.12574102,"""购物"""
新爱婴早教中心（广钢校区）,锦御三街1号202、203,113.2527326,23.08078791,"""教育"""
贝德幼儿教育・托育・早教,天河北路626号301房自编之A08,113.3549885,23.15237857,"""门址"""
全优加早教・托育（合生广场校）,叠景路223-227合生广场北区三楼304、308号（新蜃酆鲜谐。,113.3309465,23.10015576,"""购物"""
翰贝诺国际幼儿学院・早教・托育,洛浦街洛溪新城北环路芳华会所1楼4-6号,113.3179118,23.05238557,"""休闲娱乐"""
汉美克医育教三语托育园（东晓园区）,东晓南路锦逸街2号101铺锦绣星城F2栋1楼（华润万家前行）,113.3035554,23.08579398,"""地产小区"""
全优加早教・托育（金沙御苑校区）,中良路22号二楼（金沙御苑小区）,113.3674079,22.92276967,"""地产小区"""
巧多狮IB托育（华景园店）,棠下街道景邮路12号理想地公寓108铺,113.376913,23.15086074,"""地产小区"""
爱尔福蒙特梭利儿童之家托育（高雅湾园区）,滨江东路318号高雅湾门面2楼,113.3112656,23.11473976,"""地产小区"""
优倍思托育早教中心,集益街集贤庄,113.31239,23.24515419,"""教育"""
全优加早教・托育（天河富力院士庭校）,东莞庄路30-34、38号三层301自编02,113.3502978,23.1634951,"""地产小区"""
Little Light 立童园托育・早教,郭村路华发荔湾荟10栋108铺,113.222954,23.11852824,"""教育"""
中大育儿321教育机构（白云校区）,景泰街道飞翔公园a出口500m金钟横路333号2层,113.2813326,23.17995195,"""门址"""
FAMIC放我家托育・早教（逸景翠园店）,逸景翠园西区华园居,113.3193821,23.09595223,"""地产小区"""
粤麓书院?国学儿童发展中心,大石街南大路2号百世家居F2层,113.3494927,23.02163681,"""教育"""
七彩点点托育・早教中心（金山谷园）,东艺路129号101,113.3576376,22.9891221,"""教育"""
乐斯母婴关爱托育・早教中心（珠江新城雅居乐中心校区）,华夏路26号雅居乐中心二层202房,113.3349528,23.13587543,"""商务大厦"""
全优加早教・托育（隽悦园校）,天府路161号205单元,113.3746282,23.14279887,"""地产小区"""
英莱恩国际早教中心,石楼镇乐羊羊路55号天oF2商铺5梯104-106号,113.5070557,22.9600019,"""教育"""
FAMIC放我家托育・早教（保利天悦托育园）,保利天悦,113.2904247,23.14052165,"""教育"""
小院儿学园・0-3岁托育,富怡东路罗家村段鑫润花园九座101房,113.3991824,22.95919146,"""地产小区"""
红黄蓝亲子园（白云店）,广州大道北怡新路139号301号铺,113.3384171,23.18805177,"""休闲娱乐"""
智托帮托育早教（桥南时代柏林校区）,桥南街德贤路633号,113.3706544,22.93158373,"""地产小区"""
子悦童萌国际托育中心（珠江新城店）,花城大道20号202远洋大厦裙楼2楼（珠江新城地铁站出口）,113.331061,23.13057904,"""商务大厦"""
全优加早教・托育（喜盈雅境分校）,桥南街道福景路716号（工商银行旁）,113.3740764,22.93020492,"""教育"""
广州天河区龙口西小学托管班（龙口西分店）,龙口西路穗园东街龙口西小学西门旁A幢505室,113.3497482,23.15005685,"""教育"""
七彩点点托育・早教中心（石溪园）,工业大道南726号鸣翠花园四期二楼（石溪地铁站B出口麦当劳楼上）,113.2992026,23.07958544,"""地产小区"""
伦顿国际托育园,江怡路258号(博雅国际教育集团A区2楼)),113.3066757,23.11245318,"""教育"""
贝安斯国际早教托育中心,中盛路13号（沥虻靥站F口步行430米),113.3329749,23.07002429,"""教育"""
纽诺托育・早教（天河北园店）,天润路御晖苑2楼,113.347276,23.15538098,"""地产小区"""
水德之家婴幼儿社区托育中心,中山大道天朗明居西南门4号岗西侧商铺,113.4045938,23.13849953,"""地产小区"""
澳学拔萃国际早教中心,开源大道中海誉城北苑478号二层（靠近中国银行）,113.5381765,23.1757393,"""地产小区"""
全优加早教・托育（光大花园校区）,榕景路61号榕景市场3楼全层（革新路公交站200米）,113.2694232,23.09960301,"""地产小区"""
比泡乐儿日托中心（逸景店）,凤阳街道逸景南路378号二楼（逸景翠园中区南门口侧旁）,113.319488,23.09540353,"""地产小区"""
贝托芬托育,南村镇兴南大道421号202房,113.3745332,23.0277955,"""教育"""
全优加早教・托育（嘉仕花园校区）,海珠区江怡路240号 二层自编202 房,113.3072469,23.11289874,"""门址"""
蓝蝶国际托育滨江园,新港街道滨江东路562号蓝色康园正门,113.315659,23.11467129,"""教育"""
贝贝熊・晋级托管学堂（穗园校区）,龙口东路361号103室,113.3534751,23.15597993,"""教育"""
七田贝比托育早教中心,黄边北路时代玫瑰园二期汇贤街35号,113.2967222,23.23638986,"""地产小区"""
优贝乐托育早教（同创誉城店）,广州番禺区国泰路28号,113.3905073,23.02091585,"""商务大厦"""
贝贝伴国际早教・托育（黄埔中心）,保利中誉广场副座3楼（大沙东地铁站A口步行180米),113.4709809,23.11853548,"""商务大厦"""
全优加早教・托育（剑桥郡校区）,南村镇雅居乐剑桥郡瀚澜一街48号,113.3993874,23.0321613,"""门址"""
飞屋牧童托育园（翡翠绿洲森林半岛店）,翡翠绿洲・森林半岛6号,113.5735851,23.1474464,"""地产小区"""
Care for kidz卡尔国际托育园,悦景路48号（KFC肯德基后门斜对面）,113.4436623,23.15384592,"""教育"""
多米国际儿童教育,内环路荔港南湾会所2-3楼,113.2424408,23.14691172,"""教育"""
爱尔贝国际托育・早教中心（骏景花园店）,绿茵街5号之三113铺,113.4026304,23.13598655,"""教育"""
Kids Home2摩根之家托育园,广州市广州大道北怡新路15号怡新幼儿园旁,113.3340023,23.18793747,"""购物"""
万锦国际儿童中心,天贵路108-151号,113.2359421,23.42174245,"""教育"""
心子宝贝（叠彩园校区）,叠景路叠彩园会所,113.3240513,23.09812223,"""购物"""
唐尼翰博保育园星汇园,汇岭街1号101越秀星汇金沙2期东北门旁,113.2798423,23.14157616,"""区县"""
自然树儿童之家（龙洞校区）,元岗街道龙洞保利林海山庄商铺自编1-4号自然树儿童之家,113.3721337,23.20171276,"""地产小区"""
思脉特国际早教育托（同创汇校区）,宝岗大道183号103号铺,113.275357,23.11411949,"""门址"""
无艺三语日托早教Arti School（光大校区）,沙渡路17号光大花园三期东门旁（GF名车俱乐部楼上）,113.2685738,23.09573688,"""NoClass"""
美恩国际儿童教育（君汇天地店）,海珠区市二宫君汇天地二楼（上电梯左侧）,113.2841216,23.11724222,"""教育"""
乐点熊早教托育中心,绿茵街9号东御苑102号,113.4013193,23.13497666,"""NoClass"""
金睿家国际早教托育中心（雄峰城店）,105国道雄峰城B4馆3层3007号,113.2829777,23.23062286,"""道路"""
思苏卡尔早教・托育（金山谷校区）,东艺路36号203房（金山谷领仕花园西门二楼）,113.3576041,22.98132936,"""地产小区"""
蒂芭卜蒙台梭利早教日托中心（天河店）,天河棠下智汇ParkB栋二层,113.3885332,23.15258088,"""教育"""
JJB机智堡早托中心（金湖校区）,沙太北路金湖花园,113.3583059,23.21690481,"""地产小区"""
凡恩格林森林幼儿园,迎龙路1233号,113.3750678,23.22887877,"""教育"""
奥司日托,花地大道北壹号文化广场二楼2110,113.2473097,23.10707711,"""NoClass"""
贝贝伴国际早教・托育（黄埔中心）,保利中誉广场副座3楼（大沙东地铁站A口步行180米),113.4709809,23.11853548,"""商务大厦"""
全优加早教・托育（剑桥郡校区）,南村镇雅居乐剑桥郡瀚澜一街48号,113.3993874,23.0321613,"""门址"""
飞屋牧童托育园（翡翠绿洲森林半岛店）,翡翠绿洲・森林半岛6号,113.5735851,23.1474464,"""地产小区"""
全优贝贝早教托育富力半岛校,富力半岛E2栋2楼,113.2403689,23.15483995,"""教育"""
比尔盖托育,东]街道浣南东街11-1号（坑口地铁站C口步行210米）,113.2456652,23.09243719,"""教育"""
飞屋牧童托育园（中海康城店）,中海康城凤信街5栋1层,113.4161178,23.14647313,"""地产小区"""
FAMIC放我家托育・早教（东方熹园店）,东方新世界・熹园,113.3711866,23.14111584,"""地产小区"""
艾思乐早教托育中心,同德围横蛐履弦宦5号2楼,113.252696,23.18344579,"""教育"""
FAMIC放我家托育・早教(剑桥郡园),雅居乐剑桥郡,113.374502,23.02273036,"""地产小区"""
飞屋牧童托育园（黄埔万科金色梦想店）,云埔五路万科金色梦想G13栋金梅街1号103号,113.544627,23.17505513,"""楼号"""
昌华国际托育园,新都里2号首层,113.2491162,23.13573875,"""教育"""
全优加早教・托育（新塘凤馨苑校区）,永宁街凤凰城凤馨苑一号门岗(进来右边50米处)综合楼,113.2359552,23.11071379,"""道路"""
FAMIC放我家托育・早教（中海康城店）,中海康城梧桐街3号,113.4148781,23.1476895,"""门址"""
乐之贝国际托育中心,棠景街汇景路93号,113.2670911,23.18235406,"""教育"""
新爱婴早教（石井店）,石槎路金碧新城47栋58号（金碧小学对面）,113.2540432,23.21672004,"""教育"""
爱儿乐保育中心,工业大道中路373号之一,113.2875817,23.08598581,"""教育"""
星萌乐托育成长中心,汇彩路444号,113.4302145,23.12571112,"""门址"""
RAE SNOW 瑞雪滑雪学校(广州融创雪世界店)（RAE SNOW广州融创雪世界店）,凤凰北路68号3楼瑞雪装备库,113.2442915,23.43836647,"""生活服务"""
希蒙国际托育中心,环市东路476号金东环大厦二楼,113.3187517,23.14622092,"""教育"""
全优加早教・托育（平沙富力城校）,均禾街平沙I墩路7号11201室,113.2757635,23.25979984,"""地产小区"""
笑笑尚学设计实验保育园 ・ 托育（珠江新城店）,猎德大道46-1号,113.3475239,23.13463686,"""门址"""
贝儿倍乐早教日托中心,龙怡路89号广业植英创业园后座三楼B307,113.3556042,23.15640969,"""门址"""
熊托邦・布鲁姆国际早教托育中心,黄埔大道中148号海景中心首层,113.3680753,23.13576879,"""地产小区"""
立智树启蒙早教中心（云景花园店）,广州大道北云景花园云景路1号,113.341579,23.19731949,"""教育"""
唯斯顿蒙特梭利儿童之家雅园,番禺区雅居乐观景北街75号101号,113.3776102,23.02342327,"""门址"""
星光童乐汇早教托管中心,瑞东花园A东京栋中美新地教育城二楼,113.4784109,23.12043228,"""教育"""
贝贝伴国际早教・托育（黄埔中心）,保利中誉广场副座3楼（大沙东地铁站A口步行180米),113.4709809,23.11853548,"""商务大厦"""
全优加早教・托育（剑桥郡校区）,南村镇雅居乐剑桥郡瀚澜一街48号,113.3993874,23.0321613,"""门址"""
飞屋牧童托育园（翡翠绿洲森林半岛店）,翡翠绿洲・森林半岛6号,113.5735851,23.1474464,"""地产小区"""
全优贝贝早教托育富力半岛校,富力半岛E2栋2楼,113.2403689,23.15483995,"""教育"""
比尔盖托育,东]街道浣南东街11-1号（坑口地铁站C口步行210米）,113.2456652,23.09243719,"""教育"""
飞屋牧童托育园（中海康城店）,中海康城凤信街5栋1层,113.4161178,23.14647313,"""地产小区"""
FAMIC放我家托育・早教（东方熹园店）,东方新世界・熹园,113.3711866,23.14111584,"""地产小区"""
艾思乐早教托育中心,同德围横蛐履弦宦5号2楼,113.252696,23.18344579,"""教育"""
FAMIC放我家托育・早教(剑桥郡园),雅居乐剑桥郡,113.374502,23.02273036,"""地产小区"""
飞屋牧童托育园（黄埔万科金色梦想店）,云埔五路万科金色梦想G13栋金梅街1号103号,113.544627,23.17505513,"""楼号"""
昌华国际托育园,新都里2号首层,113.2491162,23.13573875,"""教育"""
全优加早教・托育（新塘凤馨苑校区）,永宁街凤凰城凤馨苑一号门岗(进来右边50米处)综合楼,113.2359552,23.11071379,"""道路"""
FAMIC放我家托育・早教（中海康城店）,中海康城梧桐街3号,113.4148781,23.1476895,"""门址"""
乐之贝国际托育中心,棠景街汇景路93号,113.2670911,23.18235406,"""教育"""
FAMIC放我家托育・早教（万科尚城园）,丹水坑路万科尚城A6,113.5440407,23.1055483,"""地产小区"""
飞屋牧童托育园（旭景家园店）,车陂旭景家园旭景西街196号102房,113.4149278,23.14046728,"""地产小区"""
飞屋牧童托育园（海珠万达店）,广州大道南万达广场三楼,113.3396042,23.20656171,"""道路"""
飞屋牧童托育园（黄埔实地常春藤店）,黄埔开发区翠蔓大街2号,113.514178,23.1857314,"""教育"""
禾光美育家庭托育・早教（琶洲园）,杨青路5号,113.3987496,23.10767388,"""门址"""
飞屋牧童托育园（黄埔万科山景城店）,长岭街道长岭路万科山景城东区M2栋,113.5392478,23.22328025,"""地产小区"""
全优贝贝早教托育富力半岛校,富力半岛E2栋2楼,113.2403689,23.15483995,"""教育"""
比尔盖托育,东]街道浣南东街11-1号（坑口地铁站C口步行210米）,113.2456652,23.09243719,"""教育"""
飞屋牧童托育园（中海康城店）,中海康城凤信街5栋1层,113.4161178,23.14647313,"""地产小区"""
FAMIC放我家托育・早教（东方熹园店）,东方新世界・熹园,113.3711866,23.14111584,"""地产小区"""
艾思乐早教托育中心,同德围横蛐履弦宦5号2楼,113.252696,23.18344579,"""教育"""
FAMIC放我家托育・早教(剑桥郡园),雅居乐剑桥郡,113.374502,23.02273036,"""地产小区"""
飞屋牧童托育园（黄埔万科金色梦想店）,云埔五路万科金色梦想G13栋金梅街1号103号,113.544627,23.17505513,"""楼号"""
昌华国际托育园,新都里2号首层,113.2491162,23.13573875,"""教育"""
全优加早教・托育（新塘凤馨苑校区）,永宁街凤凰城凤馨苑一号门岗(进来右边50米处)综合楼,113.2359552,23.11071379,"""道路"""
FAMIC放我家托育・早教（中海康城店）,中海康城梧桐街3号,113.4148781,23.1476895,"""门址"""
乐之贝国际托育中心,棠景街汇景路93号,113.2670911,23.18235406,"""教育"""
FAMIC放我家托育・早教（万科尚城园）,丹水坑路万科尚城A6,113.5440407,23.1055483,"""地产小区"""
飞屋牧童托育园（旭景家园店）,车陂旭景家园旭景西街196号102房,113.4149278,23.14046728,"""地产小区"""
飞屋牧童托育园（海珠万达店）,广州大道南万达广场三楼,113.3396042,23.20656171,"""道路"""
飞屋牧童托育园（黄埔实地常春藤店）,黄埔开发区翠蔓大街2号,113.514178,23.1857314,"""教育"""
禾光美育家庭托育・早教（琶洲园）,杨青路5号,113.3987496,23.10767388,"""门址"""
飞屋牧童托育园（黄埔万科山景城店）,长岭街道长岭路万科山景城东区M2栋,113.5392478,23.22328025,"""地产小区"""
一加贝贝托育园,平康路德胜广场教育城715号,113.3868827,22.95115328,"""教育"""
森林托育园（缤纷汇店）,祈福缤纷世界,113.3452527,22.98078219,"""地产小区"""
飞屋牧童托育园（海珠逸景翠园店）,逸景翠园映月街,113.3217049,23.09601259,"""地产小区"""
童乐轩托育成长中心,荔湾路小梅大街39号104铺（富力皇上皇小区内?近文昌托儿所）,113.2591465,23.14242014,"""商务大厦"""
亲呀呀精致智慧托育（岭南新世界园店）,集福街37号岭南新世界2D18栋201房,113.3047542,23.24637337,"""教育"""
飞屋牧童托育园（凤凰城凤馨苑店）,新塘镇碧桂园凤凰城凤聚苑4街2座,113.5893701,23.13818336,"""地产小区"""
YouBetter优贝特托育早教云山中心,丛云路382-386号（仕馨月子会所负一层）,113.3083597,23.22178707,"""教育"""
非凡保姆联合北院托育园（东圃校区）,车陂北街28号之一联合社区北院3栋109单元,113.4122363,23.1409378,"""楼号"""
FAMIC放我家托育早教（市桥锦绣华庭店）,光明北路12号,113.3745219,22.95279217,"""NoClass"""
承希托育（兰亭盛荟校区）,环城高速兰亭盛荟・四季里商业街21栋一楼1036-1039号,113.8089738,23.20643227,"""门址"""
稚慧宝贝国际托育早教中心,沾益直街168号,113.3432607,23.15931887,"""教育"""
培才托育,会江村江丽二街4号,113.3081819,23.02265849,"""门址"""
飞屋牧童托育园（凤凰城天麓山店）,永宁街道凤凰城大道碧桂园凤凰城凤锦苑二街2号101,113.5952615,23.16584037,"""地产小区"""
飞屋牧童托育园（华南碧桂园店）,映翠桃园苑华南碧桂园翡翠苑B区3座G02,113.3730168,23.00758085,"""地产小区"""
创艺宝贝托育园（御金沙校区）,浔洲街72号1楼,113.2170009,23.1769214,"""地产小区"""
飞屋牧童托育园（旭景家园店）,车陂旭景家园旭景西街196号102房,113.4149278,23.14046728,"""地产小区"""
飞屋牧童托育园（海珠万达店）,广州大道南万达广场三楼,113.3396042,23.20656171,"""道路"""
飞屋牧童托育园（黄埔实地常春藤店）,黄埔开发区翠蔓大街2号,113.514178,23.1857314,"""教育"""
禾光美育家庭托育・早教（琶洲园）,杨青路5号,113.3987496,23.10767388,"""门址"""
飞屋牧童托育园（黄埔万科山景城店）,长岭街道长岭路万科山景城东区M2栋,113.5392478,23.22328025,"""地产小区"""
一加贝贝托育园,平康路德胜广场教育城715号,113.3868827,22.95115328,"""教育"""
森林托育园（缤纷汇店）,祈福缤纷世界,113.3452527,22.98078219,"""地产小区"""
飞屋牧童托育园（海珠逸景翠园店）,逸景翠园映月街,113.3217049,23.09601259,"""地产小区"""
童乐轩托育成长中心,荔湾路小梅大街39号104铺（富力皇上皇小区内?近文昌托儿所）,113.2591465,23.14242014,"""商务大厦"""
亲呀呀精致智慧托育（岭南新世界园店）,集福街37号岭南新世界2D18栋201房,113.3047542,23.24637337,"""教育"""
飞屋牧童托育园（凤凰城凤馨苑店）,新塘镇碧桂园凤凰城凤聚苑4街2座,113.5893701,23.13818336,"""地产小区"""
YouBetter优贝特托育早教云山中心,丛云路382-386号（仕馨月子会所负一层）,113.3083597,23.22178707,"""教育"""
非凡保姆联合北院托育园（东圃校区）,车陂北街28号之一联合社区北院3栋109单元,113.4122363,23.1409378,"""楼号"""
FAMIC放我家托育早教（市桥锦绣华庭店）,光明北路12号,113.3745219,22.95279217,"""NoClass"""
承希托育（兰亭盛荟校区）,环城高速兰亭盛荟・四季里商业街21栋一楼1036-1039号,113.8089738,23.20643227,"""门址"""
稚慧宝贝国际托育早教中心,沾益直街168号,113.3432607,23.15931887,"""教育"""
培才托育,会江村江丽二街4号,113.3081819,23.02265849,"""门址"""
飞屋牧童托育园（凤凰城天麓山店）,永宁街道凤凰城大道碧桂园凤凰城凤锦苑二街2号101,113.5952615,23.16584037,"""地产小区"""
飞屋牧童托育园（华南碧桂园店）,映翠桃园苑华南碧桂园翡翠苑B区3座G02,113.3730168,23.00758085,"""地产小区"""
创艺宝贝托育园（御金沙校区）,浔洲街72号1楼,113.2170009,23.1769214,"""地产小区"""
森本兔婴幼儿托育,桥南街福景路1033号铺201室,113.3441719,23.22582028,"""教育"""
爱而生托育学府,兴南大道187号富洲中心东塔首层,113.3668102,23.02499611,"""教育"""
思润托育,市桥街平康路灏景轩商住楼首层,113.3845517,22.95192817,"""教育"""
聆稚国际托育早教中心,富华西路148号2楼（市桥地铁站B口步行420米),113.3730465,22.95895411,"""教育"""
芮禾家早教托育园（珠江嘉园店）,来安四街珠江嘉园,113.5705944,23.20955948,"""教育"""
Famic・稚安心托育园（广钢新城园）,崇文四路葛洲坝广州紫郡府734-735铺,113.2570654,23.07689812,"""地产小区"""
六一托育园,金达街36号万象文化商贸城2楼,113.2468656,23.08449531,"""教育"""
爱尔福托育早教中心,春晖一街22号2层,113.5573109,23.11920675,"""门址"""
心子幼儿学苑,沿江东路126号,113.3382841,23.04048544,"""教育"""
小渔托育,黄河路建发广场南侧约40米,113.4992043,22.97497694,"""教育"""
爱乐祺托育早教中心,太和镇米龙商业步行街2楼,113.3725742,23.30326911,"""教育"""
非凡保姆保利花园托育园,镜湖东街2号保利花园保利和乐国际艺术中心二楼207铺,113.286735,23.08437395,"""教育"""
培才托育,会江村江丽二街4号,113.3081819,23.02265849,"""门址"""
飞屋牧童托育园（凤凰城天麓山店）,永宁街道凤凰城大道碧桂园凤凰城凤锦苑二街2号101,113.5952615,23.16584037,"""地产小区"""
飞屋牧童托育园（华南碧桂园店）,映翠桃园苑华南碧桂园翡翠苑B区3座G02,113.3730168,23.00758085,"""地产小区"""
创艺宝贝托育园（御金沙校区）,浔洲街72号1楼,113.2170009,23.1769214,"""地产小区"""
森本兔婴幼儿托育,桥南街福景路1033号铺201室,113.3441719,23.22582028,"""教育"""
爱而生托育学府,兴南大道187号富洲中心东塔首层,113.3668102,23.02499611,"""教育"""
思润托育,市桥街平康路灏景轩商住楼首层,113.3845517,22.95192817,"""教育"""
聆稚国际托育早教中心,富华西路148号2楼（市桥地铁站B口步行420米),113.3730465,22.95895411,"""教育"""
芮禾家早教托育园（珠江嘉园店）,来安四街珠江嘉园,113.5705944,23.20955948,"""教育"""
Famic・稚安心托育园（广钢新城园）,崇文四路葛洲坝广州紫郡府734-735铺,113.2570654,23.07689812,"""地产小区"""
六一托育园,金达街36号万象文化商贸城2楼,113.2468656,23.08449531,"""教育"""
爱尔福托育早教中心,春晖一街22号2层,113.5573109,23.11920675,"""门址"""
心子幼儿学苑,沿江东路126号,113.3382841,23.04048544,"""教育"""
小渔托育,黄河路建发广场南侧约40米,113.4992043,22.97497694,"""教育"""
爱乐祺托育早教中心,太和镇米龙商业步行街2楼,113.3725742,23.30326911,"""教育"""
非凡保姆保利花园托育园,镜湖东街2号保利花园保利和乐国际艺术中心二楼207铺,113.286735,23.08437395,"""教育"""
蒙正托育,南华东路924号1楼（近中海名都西门）,113.2877306,23.12192586,"""教育"""
威威猫岭南新世界托育中心（威威猫儿童成长中心）,集雅街86号C8栋101室,113.2671883,23.11734692,"""教育"""
小豆苗双语早教托育中心,兴乐大街4号,113.379301,22.9369497,"""教育"""
几米稚家,同和云裳丽影5B201房,113.3924493,23.18241273,"""教育"""
飞屋牧童托育园（番禺东湖洲店）,东湖洲花园C期17座103室,113.4289321,22.94380431,"""地产小区"""
非凡保姆英豪花园托育园,盈丰路英豪三横街4号102、103房,113.3125947,23.08036397,"""教育"""
幸福大本营,S378(九龙大道)福里街12号101号,113.554278,23.34532418,"""教育"""
BCA乐娃国际智慧托育,凤湖四路万科・幸福誉南门东南侧约80米,113.5548655,23.34224798,"""NoClass"""
圣德教育（石店）,龙基北路东七巷7号,113.4510892,22.96497965,"""商圈"""
智晟国际托育园,较场东路35号盈泽苑D栋2楼,113.2980359,23.13694952,"""地产小区"""
银袋鼠托育中心,棠下街道信华一街209号,113.3998142,23.14557649,"""乡镇"""
雅提特早教托育,淘金家园会所（游泳池一侧）,113.379301,22.9369497,"""教育"""
飞屋牧童双语托育（万科东荟花园店）,东荟一街29号A1栋302房,113.5139774,23.17220243,"""地产小区"""
乐建托管中心,泮塘路种福园17号首层商铺,113.2494833,23.13494472,"""地产小区"""
鹿儿港婴幼儿托育园,增城大道2号1栋117室,113.8363338,23.28560938,"""教育"""
英才早教托育中心,洛浦街汇南广场东区B201号,113.3053511,23.04332616,"""商务大厦"""
几米稚家,同和云裳丽影5B201房,113.3924493,23.18241273,"""教育"""
飞屋牧童托育园（番禺东湖洲店）,东湖洲花园C期17座103室,113.4289321,22.94380431,"""地产小区"""
非凡保姆英豪花园托育园,盈丰路英豪三横街4号102、103房,113.3125947,23.08036397,"""教育"""
幸福大本营,S378(九龙大道)福里街12号101号,113.554278,23.34532418,"""教育"""
BCA乐娃国际智慧托育,凤湖四路万科・幸福誉南门东南侧约80米,113.5548655,23.34224798,"""NoClass"""
圣德教育（石店）,龙基北路东七巷7号,113.4510892,22.96497965,"""商圈"""
智晟国际托育园,较场东路35号盈泽苑D栋2楼,113.2980359,23.13694952,"""地产小区"""
银袋鼠托育中心,棠下街道信华一街209号,113.3998142,23.14557649,"""乡镇"""
雅提特早教托育,淘金家园会所（游泳池一侧）,113.379301,22.9369497,"""教育"""
飞屋牧童双语托育（万科东荟花园店）,东荟一街29号A1栋302房,113.5139774,23.17220243,"""地产小区"""
乐建托管中心,泮塘路种福园17号首层商铺,113.2494833,23.13494472,"""地产小区"""
鹿儿港婴幼儿托育园,增城大道2号1栋117室,113.8363338,23.28560938,"""教育"""
英才早教托育中心,洛浦街汇南广场东区B201号,113.3053511,23.04332616,"""商务大厦"""
Peter家・托育中心（NO.GDGZ010店）,京溪路万科天河御品南区110铺,113.3433841,23.19318611,"""教育"""
飞屋牧童托育园（金穗雅园店）,穗和北街6号204房,113.3677239,22.92165403,"""教育"""
优佳贝尔早教托育中心,保利海郡花园海郡二街二栋二号楼107-112号,113.309058,23.0576748,"""门址"""
几米稚家,岑村华南御景园A17栋1层,113.3924493,23.18241273,"""教育"""
喜宝幼儿托育中心（南华店）,华翠路19号南华时代城华润万家斜对面,113.2072896,23.37922121,"""地产小区"""
金鹰宝贝国际托育中心,石化路219号文冲同创汇二楼,113.4830239,23.11859754,"""教育"""
祝博士（亚运城校区）,兴亚三路147号3栋2梯109房,113.50623,22.95720964,"""教育"""
全优加早教・托育（华南新城分校）,新城小区大平台二楼A208-A213层,113.3641047,23.03674458,"""教育"""
十牛小镇（阳光城市广场店）,兴业路与荔湾路交叉口东南20米,113.4135848,22.80808618,"""交叉路口"""
希蒙国际托育（淘金中心）,华乐街道淘金东路25-29号淘金华庭二楼整层,113.3044121,23.15375103,"""NoClass"""
芮禾家早教托育园,布岭路万科里享家蔚来东门S13-210,113.5785093,23.2080179,"""教育"""
学之社托管,长洲路257号,113.4339738,23.08861758,"""教育"""
童蕊托育中心,立新街江南美景二楼商贸中心201室,113.3058851,23.10357568,"""地产小区"""
爱乐贝多元智能托育中心,・保利爱特城南1门东50米,113.560892,23.15541281,"""地产小区"""
天树幼儿国际教育（东莞庄店）,瘦狗岭路413号颐和大厦A1栋411单元,113.3482844,23.1603619,"""商务大厦"""
明善托管中心,淘金街11-27号,113.3000785,23.15285159,"""门址"""
学生之家托管中心,文元石榴巷与牛地街交叉口东北约100米,113.4828263,23.11148766,"""村庄"""
学诗教育,大广高速公路与金谷北路交叉口西北方向190米,113.3714644,23.46745784,"""教育"""
小鲸妈妈托育中心,市桥街光明北路283号19-20铺,113.3743087,22.96435248,"""门址"""
祝博士（亚运城校区）,兴亚三路147号3栋2梯109房,113.50623,22.95720964,"""教育"""
全优加早教・托育（华南新城分校）,新城小区大平台二楼A208-A213层,113.3641047,23.03674458,"""教育"""
十牛小镇（阳光城市广场店）,兴业路与荔湾路交叉口东南20米,113.4135848,22.80808618,"""交叉路口"""
希蒙国际托育（淘金中心）,华乐街道淘金东路25-29号淘金华庭二楼整层,113.3044121,23.15375103,"""NoClass"""
芮禾家早教托育园,布岭路万科里享家蔚来东门S13-210,113.5785093,23.2080179,"""教育"""
学之社托管,长洲路257号,113.4339738,23.08861758,"""教育"""
童蕊托育中心,立新街江南美景二楼商贸中心201室,113.3058851,23.10357568,"""地产小区"""
爱乐贝多元智能托育中心,・保利爱特城南1门东50米,113.560892,23.15541281,"""地产小区"""
天树幼儿国际教育（东莞庄店）,瘦狗岭路413号颐和大厦A1栋411单元,113.3482844,23.1603619,"""商务大厦"""
明善托管中心,淘金街11-27号,113.3000785,23.15285159,"""门址"""
学生之家托管中心,文元石榴巷与牛地街交叉口东北约100米,113.4828263,23.11148766,"""村庄"""
学诗教育,大广高速公路与金谷北路交叉口西北方向190米,113.3714644,23.46745784,"""教育"""
小鲸妈妈托育中心,市桥街光明北路283号19-20铺,113.3743087,22.96435248,"""门址"""
宝学士托育中心,观海路5号118-125房1层,113.2312867,23.05553083,"""门址"""
悠悠家托育中心,广丰路1号（金洲地铁站出入口步行270米）,113.5518476,22.80198212,"""教育"""
鲤鱼家庭式托育,保利紫云B1栋204室,113.2654311,23.20171237,"""楼号"""
午后时光托辅中心,蓬莱路与蓬莱正街交叉口西北80米,113.2500359,23.12574728,"""交叉路口"""
非凡保姆光大花园托育园,工业大道76-78号君誉富力现代广场a栋1004房,113.2681988,23.10379981,"""教育"""
小鹿安迪托育早教中心,南沙街道听海街5街9号珠江湾（八匹马广场旁）,113.5962926,22.75368774,"""地产小区"""
博泓儿童中心,富力・金港城金熙三街8-5号南区,113.3040132,23.23560631,"""门址"""
五六点智慧托管,藤业一路三街39号铺,113.8498245,23.29959729,"""教育"""
善学堂儿童成长中心,华景路126号福门阁二楼,113.3724706,23.15134687,"""教育"""
手握手学生托管服务部,握山北东街8-1号,113.28245,23.20593804,"""NoClass"""
飞屋牧童双语托育（天河美林湖畔店）,桃园南二街194号204房,113.4281631,23.12233515,"""地产小区"""
祝博士托管,天香街4号,113.2834764,23.14580056,"""教育"""
童未来成长中心,龟岗大马路6号粤港大厦三楼,113.3099624,23.34584368,"""门址"""
朵拉早教托育中心,环城北路北约坊二巷四横1号101、102（近龙美村委会）,113.426731,22.82235192,"""道路"""
全优・贝贝早教托育,创佳路3号梦多多小镇3层307室,113.2096307,23.1601699,"""门址"""
春草托管所,马岗顶北街与泰沙路交叉口南100米,113.2985654,23.09211992,"""教育"""
鲸喜哆哆托育中心,沙浦东路66号,113.5029953,22.98264461,"""教育"""
同学嘉一站式托教中心,联和街道富春山居B31栋负一楼102室,113.4436131,23.19683425,"""地产小区"""
米诺象婴幼儿托育中心,紫薇路38-8号,113.2205185,23.4166116,"""购物"""
善学堂儿童成长中心,华景路126号福门阁二楼,113.3724706,23.15134687,"""教育"""
手握手学生托管服务部,握山北东街8-1号,113.28245,23.20593804,"""NoClass"""
飞屋牧童双语托育（天河美林湖畔店）,桃园南二街194号204房,113.4281631,23.12233515,"""地产小区"""
祝博士托管,天香街4号,113.2834764,23.14580056,"""教育"""
童未来成长中心,龟岗大马路6号粤港大厦三楼,113.3099624,23.34584368,"""门址"""
朵拉早教托育中心,环城北路北约坊二巷四横1号101、102（近龙美村委会）,113.426731,22.82235192,"""道路"""
全优・贝贝早教托育,创佳路3号梦多多小镇3层307室,113.2096307,23.1601699,"""门址"""
春草托管所,马岗顶北街与泰沙路交叉口南100米,113.2985654,23.09211992,"""教育"""
鲸喜哆哆托育中心,沙浦东路66号,113.5029953,22.98264461,"""教育"""
同学嘉一站式托教中心,联和街道富春山居B31栋负一楼102室,113.4436131,23.19683425,"""地产小区"""
米诺象婴幼儿托育中心,紫薇路38-8号,113.2205185,23.4166116,"""购物"""
一心国际早教托育中心,大学城信息枢纽楼二楼（大学城南地铁站A口步行390米）,113.4100138,23.05752233,"""商务大厦"""
蓝蝶国际托育园,翠瑜街11号悠方天地东区F栋二楼211C,113.315659,23.11467129,"""教育"""
耀森小屋婴幼儿家庭式托育园,金穗路保利・心语E栋706房,113.3435369,23.13365227,"""楼号"""
小博士托管班（麒龙西路店）,麒龙路与丹桂路交叉口西南160米,113.5172491,22.8434279,"""道路"""
童森双语托育乐园,东山街道寺右南三街三巷2号,113.3297563,23.12807227,"""教育"""
梦想家托管中心（市莲路店）,赤岗村青颍大街九巷2号,113.4944416,22.97846674,"""教育"""
广州极客思维教育科技有限公司（豪贤店）,豪贤路51号,113.2884458,23.14223222,"""地产小区"""
飞屋牧童双语托育（番禺金海岸店）,大龙街金海岸大道金海岸花园14座1梯101室,113.417345,22.94717882,"""地产小区"""
彩虹托管辅导中心,万福路106号,113.2876661,23.13298286,"""门址"""
宝宝托儿所（招村北街）,招村北街58号创意园南侧约90米,113.2504954,23.10306704,"""教育"""
乐星托管中心,水荫四横路61号102室,113.3241412,23.15910746,"""门址"""
步]托儿所,海龙街增虿]村481号,113.5231054,22.94003948,"""道路"""
沛儿乐托育中心,站前路西村四约大街9号,113.2590716,23.15275812,"""门址"""
心子宝贝（金玫瑰苑校区）,嘉瑞街金玫瑰苑,113.305653,23.07869786,"""地产小区"""
翌曦多元智能托育中心,馥佳苑华晖街2号101商铺,113.372508,23.1496149,"""门址"""
五六点智慧托管（晓港湾校区）,南洲路北文华街魅力港湾商业城208室,113.3055772,23.08236351,"""教育"""
奇特小镇婴幼儿日托中心（大石旗舰店）,景华南路39号123铺,113.3305212,23.02657237,"""购物"""
全优加早教・托育（翡翠绿洲校区）,陈家林路翡翠绿洲商业中心3楼,113.5674441,23.15123821,"""地产小区"""
非凡保姆-家庭托育-猎德晟府校区,海文路1号猎德晟府一区崇德楼301室,113.3493936,23.12662644,"""休闲娱乐"""
恬雅・育苗圃蒙台梭利国际托育早教中心, 丰乐南路90号101（金逸雅居-恬雅蒙台梭利托育中心）,113.4720207,23.11164261,"""教育"""
唐尼翰博国际日托中心（广州保利园店）,保利花园静雅街44号首层,113.2872488,23.08497043,"""道路"""
步]托儿所,海龙街增虿]村481号,113.5231054,22.94003948,"""道路"""
沛儿乐托育中心,站前路西村四约大街9号,113.2590716,23.15275812,"""门址"""
心子宝贝（金玫瑰苑校区）,嘉瑞街金玫瑰苑,113.305653,23.07869786,"""地产小区"""
翌曦多元智能托育中心,馥佳苑华晖街2号101商铺,113.372508,23.1496149,"""门址"""
五六点智慧托管（晓港湾校区）,南洲路北文华街魅力港湾商业城208室,113.3055772,23.08236351,"""教育"""
奇特小镇婴幼儿日托中心（大石旗舰店）,景华南路39号123铺,113.3305212,23.02657237,"""购物"""
全优加早教・托育（翡翠绿洲校区）,陈家林路翡翠绿洲商业中心3楼,113.5674441,23.15123821,"""地产小区"""
非凡保姆-家庭托育-猎德晟府校区,海文路1号猎德晟府一区崇德楼301室,113.3493936,23.12662644,"""休闲娱乐"""
恬雅・育苗圃蒙台梭利国际托育早教中心, 丰乐南路90号101（金逸雅居-恬雅蒙台梭利托育中心）,113.4720207,23.11164261,"""教育"""
唐尼翰博国际日托中心（广州保利园店）,保利花园静雅街44号首层,113.2872488,23.08497043,"""道路"""
爱尚育乐园,新都里25号,113.2484955,23.13646478,"""NoClass"""
童心圆早教托育中心（钟福广场店）,钟福广场教育城3楼,113.33603,22.9792199,"""购物"""
爱亲宝托育园,龙洞东路221号,113.3831101,23.21368404,"""门址"""
南沙红黄蓝成长中心,金沙路23号星河盛世商场首层内,113.5577712,22.81630055,"""地产小区"""
乐轩私塾,漫林街98号,113.5432883,23.17030847,"""教育"""
卡吉熊托育早教中心,宝岗大道1377号建恳商务中心2楼,113.2854707,23.09628239,"""商务大厦"""
小太阳托管中心（港湾路西二街店）,港湾西二街3号（大沙地地铁站C口步行470米),113.4144904,23.2068664,"""门址"""
唐尼翰博国际日托中心（越秀店）,小北路越秀公园东门东秀歌舞台旁,113.2831405,23.15049116,"""旅游景点"""
优仕学堂,蓬莱新街6号1层,113.2519114,23.1250321,"""教育"""
树人托管教育连锁（全国第1136分点）,星盛西街5号101房,113.27785,23.14163864,"""城市"""
行知托管,南村镇广州雅居乐花园邻居一栋,113.3895728,23.016663,"""教育"""
吉宏托管学堂,朱村大道保利中航城二期青星街72号商铺,113.6857406,23.28461997,"""教育"""
金领航托管理中心,两龙大街28号菜鸟驿站2楼,113.2898046,23.46330163,"""门址"""
龙博士双语托育中心,沿江南路161号,113.6041394,23.54746924,"""教育"""
萌芽教育托管中心,同宝路星汇云城,113.3510385,23.21890038,"""教育"""
西村健苗托儿所,长宁街2号,113.2562778,23.15424367,"""教育"""
稚趣慧儿儿童成长中心,云埔五路玉泉学校西北侧约80米,113.5411429,23.17165042,"""教育"""
明利富教育,珠玑路147号,113.2567523,23.12460112,"""教育"""
思润婴幼儿学苑(思润托育),星海园东南,113.3845517,22.95192817,"""教育"""
思苏卡尔早教・托育（旗舰校）,东艺路129号,113.3576376,22.9891221,"""门址"""
五六点智慧托管,公园前路44号9-10号商铺,113.2223304,23.39666888,"""教育"""
FAMIC萌宝堡家庭托育园(雅居乐滨江花园),雅居乐滨江花园,113.3349528,23.13587543,"""商务大厦"""
金领航托管理中心,两龙大街28号菜鸟驿站2楼,113.2898046,23.46330163,"""门址"""
龙博士双语托育中心,沿江南路161号,113.6041394,23.54746924,"""教育"""
萌芽教育托管中心,同宝路星汇云城,113.3510385,23.21890038,"""教育"""
西村健苗托儿所,长宁街2号,113.2562778,23.15424367,"""教育"""
稚趣慧儿儿童成长中心,云埔五路玉泉学校西北侧约80米,113.5411429,23.17165042,"""教育"""
明利富教育,珠玑路147号,113.2567523,23.12460112,"""教育"""
思润婴幼儿学苑(思润托育),星海园东南,113.3845517,22.95192817,"""教育"""
思苏卡尔早教・托育（旗舰校）,东艺路129号,113.3576376,22.9891221,"""门址"""
五六点智慧托管,公园前路44号9-10号商铺,113.2223304,23.39666888,"""教育"""
FAMIC萌宝堡家庭托育园(雅居乐滨江花园),雅居乐滨江花园,113.3349528,23.13587543,"""商务大厦"""
知了托管,上]如意路18号,113.3238216,23.04866833,"""教育"""
闪之星托育早教,朱村街东100米,113.2356511,23.39450933,"""教育"""
熊猫宝贝早教托育中心,莲港大道22号一街701,113.4996437,22.97932381,"""门址"""
小天使托儿所（新风路）,新风路与新市南街交叉口东20米,113.3269027,23.05146809,"""购物"""
乐童托管班,江南西路紫山大街33号103铺,113.2807629,23.10763457,"""教育"""
贝安斯国际婴幼早教托育中心,元亨路31号,113.6927986,23.28273002,"""教育"""
MORGAN KIDS HOME2早教托育英语,梅苑小区西门南100米（梅花园地铁站B口步行140米）,113.3338741,23.18801919,"""教育"""
比泡乐儿日托中心（南田店）,龙骧大街四间巷34号,113.2762553,23.09941797,"""政府机构"""
么么亲托育成长早教中心,横蚨路与富康路交叉口西100米,113.2518555,23.18653516,"""教育"""
小木客儿童之家,峻峦一街18号B13栋101房,113.5683567,23.33740801,"""教育"""
培杰教育,盈中路62号,113.3144711,23.08029187,"""教育"""
博尔斯托管,市桥光明南路67号,113.3761419,22.94845641,"""教育"""
艾比家托育,富景苑8街17号,113.366622,22.98141787,"""教育"""
智趣谷国际托育早教中心,福翠路南国奥园悉尼商业街3座1-6,113.3335847,22.9971391,"""地产小区"""
翎羽托管中心,沙园三街南一号103室,113.2774003,23.09795739,"""教育"""
大朗托育中心,大朗中路146号,113.2670231,23.24763994,"""村庄"""
爱尚园丁托管之家,盈翠路与东晓南路辅路交叉口东80米,113.2817032,23.10661145,"""餐饮"""
小鲸妈妈托育中心（翠湖中心校区）,黄埔大道翠湖山庄,113.3660871,23.13872663,"""地产小区"""
新加坡中英文双语爱童宝贝之家,天河北路中天购物城三楼,113.3379934,23.15382784,"""教育"""
新爱婴早教托育,中新恒大山水城二期领峰南二街号,113.3418985,23.13347946,"""NoClass"""
优质托管,望亭路15-37号,113.1996249,23.3813891,"""教育"""
阳光托管,榄元新街18-1号,113.4080317,23.20749588,"""教育"""
博尔斯托管,市桥光明南路67号,113.3761419,22.94845641,"""教育"""
艾比家托育,富景苑8街17号,113.366622,22.98141787,"""教育"""
智趣谷国际托育早教中心,福翠路南国奥园悉尼商业街3座1-6,113.3335847,22.9971391,"""地产小区"""
翎羽托管中心,沙园三街南一号103室,113.2774003,23.09795739,"""教育"""
大朗托育中心,大朗中路146号,113.2670231,23.24763994,"""村庄"""
爱尚园丁托管之家,盈翠路与东晓南路辅路交叉口东80米,113.2817032,23.10661145,"""餐饮"""
小鲸妈妈托育中心（翠湖中心校区）,黄埔大道翠湖山庄,113.3660871,23.13872663,"""地产小区"""
新加坡中英文双语爱童宝贝之家,天河北路中天购物城三楼,113.3379934,23.15382784,"""教育"""
新爱婴早教托育,中新恒大山水城二期领峰南二街号,113.3418985,23.13347946,"""NoClass"""
优质托管,望亭路15-37号,113.1996249,23.3813891,"""教育"""
阳光托管,榄元新街18-1号,113.4080317,23.20749588,"""教育"""
幼而学教育,海润大街30号,113.5478947,22.78954249,"""教育"""
童颜心童颜托育早教中心,大沙北路123号政法楼2楼201室,113.4704534,23.12075127,"""地产小区"""
学乐托管,教育东路7号附近,113.1664461,23.47468528,"""门址"""
明特教育（广园校区）,广园中路208号210室、211室、212室、227室、228室,113.2842827,23.17074813,"""教育"""
FAMIC放我家托育・早教(富力城园),丽城路富力城B6栋102室,113.2740088,23.25664276,"""楼号"""
搏思特托管,石决路45号,113.3343398,23.20653842,"""教育"""
雅萧托管中心,九石岭路与履泰西街交叉口北20米,113.2802858,23.20564404,"""交叉路口"""
阳光托管,荔香二街23号附近,113.4594361,23.10995756,"""门址"""
盛禾学舍,基立下道45号107室,113.2892363,23.11669383,"""NoClass"""
爱尔福婴幼中心（广州中航城）,青星街122号201-213,113.6846362,23.28498056,"""地产小区"""
Tiny Hands 泰尼汉托育,黄沙大道御景一号（素会旁边）,113.2475096,23.12243537,"""地产小区"""
心子绿学园,南村镇江南村江南桃园路4号,113.3776459,23.00417496,"""教育"""
龙博士双语托育中心,洛浦街如意路2号奥林匹克大厦首层113铺,113.3206099,23.05523967,"""地产小区"""
燕燕幼儿托管所,高第村4号,113.5965696,23.55966222,"""教育"""
学无优托管中心,荔城大道241号,113.8205943,23.30736324,"""教育"""
星慧托育中心,星河大道西广州星河湾国际公寓首层大堂,113.3476366,23.03619762,"""NoClass"""
阳光学园,中山七路锦龙北1号（陈家祠地铁站B口步行200米）,113.2619121,23.13755064,"""教育"""
五六点智慧托管（NO.GD-广州-060店）,元塘路6号,113.3210583,23.02990922,"""门址"""
思培托育（育英校区）,钟村街钟三村大地塘隆辉创业公馆A座105107号育英小学,113.3381792,22.98708796,"""商务大厦"""
字游空间托管,下沙新村西大街七号,113.239343,23.21210659,"""门址"""
学而乐托管中心,大同村乐宜路51号,113.4047165,22.90459072,"""教育"""
燕燕幼儿托管所,高第村4号,113.5965696,23.55966222,"""教育"""
学无优托管中心,荔城大道241号,113.8205943,23.30736324,"""教育"""
星慧托育中心,星河大道西广州星河湾国际公寓首层大堂,113.3476366,23.03619762,"""NoClass"""
阳光学园,中山七路锦龙北1号（陈家祠地铁站B口步行200米）,113.2619121,23.13755064,"""教育"""
五六点智慧托管（NO.GD-广州-060店）,元塘路6号,113.3210583,23.02990922,"""门址"""
思培托育（育英校区）,钟村街钟三村大地塘隆辉创业公馆A座105107号育英小学,113.3381792,22.98708796,"""商务大厦"""
字游空间托管,下沙新村西大街七号,113.239343,23.21210659,"""门址"""
学而乐托管中心,大同村乐宜路51号,113.4047165,22.90459072,"""教育"""
芳草园托管教育中心,华景北路与景邮路交叉口西南40米,113.3504443,23.15418289,"""地产小区"""
慧爱托育,石井街石安路181号,113.2409677,23.21511808,"""教育"""
五联小学-小太阳托管中心,学校南路15号,113.6749746,23.33893574,"""教育"""
优越教育,塘东路南安小学西侧约120米,113.5677804,23.12453315,"""教育"""
羊城教育,景云路45号,113.2885839,23.1775122,"""门址"""
新起步托管（榨粉街）,中山四路榨粉街88号605房,113.2857993,23.14085787,"""餐饮"""
海洋之家,尚景路112号,113.6073687,23.54482537,"""教育"""
明智教育,兴贤路大石小学北侧约30米,113.3226354,23.03060213,"""教育"""
安心托管,新墩庄围路南安小学东侧约80米,113.5707736,23.1244942,"""教育"""
乐涵教育亚运城校区,兴亚三路32亚运城国际区A区F2层,113.4952296,22.956594,"""教育"""
晨曦幼儿托管中心,沧头华东五巷2号,113.4654827,23.11467313,"""教育"""
红梅托管,新1栋302室（近农林下路小学）,113.3106823,23.1454916,"""教育"""
启智托管班,潭洲潭山路14号,113.4048068,22.79426896,"""教育"""
向日葵托管,"朱村大街117号（近324国道,朱村牌坊北550米）",113.7085145,23.28938663,"""教育"""
知了托管,大石街岗东路4号2楼整层,113.3214793,23.02831596,"""教育"""
尚清教育,陶然庭苑南门旁,113.3734146,23.15374074,"""教育"""
益童教育,优山悦海美麓花园B7-110商铺,113.6180303,22.77099553,"""教育"""
几米稚家家庭式托育,祈福新B区16街86号,113.3562601,23.04309522,"""门址"""
帕思教育,凤岗四巷77号e105号,113.5583235,22.79927879,"""门址"""
奇乐青少年成长中心,鹤洞路广钢新城中海花湾壹号锦御二街B3-号122室,113.2548634,23.08239218,"""教育"""
优学邦教育,背坪北五街柯木i大厦东侧约160米,113.3599665,22.91417809,"""道路"""
烨子早教托管中心,茅岗坑田祠堂街2号,113.4503181,23.11689121,"""教育"""
米娜英语托育园,天润路467金碧翡翠华庭商务楼五楼502室,113.355178,23.15489194,"""商务大厦"""
达慧童乐托育园,芳兴路84号旧龙华宾馆,113.2180358,23.12118415,"""休闲娱乐"""
益童教育,优山悦海美麓花园B7-110商铺,113.6180303,22.77099553,"""教育"""
几米稚家家庭式托育,祈福新B区16街86号,113.3562601,23.04309522,"""门址"""
帕思教育,凤岗四巷77号e105号,113.5583235,22.79927879,"""门址"""
奇乐青少年成长中心,鹤洞路广钢新城中海花湾壹号锦御二街B3-号122室,113.2548634,23.08239218,"""教育"""
优学邦教育,背坪北五街柯木i大厦东侧约160米,113.3599665,22.91417809,"""道路"""
烨子早教托管中心,茅岗坑田祠堂街2号,113.4503181,23.11689121,"""教育"""
米娜英语托育园,天润路467金碧翡翠华庭商务楼五楼502室,113.355178,23.15489194,"""商务大厦"""
达慧童乐托育园,芳兴路84号旧龙华宾馆,113.2180358,23.12118415,"""休闲娱乐"""
骄子之家托管中心,烟墩新街21号,113.3116721,23.13386839,"""门址"""
全优?贝贝托育中心（融创店）,广州融创雪域澜庭A2区（天贵路东),113.2470467,23.43910145,"""休闲娱乐"""
阳光托管,大纲领幼儿园东南,113.3723121,23.36314066,"""教育"""
慧星国际儿童教育,保利・西海岸汇海花园8栋负1层02号,113.2221239,23.1854482,"""教育"""
科翰教育（荔园新天地店）,西环路1502号荔园新天地F2层,113.3585836,22.9305467,"""教育"""
儒德托管,银利街285号,113.3327644,23.18088119,"""教育"""
童学家托育中心,沙湾路与市良路交叉口南100米,113.3602403,22.91453987,"""交叉路口"""
励尚教育 大风车托管,石榴岗路信步中街43号,113.3474377,23.09975176,"""教育"""
初心童心国际托育园,保利天悦28栋301室,113.3929755,23.11401133,"""教育"""
吖哆哆国际婴幼儿托育中心新塘社区园,凤凰北横路230-232号,113.6065995,23.1474775,"""教育"""
安贝斯早教托育中心,凤凰北路25-4号,113.2454391,23.40402502,"""门址"""
优学托,Y769（新庄小学西北侧),113.2450105,23.48897995,"""教育"""
培英前程托管中心,工业大道广纸北一路东四街4号铺,113.2145742,23.39946022,"""教育"""
康悦托管培育中心,天贵路50号美华新村3号楼商铺（五洲幼儿园隔壁）,113.2370333,23.39509906,"""教育"""
小状元托管,梅花街共和五巷30栋101室,113.7908804,23.50025355,"""教育"""
俊才托管铺导班,聚龙苑西门北90米,113.4475469,22.96605889,"""地产小区"""
向日葵托管辅导,边岗西路9巷6号,113.4051126,22.97570218,"""教育"""
Sunny艺术托管中心,教育街大龙社区西侧,113.451483,22.96976074,"""教育"""
春苗托管,小北路丹桂里15号302室,113.283157,23.14505235,"""NoClass"""
优智托管中心,金信路77号,113.286495,23.18889089,"""教育"""
心乐梦教育,"朱村大街117号（近324国道,朱村牌坊北550米）",113.7084888,23.28987018,"""教育"""
文冲托教,步东商业大厦（大沙东地铁站C口步行490米),113.47686,23.11799944,"""商务大厦"""
小黄帽托托屋,新雅街(合和新城)万和北路1-4号,113.2718696,23.38359656,"""购物"""
天衡优才,康王中路600号城光荟广场南区一楼116号,113.2612342,23.13594264,"""教育"""
文冲托教,步东商业大厦（大沙东地铁站C口步行490米),113.47686,23.11799944,"""商务大厦"""
小黄帽托托屋,新雅街(合和新城)万和北路1-4号,113.2718696,23.38359656,"""购物"""
天衡优才,康王中路600号城光荟广场南区一楼116号,113.2612342,23.13594264,"""教育"""
官湖幼儿托管中心,官湖村官湖路69-2号二楼,113.6470277,23.15120566,"""村庄"""
学敏托辅中心,江平二路22号2楼,113.3577941,23.00377003,"""教育"""
智诚保贝智慧托育,华南碧桂园锦翠苑A区二街26号,113.3667313,23.00688139,"""地产小区"""
全优贝贝保利花城店,保利花城西一街33号,113.3630347,23.30786496,"""门址"""
博雅托管中心,富怡路63号,113.4509911,22.96990602,"""门址"""
同芯拖辅中心,海傍村民委员会,113.4809023,22.94053624,"""NoClass"""
小鹿安迪托育早教中心,鹤洞路267号中海花湾壹号中海花湾天地购物中心F2层,113.2458569,23.0843131,"""教育"""
向阳托管中心,登云大路兴旺街7号111室,113.3599943,23.02686576,"""教育"""
博思特托管（一店）,宏明路99号101铺,113.5627972,23.12670602,"""教育"""
小恐龙学堂,洛浦街珠江花园别墅区琴江街4号,113.3569347,23.04334541,"""教育"""
培越托教中心,广州设计港彩虹座,113.2521701,23.14285823,"""商务大厦"""
华思教育（番禺校区）,兴亚三路与兴岭路交叉路口南侧（运动员村东南侧）,113.4952569,22.95923435,"""地产小区"""
天歆教育,新都里与泮塘路交叉口西120米,113.2482608,23.13577734,"""教育"""
领航托管辅导艺术培训中心,新村北街新塘小学南侧,113.4233333,23.17542943,"""教育"""
佳一辅导,"朱村大街117号（近324国道,朱村牌坊北550米）",113.7068738,23.28862395,"""NoClass"""
亲呀呀精致智慧托育（增城豪园校区）,石滩镇碧桂园豪园翠湖苑四街49号,113.758108,23.21834845,"""地产小区"""
哈喽宝贝(豆豆乐)托育园,海伦堡大道2号海伦堡花园百仁教育城一楼,113.5694241,23.11265607,"""教育"""
童景托育,南洲路珠江御景湾,113.3546229,23.06123771,"""NoClass"""
sunny艺术托管中心,南城路343号喜迎雅静小区一层商铺,113.3738998,22.92884838,"""教育"""
康源馆,太石村简太路233号20号,113.4179621,22.89673403,"""门址"""
喜宝幼儿托育中心（龙珠校区）,龙珠路18号金色华庭首层东面商铺（金信广场入口进入20米）,113.2372387,23.40797679,"""地产小区"""
手拉手学社,竹丝岗大马路11号,113.3246879,23.27680209,"""门址"""
子安托育,光明南路1号青少年宫首层,113.3765205,22.94642028,"""教育"""
爱迪儿托教中心,三角园路与里仁洞村占贤大道交叉口东南100米,113.3625468,23.00166463,"""地产小区"""
阳光小屋托管,祥安大街与德胜路交叉口西南20米,113.3780996,22.99002172,"""NoClass"""
博艺托儿所,东平北路8号,113.3276556,23.26476893,"""门址"""
马溪早教托管中心,花港大道与南岳大街交叉路口南侧,113.1608632,23.36599771,"""商圈"""
雍学托管辅导中心,夏街大道17号,113.8469995,23.29711838,"""门址"""
乐鲸灵婴幼儿成长中心（剑桥郡校区）,雅居乐花园国泰路36号自编1（仁维天药房旁),113.3919194,23.01638738,"""门址"""
阳光小屋托管,祥安大街与德胜路交叉口西南20米,113.3780996,22.99002172,"""NoClass"""
博艺托儿所,东平北路8号,113.3276556,23.26476893,"""门址"""
马溪早教托管中心,花港大道与南岳大街交叉路口南侧,113.1608632,23.36599771,"""商圈"""
雍学托管辅导中心,夏街大道17号,113.8469995,23.29711838,"""门址"""
乐鲸灵婴幼儿成长中心（剑桥郡校区）,雅居乐花园国泰路36号自编1（仁维天药房旁),113.3919194,23.01638738,"""门址"""
卓知托管服务中心,荔景大道1-114号114号,113.8358191,23.30270777,"""教育"""
Kids life孩宝培育托班,江宝路390号,113.2905724,23.0973417,"""购物"""
萌乐园少儿托管中心（荷花路）,桂花路与荷花路交叉口西南50米,113.6269575,23.12723795,"""交叉路口"""
嘉嘉托管,员村三横路18号之一（员村地铁站C口步行470米）,113.3798788,23.13053357,"""教育"""
欣悦优托,商南街与育才街交叉口西南60米,113.2243138,23.38723898,"""教育"""
学业有成,迎宾大道辅路与大华三路交叉口东约60米,113.2111655,23.41067471,"""NoClass"""
广礼学堂（北京路店）,同庆坊17号一楼,113.2828506,23.1289308,"""教育"""
广州乐智之家托管中心,先烈中路105-1号（沙河顶地铁站B口步行320米）,113.3175489,23.15816285,"""教育"""
海青成长中心,新港西路38号,113.2979452,23.10487499,"""门址"""
苌菁藤艺术托管中心,建设横马路2号宸宇大厦602-606室,113.2613985,23.3957658,"""门址"""
津德托管中心,龙溪中路保利九里公园杏霖街6号112室,113.2266085,23.08969074,"""教育"""
金宝贝托管,花都雅居乐锦城花语集346号商铺,113.203564,23.42589762,"""教育"""
祝博士,凤湖四路万科幸福誉南门底商,113.5548655,23.34224798,"""NoClass"""
新星,沐陂西街三号大院西南侧约40米,113.4075492,23.16727789,"""地产小区"""
培蕾阳光教育中心,德政中路130德悦居二楼,113.2882869,23.13313782,"""教育"""
永曜北托管,东濠涌高架路越秀南社区,113.2914736,23.13207343,"""教育"""
优匠学堂,市桥镇丹桂园大街五巷11号（市桥北城小学旁）,113.3700236,22.95844401,"""教育"""
名扬托管,泥紫洪圣涌路五巷4号,113.6536266,23.12780117,"""餐饮"""
一点通托管中心,镇龙村新围友新路7号,113.5895804,23.29288651,"""教育"""
晟睿托管服务中心,南航大道北益群学校西侧约30米,113.2016396,23.48252814,"""教育"""
晋级托管学堂,福今路51号,113.3155124,23.14315821,"""门址"""
文慧教育,心谊路51号,113.2690559,23.18247513,"""教育"""
桐文乐学,菁映路菁品园,113.4315619,23.12384537,"""教育"""
森诺托育园,东乡二街183号,113.294134,23.05403166,"""教育"""
贝尔安亲,东风东路776号外贸大厦B座2楼,113.3163031,23.14345918,"""商务大厦"""
童旭托管服务部,白山西街4号（同和地铁站D口步行400米）,113.3380566,23.21200358,"""村庄"""
育才托管辅导中心,新安路与隔塘新村大街交叉口西南20米,113.5683989,23.2010476,"""教育"""
贝尔安亲,东风东路776号外贸大厦B座2楼,113.3163031,23.14345918,"""商务大厦"""
好孩子托管中心,大华二路阳光家园A座,113.2129376,23.40696583,"""道路"""
子悦童行托管・兴趣・辅导,团结路8-11号101室,113.2781648,23.39956253,"""门址"""
育才托管辅导中心,新安路与隔塘新村大街交叉口西南20米,113.5683989,23.2010476,"""教育"""
东泽托管培训中心,寺右中街13号101室,113.3219972,23.13078279,"""门址"""
大拇指托管中心,大石岗东路19号的,113.3204644,23.03587583,"""餐饮"""
桐文乐学,菁映路菁品园,113.4315619,23.12384537,"""教育"""
龙脉托幼生活,沙园大街与沙园二街交叉口西北80米,113.2377576,23.4783235,"""道路"""
疯狂龙博士托辅中心,校园路48号广州市康祥实业有限公司的,113.2396543,23.15973516,"""NoClass"""
素质托管中心,晓园路11号,113.2934701,23.09988515,"""教育"""
大笨象托管中心,官育路棠东毓南路5号,113.3989283,23.13919469,"""教育"""
婴幼儿照护日托,骏新路172号,113.3197479,22.98468963,"""门址"""
童旭托管服务部,白山西街4号（同和地铁站D口步行400米）,113.3380566,23.21200358,"""村庄"""
扶幼堂,宝华路34-6号,113.2283232,23.39901567,"""门址"""
一德托管中心,康乐小区康乐园一街,113.3726813,22.95773681,"""地产小区"""
天天向上辅导托管中心,西约新村大街利源超市旁,113.4227707,23.17408754,"""教育"""
乐臻托管,小洲村西成右五巷1号,113.369747,23.07348913,"""教育"""
南葵向暖托管中心,南城路343号103号铺,113.3742496,22.9285751,"""教育"""
开心托管,荔城街道荔城大道137号,113.83575,23.30288754,"""教育"""
康康托儿所（龙溪西路）,龙溪凤池村262号,113.1966501,23.08148915,"""道路"""
都挺好托育（哈街校区）,桥南街道南郊路162号,113.3807872,22.93974734,"""购物"""
小宝贝幼托,侧斌街与均一东街交叉口东约80米,113.1854106,23.47518351,"""教育"""
星星少儿托管中心,团结路54号,113.3053368,23.15249079,"""门址"""
正牌托管,清水濠9号2层（团一大广场地铁站A口步行450米),113.2909267,23.13126029,"""休闲娱乐"""
亲的时光托育院,朝阳西路77号,113.3198574,23.03556605,"""教育"""
萌芽教育（左边小学店）,环村东路左边小学东南侧,113.3661558,22.97735864,"""教育"""
酷爱学托管,富基路富基广场-一期（市二宫地铁站B口步行490米),113.2860485,23.12117951,"""教育"""
朗星托管,群英大街13号附近,113.2752447,23.16810698,"""门址"""
亲子林教育,天府路口叠翠台D座首层,113.3748271,23.14500089,"""教育"""
都挺好托育（市桥校区）,市桥街清河中路8号,113.3788695,22.94559967,"""门址"""
东乡托幼中心,村四街十七巷一横巷23号之一,113.5984633,22.77388866,"""道路"""
卓思托育&早教中心,团结村金龙路7号（即恒大一期旁）,113.4454576,22.96674454,"""门址"""
卓思托育&早教中心,团结村金龙路7号（即恒大一期旁）,113.4454576,22.96674454,"""门址"""
FAMIC放我家（万科尚城2店）,丹水坑路万科尚城A2栋204房,113.5440407,23.1055483,"""地产小区"""
启航,钟村街钟三村一条树路9号,113.3382712,22.98683795,"""村庄"""
佰分托育中心,翠园西八街4号103室,113.3589359,22.99690022,"""门址"""
红太阳托管服务中心,文教西街27号,113.3996966,22.95771838,"""门址"""
田野教育,岗东路2号2层,113.3205654,23.03309072,"""门址"""
好之星托管,钟落潭镇,113.417411,23.39799166,"""乡镇"""
天才优儿（萝岗奥园广场店）,开创大道萝岗奥园广场F1层,113.5104005,23.18761527,"""教育"""
育学教育,元塘路1号,113.3213993,23.03009339,"""教育"""
星火教育,繁华路57-103号金口岸大厦3楼,113.3755359,22.95369284,"""教育"""
同学家托管,雅居乐富春山居,113.4436131,23.19683425,"""地产小区"""
阳光托管（信成南街）,信诚小区信诚街12号201房,113.3454738,23.15121308,"""地产小区"""
小太阳托管辅导中心（北星路）,北星路北星小学-附属幼儿园南侧约50米,113.5996757,23.56824054,"""教育"""
贝贝熊・晋级托管学堂（帝景校区）,龙口西路212号,113.3495682,23.15193296,"""地产小区"""
宜庭托管,盈中路52号(南武小学旁),113.3144428,23.0804562,"""教育"""
佳佳托管,大沙北路大沙东公租房,113.4783818,23.1203847,"""教育"""
精诚托管中心,芳村大道中344-360B2栋401室,113.2696243,23.13468704,"""NoClass"""
易学堂教育,宏明路91号,113.5626595,23.12742635,"""门址"""
佩奇小网红,环市大道西路大涌地铁站D出口旁,113.325154,23.14580876,"""购物"""
奇特小镇婴幼儿日托中心（金山谷店）,东艺路14号之4号,113.3563301,22.98149058,"""教育"""
金贝贝儿童看护点,龙洞东街110号,113.3800406,23.21105902,"""门址"""
学优托管中心,福兴三街福涌小学北侧约50米,113.3471217,22.93293096,"""教育"""
学贤托管,银利街285号,113.3325797,23.18090639,"""门址"""
KPF剑桥成长中心,百顺北路云门云悦2楼北塔L2-6,113.3071598,23.24752932,"""购物"""
启博托管,福南坊新村12巷1号2楼,113.4447266,23.09065968,"""购物"""
一百橙长,金峰城128号,113.4660041,23.18996027,"""地产小区"""
一嘉,西城路144号,113.366327,22.94282496,"""NoClass"""
悦乐成长园,兴华路91号,113.4327187,23.04819565,"""教育"""
喜洋洋托管,五羊北小区（广州市越秀区)寺右新马路寺右北二街五巷1号地02室,113.326112,23.13331027,"""地产小区"""
广东省纺托儿所,工业大道北41-4号3号大院省纺宿舍内,113.268286,23.10856936,"""教育"""
益儿托管,旭景家园A区a9-102室,113.41447,23.14002544,"""教育"""
新爱婴国际日托中心（西i店）,花地大道中四季花园南门雨菊街15―17号四季中心三楼303号,113.2451924,23.08163416,"""商务大厦"""
益儿托管,旭景家园A区a9-102室,113.41447,23.14002544,"""教育"""
新爱婴国际日托中心（西i店）,花地大道中四季花园南门雨菊街15―17号四季中心三楼303号,113.2451924,23.08163416,"""商务大厦"""
博美少儿托管中心,如意路广州市番禺区洛浦中心小学东北侧约30米,113.3237018,23.04838856,"""教育"""
安心托管,五羊北小区（7号门),113.3265877,23.13355916,"""NoClass"""
翱飞教育,大涌口大路兴贤小学西南侧约180米,113.3654977,22.91129097,"""教育"""
五六点智慧托管（亚运城校区）,亚运大道1290号9栋103铺,113.4892178,22.95769613,"""教育"""
龙胜教育托管中心,田心校前街联和小学东侧约50米,113.611284,23.17533201,"""村庄"""
优越托管辅导中心,龙井路9号,113.6102497,23.55571771,"""教育"""
小布丁托管辅导中心,荔城大道洋溪村洋溪路东五巷4号,113.8196318,23.30891993,"""教育"""
有家学堂学习共享空间（盈溪路店）,盈溪路149号3楼413-415室,113.4330666,23.12523244,"""门址"""
明爱托管辅导中心,锦绣花园北区一座4号铺,113.3225615,22.98351988,"""地产小区"""
赤岗托儿所,赤岗东约539号（宝佳商场对面),113.3208844,23.11081965,"""乡镇"""
彩虹屋幼儿班,新村北街茶园岗综合市场东南侧,113.3561066,22.97647636,"""道路"""
蓝精灵托管中心,夏园小学西南门西北50米,113.5296533,23.09401868,"""教育"""
同步堂托管中心,谢村环村南路64号附近,113.3241279,22.99294925,"""教育"""
智多星托管,G9411广隆苑底商,113.5555392,22.79222592,"""地产小区"""
升启教育,小洲村艺术大楼北楼4楼,113.3691702,23.07194507,"""教育"""
才智社辅导托管中心,茅岗路茅岗小学南侧约70米,113.4500542,23.12268565,"""教育"""
君轩托教中心,光明南路97号,113.3758763,22.94929665,"""教育"""
韵乐生活馆（先锋店）,光明南路111号,113.3757262,22.94956347,"""购物"""
方源教育,紫山大街32号江南新村第二小学东北门对面,113.2807984,23.10773387,"""门址"""
书童之家,荷光路38号棠新住宅小区3栋1楼,113.3869489,23.14443616,"""地产小区"""
早教托管,大石江丽九街,113.6326907,23.29990586,"""教育"""
小东家托管综合服务中心,郭地大街一巷松苑,113.3933187,22.95729016,"""教育"""
乐懿教育托管班,石榴岗路信步闲庭信步中街35号之二,113.3474785,23.09991424,"""教育"""
祝博士,藤业一路富力・金街,113.2099159,23.17075151,"""教育"""
阳阳教育托管中心,塘园中路60号,113.8465507,23.31176075,"""门址"""
兴安托管所,新村西路1号楼,113.5980577,23.56202827,"""教育"""
小叮当托管中心,康乐小区康乐园一街二座,113.3732661,22.95679872,"""楼号"""
爱尚教育招生办,东晓南路1433号（南洲地铁站D口步行300米),113.3109567,23.07968596,"""教育"""
极客托管,新时代大厦,113.2958934,23.14505484,"""商务大厦"""
童星俊华幼儿教育（海珠五凤园区）,东晓南路630号二楼,113.3025321,23.09256261,"""门址"""
一心教育,解放北路金桂园C6-104A,113.2773853,23.16400972,"""教育"""
智慧树托管中心,五羊新城E18栋地03（五羊地铁站A口步行470米）,113.3261935,23.127924,"""餐饮"""
豌豆园托管,西华路大兴街16号106室,113.2654648,23.14401139,"""门址"""
哆来咪课后托管,增南路与海南南边街交叉口东180米,113.2336318,23.06475262,"""教育"""
小时光托管辅导,章陂村可园新街六巷14号,113.6263364,23.16978489,"""教育"""
小状元托管辅导中心,万安村北斗小学对面,113.3595106,22.88726816,"""教育"""
朝阳托教中心,犀牛路犀牛尾村69号永建大厦一楼（区庄地铁站B2口旁）,113.3085168,23.14798647,"""地产小区"""
小太阳托管中心,大罗村中约前街4号大罗小学正对面,113.3630616,22.97205371,"""教育"""
龙博士小禾苗双语日托,石壁街屏山东路56号之101-201室,113.3028998,22.97556564,"""餐饮"""
文慧辅导班（海北店）,东联路13号,113.2124642,23.08582335,"""购物"""
康恩托管教育中心,光孝路与中山六路交叉口东北100米,113.2628078,23.14481992,"""教育"""
斯宇托管,丹桂园大街与丹桂园大街一巷交叉口西北60米,113.3703925,22.95876791,"""交叉路口"""
宇曦托管,农林下路78号之二110房（区庄地铁站C口旁),113.308517,23.14798613,"""村庄"""
蓝房子托管,光明南路51-53号,113.376386,22.94806977,"""教育"""
七彩缤纷托幼中心,石塘石一街18号,113.4454011,23.13903675,"""购物"""
小状元,富豪山庄小学北门西南110米,113.3597841,22.98476344,"""餐饮"""
宝贝加油站（有家托管中心）,下塘西路48-52号附近,113.288783,23.15667752,"""教育"""
心智成长托管,友爱路9号之102室,113.3038055,23.15297294,"""教育"""
乐苑教育,赤岗恒信路149号,113.3452383,23.10576109,"""教育"""
天衡幼儿学苑,龙口西路212号2楼君易艺术中心,113.3493493,23.14961263,"""教育"""
小太阳,兴泰大街与兴泰路交叉口西南160米,113.3917621,22.94362845,"""NoClass"""
正耕学星,陶庄路3号之5首层（天平架地铁站B口步行390米）,113.3343396,23.1735009,"""商圈"""
倍优加托管中心,荔城街庆丰村洋溪村路7号,113.8199142,23.30879884,"""村庄"""
厦蛲杏,沙蛑新1巷11号3层,113.3309924,23.0526839,"""教育"""
乐学托管中心,笔村中南坊街41号(东区小学正对面),113.5339058,23.12754532,"""教育"""
小叮当托管中心,经述路京兆小学东南门东侧约40米,113.3504291,22.91784142,"""教育"""
几何马奇教育马奇熊智慧托管,天河北路侨林街51号侨林苑1期A栋首层,113.3429762,23.15483285,"""教育"""
梦想之家,福和小学路口,113.6457448,23.36936086,"""教育"""
天旭小可爱保育园,汇侨新城汇侨路14号首层101室,113.2702791,23.21077577,"""地产小区"""
山今早托萌学园,石围塘街道龙湾路2号首层110铺,113.2396123,23.11393442,"""门址"""
天旭小可爱保育园,汇侨新城汇侨路14号首层101室,113.2702791,23.21077577,"""地产小区"""
山今早托萌学园,石围塘街道龙湾路2号首层110铺,113.2396123,23.11393442,"""门址"""
优立思文化成长中心,前进街桃园路1号,113.2671883,23.11734692,"""教育"""
佑升辅导,中山六路惠吉东路17号1楼,113.2725667,23.13855237,"""教育"""
棉村托儿所,海南棉村181号,113.2299388,23.07023646,"""教育"""
五六点智慧托管,沙太南路鸿辉高级写字楼2楼201-204室,113.3444316,23.18322434,"""商务大厦"""
宝园教育,贤藏街67号1层,113.2763088,23.13612152,"""教育"""
童心托管辅导中心,水荫四横路65号101室,113.3218441,23.14935277,"""地产小区"""
童话镇,三堂路南阳里小学（第二校区)东北侧,113.3732936,22.94701402,"""教育"""
壹佰度教育,中海花湾壹号D区北门旁,113.2539826,23.08195665,"""教育"""
蓓蕾教育咨询部,马岗大街石化小学东北侧约40米,113.4891913,23.11615567,"""教育"""
贝贝加国际保育园,金碧世纪花园会所4楼,113.4413805,23.12469902,"""教育"""
鸿学堂,江海街艺苑南路244号金影花园南门,113.3337524,23.10352031,"""NoClass"""
晓远托辅中心,桥南路南郊村顺宁路8号,113.3808572,22.94019902,"""村庄"""
荟俊托管辅导中心,桥南路一巷10号,113.3822083,22.9384568,"""教育"""
德宝教育（华阳校区）,信成小区6号,113.3454738,23.15121308,"""地产小区"""
南箕托儿所,南箕中约大街14号,113.4859196,23.11929365,"""门址"""
祝博士（金沙洲沙凤校区）,汇瑞街68号二楼,113.2099159,23.17075151,"""教育"""
大拇指托管中心（经述路）,经述路与岗心路交叉口东20米,113.3504654,22.91704913,"""汽车服务"""
睿庭教育托辅中心,桥南街南庭路266号,113.3776519,22.93649204,"""教育"""
无忧托管辅导中心,东涌路90号二楼,113.3799963,22.9471614,"""教育"""
优智嘉教育,东涌路92号1楼,113.3800289,22.94723603,"""教育"""
精准托管所,员村街道员村西街4号大院(侨颖苑)2层104室,113.3718886,23.13103594,"""地产小区"""
金智慧素质成长中心（金港湾购物广场店）,大龙街城区大道283号金港湾购物广场F2层,113.4190461,22.94982179,"""教育"""
筱葵园托管中心,东横一路宏泰创空间2楼209室,113.4433223,22.96380166,"""道路"""
筱葵园托儿所管中心食堂（东圃店）,东圃小学门口对面二楼,113.4162999,23.13363422,"""NoClass"""
尚堂,桥南街道聚宝路3号,113.3830771,22.93456675,"""门址"""
中正,西城路287号,113.3648529,22.94226212,"""NoClass"""
阳光托管,红山街道姬堂乐善上街52号,113.459436,23.10995773,"""教育"""
IQ博士,淘金街11号,113.300028,23.15317855,"""教育"""
贝贝育儿中心,环山路与围仔大街交叉口东北40米,113.3057767,22.97543901,"""教育"""
优博学,桥南街南庭路242号,113.3861547,22.93606856,"""教育"""
优博学,桥南街南庭路242号,113.3861547,22.93606856,"""教育"""
韵乐生活馆・双语托管（桥东店）,东涌路130号,113.3797494,22.94856496,"""门址"""
Sunny文化托辅中心,碧莲路222号,113.3685617,22.92750581,"""教育"""
诺诚教育中心,大西路132号,113.3745792,22.94777061,"""教育"""
Sunny文化托辅中心（锦庭店）,锦庭路236号,113.3860543,22.93595929,"""教育"""
领航托管,港湾一村13栋105房（大沙地地铁站C口步行470米),113.459969,23.11267498,"""教育"""
彼芯课后成长中心（华阳中心）,信成南街宏景台三楼c区,113.3438646,23.15116381,"""教育"""
多向托管,小北路52号粮贸大厦F2层,113.2847193,23.14526715,"""商务大厦"""
嘉家托管,长兴路105A2栋505-506室,113.3625712,23.18054985,"""门址"""
花园教育,城内路与城内路一巷交叉口西约60米,113.5957715,23.5590918,"""教育"""
习优教育（大西路店）,三堂路南阳里小学（第一校区)西侧约50米,113.3739656,22.94814207,"""教育"""
福慧托管辅导中心,福涌村福兴路二街4号,113.3518221,22.9297101,"""村庄"""
沐洋瀚文,顺宁路与南康二巷交叉口西北20米,113.3789291,22.93689185,"""道路"""
师路育儿托管,西城路181号,113.3666763,22.94291948,"""门址"""
阳光托管,英贤路15号,113.56489,22.71896667,"""门址"""
博学托管培训中心,淘商城电子商务创意产业园西南门旁,113.3839214,22.94679879,"""教育"""
贝思少儿托管中心,南郊村B区南康大街4号,113.3792122,22.93670188,"""教育"""
乐瑶园教育托管.辅导.艺术,德贤路604号（君华御府东门),113.3695597,22.92746952,"""NoClass"""
酷爱学托管,亚运大道辅路与兴亚大道交叉口西行150米路南亚运城天成,113.4856996,22.95732682,"""地产小区"""
国小安亲托管,象岗街34号,113.2889882,23.15659387,"""教育"""
爱玛托管班,象岗街与下塘新村二巷交叉口东南100米,113.2976163,23.15768257,"""教育"""
成长学生托管辅导社,西城路281号,113.3649821,22.94228074,"""教育"""
一心托辅中心,三堂路四巷1号,113.373801,22.94672167,"""教育"""
学通托辅中心,顺宁路3号,113.3790898,22.93630223,"""教育"""
旭升家庭服务部,二i西街1巷2号,113.3858435,22.92932715,"""生活服务"""
一同学,顺宁路南郊村-B区,113.3781306,22.93637275,"""NoClass"""
习乐托管中心,育龙路龙岐螺阳小学西北侧,113.3611505,22.93359692,"""教育"""
全优托管中心（沙坑大道）,沙坑大道43号,113.3595261,22.92322268,"""教育"""
博雅托辅中心,南华路123、125、127号商铺,113.3774312,22.93688392,"""教育"""
如意教育,东涌路114号,113.3798398,22.94813711,"""教育"""
澳美加全日托,环市东路500号广发花园幸运阁,113.3217658,23.14601973,"""NoClass"""
三乐教育,逸彩路小美医生二楼,113.2280644,23.13943166,"""医疗"""
童佳学习吧,大西路143号,113.3746607,22.94762719,"""教育"""
晨童托辅,三堂路94号,113.3738756,22.94887837,"""教育"""
五六点智慧托管,育才街1号205、206房,113.2253253,23.3864944,"""教育"""
学倍优托辅中心,新中路6号之一202号,113.2232968,23.38247983,"""门址"""
创想教育托管,东华东路388-7号首层,113.300104,23.13373565,"""教育"""
悦享学成长中心,中山大道绿茵街9号,113.4014658,23.13472102,"""门址"""
华外APEP爱培学园（优托邦店）,科学大道193科学城商业广场F2层,113.4656965,23.17934552,"""商务大厦"""
奇特小镇,市桥街富都城捷进中路3号上轩广场F2层,113.381621,22.96273356,"""餐饮"""
新塘学舟托管辅导中心,桂花路新塘镇第二小学东侧,113.6269125,23.12721059,"""教育"""
三点半互助托管中心,东沙村兴发路,113.8352709,23.14488693,"""门址"""
晖扬文化艺术特色托管,玉兰东路与紫荆东路交叉口东150米,113.3694907,23.15139584,"""道路"""
金苹果看护点,岑村圣塘大街二巷23号,113.3927956,23.17794656,"""教育"""
鸣人教育,繁华路90号,113.37289,22.95414256,"""教育"""
东方托管中心,岑村松岗小区7巷2号,113.3989666,23.17313887,"""教育"""
洪悦托管,农林下路78-2号附近（区庄地铁站B1口步行140米),113.308517,23.14798613,"""村庄"""
安心托管（沙河塘寮街）,沙河大街左竹园14号,113.3252809,23.16474676,"""教育"""
启航托管,友爱路9号之1号102室,113.3047828,23.15046797,"""教育"""
优师教育托管中心,东山街道署前路17号,113.3179517,23.14621875,"""教育"""
亲仁托管,车陂路B12站,113.4053775,23.1329488,"""教育"""
贝乐,南康六巷与顺宁路交叉口附近,113.3785018,22.93643569,"""道路"""
文亮托管辅导班,派潭镇文政路102号,113.7931431,23.50201053,"""门址"""
太小阳托管,水荫二横路水荫路小学,113.3263428,23.1530054,"""教育"""
小花园优童托管,福今东8号之1-10福今东8号大院福今东8号大院之五101室,113.3177356,23.1419736,"""地产小区"""
启辰托学中心,乐宜路大同小学南侧,113.4041682,22.90459528,"""教育"""
思学微塾,仁厚直街4前锋商务楼F1层,113.2763581,23.11392308,"""教育"""
开心托管辅导中心,瑶东街与东联新街一巷交叉口北140米,113.6404247,23.15174909,"""教育"""
童映学堂,共和八巷18号,113.3190158,23.13587205,"""教育"""
培正托管（培正店）,培正新横路21-23号,113.3100993,23.0272542,"""门址"""
未来星托管中心,永发路5-21号,113.8422663,23.3137024,"""教育"""
华人教育托管中心,江南西路36号,113.2846352,23.10815676,"""教育"""
小森林托管,陂吓路嘉汇・四季阳光东北侧约40米,113.8253764,23.30793728,"""教育"""
雅智园幼儿托管中心,港湾西三街西200米,113.4560515,23.11289494,"""门址"""
小森林托管,陂吓路嘉汇・四季阳光东北侧约40米,113.8253764,23.30793728,"""教育"""
雅智园幼儿托管中心,港湾西三街西200米,113.4560515,23.11289494,"""门址"""
成长教育托管辅导中心,桑田一路32号礼加诚购物广场对面,113.5832253,23.20075486,"""教育"""
姬堂小学-阳光辅导,黄埔街道姬堂小学,113.4775455,23.14338469,"""教育"""
精灵艺术托管中心,大源东路92号,113.3727144,23.25589708,"""教育"""
南浦幼儿早教中心,东乡广场东南（东乡二街）,113.3020272,23.05387399,"""NoClass"""
翰林优幼教育,荔城大道300号4层,113.819466,23.30817315,"""教育"""
十牛城堡,迎星中路番禺儿童公园,113.3800831,22.97333797,"""旅游景点"""
乐学时校外托管服务中心,共和苑内（共和三巷46-48号首层）,113.3204741,23.13579439,"""地产小区"""
上步托儿所,上步花园A2栋21号（上步地铁站D口步行450米),113.2499134,23.18210251,"""楼号"""
立星托管,员村三横路东巷1号二三楼,113.3803878,23.13157142,"""门址"""
思培学研社,五一新村大街南16号（沙园地铁站C口步行250米),113.2758394,23.10038715,"""教育"""
科翰教育,繁华路57号繁华中心三楼,113.3760028,22.95366049,"""教育"""
欣育托管,阳光假日园2层A29室,113.404515,23.14108264,"""地产小区"""
大智森林,中山大道1100号,113.3717889,23.14984292,"""门址"""
云熙教育,茶山路睿峰园一楼,113.3672118,23.1602772,"""教育"""
明日之星托管班,新造镇新华路85号崇德市场对面,113.4323931,23.04821162,"""教育"""
芽米国际保育园,大丰路18号大丰汇创意园D栋201号,113.3862715,23.16189429,"""教育"""
慧知幼儿托管中心,新庄三街1-3号,113.5731558,23.20488847,"""教育"""
德信托管辅导中心,新塘新村北街路7号,113.1194521,23.35334942,"""门址"""
旭日托管辅导中心,光明西路江龙学校,113.8314919,23.14496806,"""教育"""
新目标托管中心,清布村清潭小学旁边,113.2740303,23.39423363,"""教育"""
金紫里步星托管,金紫里东街34号2层,113.302215,23.09308871,"""教育"""
天树幼儿国际教育,远洋天骄广场B1栋2楼211室,113.336043,23.02668283,"""NoClass"""
比芯课后成长中心,华穗路406号906室,113.3330347,23.13839778,"""门址"""
奇特小镇婴幼儿日托中心（时代倾城校区）,时代倾城194铺,113.4123206,23.01105771,"""地产小区"""
甄诚小初中托管中心,竹苑街18号104商铺,113.2295779,23.39132886,"""门址"""
艺墨托管中心,穗石村穗石大道38号,113.4250515,23.06159528,"""门址"""
小宇宙托辅中心（潭山店）,潭山环村公路化龙第二小学,113.4715784,23.01195806,"""教育"""
前蔚托幼园,桃园路21号101房二层,113.4246174,23.12534224,"""教育"""
智航教育托管中心,五斗街11号智航托管中心,113.8440928,23.29523379,"""教育"""
瑞奇中小学托管辅导,东园六街南燕楼,113.5436565,23.07641446,"""地产小区"""
唐老师托管辅导,友爱路一巷六号,113.3032057,23.15206226,"""门址"""
亲子园太阳广场校区,天润路461号五楼,113.3517685,23.15507641,"""地产小区"""
呈长乐园,江夏村学校北路3号尚毅大厦311房,113.2940825,23.22193222,"""商务大厦"""
裕苑街九巷8号托管,大简幼儿园,113.4232006,22.88220578,"""教育"""
巧多狮,番禺大道北555号,113.3821884,22.99124069,"""教育"""
筱葵园托管中心,吉山小学旁边,113.4374359,23.13008102,"""教育"""
腾艺安亲托管中心,雅居乐剑桥郡瀚澜一街20号之2号,113.3976816,23.03528508,"""门址"""
天之骄子双语乐园,木棉街11巷2号,113.2339948,23.18999754,"""道路"""
儒雅托管中心,富怡路17号2楼,113.4522744,22.96963044,"""教育"""
智慧托管,石楼镇乐羊羊路38号亚运城天o1区7栋106,113.5037991,22.95873003,"""NoClass"""
贝亲国际托幼公学,石井街石槎路981号5层,113.2557304,23.211826,"""门址"""
慧优教育,南村壹号健康产业321,113.3743763,23.02777175,"""工业园区"""
博贤托管中心,员岗村后底岗北路一号,113.3751438,23.03399956,"""教育"""
欣欣托管（大石店）,岗东路55号附近,113.3266938,23.03358102,"""购物"""
家政托管,金碧二街金碧花园（石溪地铁站D口步行290米),113.3005505,23.08138334,"""地产小区"""
启航托管中心,大石岗东路37号之一,113.3280706,23.03162927,"""门址"""
早教,学园街金钻城市广场东侧约30米,113.6326907,23.29990586,"""教育"""
五六点托管（重文校区）,泰山路59号,113.5050909,22.97869429,"""门址"""
小不点天地托管中心,民兴路东大街金色童年幼儿城堡东北侧,113.2962327,23.05099085,"""教育"""
翰玛国际托管中心,荔景大道1号中区名门,113.8356261,23.30231604,"""教育"""
汪嘟嘟的小院,淘金路淘金街20号-34号小区南侧,113.300503,23.15227593,"""地产小区"""
智慧熊猫,金花直街34宜盛商务中心2层208室,113.2578432,23.14384197,"""商务大厦"""
开轩文物托管所,棠德东横路棠德花苑,113.3970994,23.14631357,"""地产小区"""
小学士托管,增江街增江路1号11栋首层,113.8564762,23.29793187,"""门址"""
洛溪新城小学-知了托管,如意三马路与康宁东路交叉口东北20米,113.3122959,23.05374351,"""教育"""
hh辅导托管中心,南村镇樟边村隔田坊大街二巷8号之二,113.3961099,22.9967849,"""村庄"""
明爱教育（第四分店）,胜石环村西路10巷2号,113.3194082,22.98912269,"""教育"""
学思托管,丹桂园大街9巷7号,113.3696733,22.95926458,"""教育"""
乐洋洋智慧托管（亚运城天韵店）,兴海路93号11栋107号,113.5084132,22.95884913,"""地产小区"""
博思托管中心,江南村南里路2号3幢301室,113.389653,23.00653982,"""教育"""
天天向上课后托管中心,蚧地街太平中心小学北侧约70米,113.4953404,23.44758345,"""教育"""
天河区丰乐社区安亲托辅中心,中山大道棠东村官育路18号（棠东小学门前50米）,113.397632,23.13943131,"""教育"""
NewHope,黄石街道黄石北路白云尚城一期会所一楼,113.2975809,23.22479195,"""教育"""
启航托管中心,小塘坊新区大街与为民北路交叉口西220米,113.3371111,22.98616402,"""NoClass"""
奇特小镇婴幼儿日托中心（桥南江畔校区）,桥南街逸祥大街2号2层202号,113.3938628,22.94065044,"""教育"""
全优家托管辅导中心,小龙村祠堂西街北二巷25号,113.4488479,22.97659919,"""教育"""
暖心托管,长兴路天鹅花园A栋,113.3642306,23.18078628,"""地产小区"""
康乐托辅,康乐路92号,113.3724504,22.95634505,"""教育"""
乐乐托儿所（旺城南路）,旺城大道88号,113.5861682,23.56722704,"""门址"""
贝安亲（华发中央公园店）,华发中央公园省实旁,113.2500677,23.07729449,"""地产小区"""
爱思托管中心,穗花南街8号,113.2906847,23.10771582,"""门址"""
人之初托管,沙湾街道,113.3594705,22.91940596,"""乡镇"""
清华托管,井三新内街12号,113.27785,23.14163864,"""城市"""
比芯课后成长中心,华联创意园,113.2972766,23.23885439,"""工业园区"""
里享家托管教育中心,锦绣天伦四街4-6号,113.27785,23.14163864,"""城市"""
童趣之家,华强路2号富力盈丰大厦a座,113.3299277,23.13759668,"""商务大厦"""
未来希望幼托,塘寮街沙东大街小区,113.3235678,23.16620449,"""地产小区"""
学优托管班（五羊店）,五羊北小区A4栋地02室,113.326112,23.13331027,"""地产小区"""
好苗子托管辅导中心,环城西路37号,113.4259977,22.81863468,"""教育"""
启航托辅,潭山小学潭山路65号,113.472759,23.01232774,"""门址"""
智登宝贝,黄埔大道中翠湖山庄27-28号铺,113.3660792,23.13872136,"""购物"""
托儿思,员村西街与乐学街交叉口西南约80米,113.2785153,23.23443479,"""道路"""
培英托管,小乌新街234号,113.4427591,22.87729171,"""教育"""
阳光托管（坭紫村前大路）,坭紫村洪圣涌五巷四号,113.3595906,22.99774286,"""道路"""
明智托管,东涌镇盛发西街二巷6-1号,113.4635768,22.90072979,"""门址"""
金太阳托管,盛发西街与东华街交叉口北20米,113.6182765,23.13518006,"""购物"""
小红帽托管中心,南庭路72号,113.3864239,22.93558097,"""购物"""
小红花,洛浦街道上村如意路3巷10号,113.3234181,23.04880905,"""教育"""
A课后托管中心,经述路1号102室,113.3504278,22.91777174,"""门址"""
创意教育托管中心,中新镇食饭台,113.6219298,23.30217648,"""村庄"""
育群托管班食堂（丹桂园店）,丹桂园大街四巷1号,113.3825549,22.96392165,"""门址"""
远大小状元学习中心,洛浦街百事佳花园临江楼二楼,113.3126786,23.04924001,"""教育"""
翎荟学院,宝业路576号-6,113.2749422,23.10388458,"""门址"""
乐学之家培训托管中心,宁西市场兴旺街17号,113.5867225,22.75893342,"""门址"""
领悦教育,江南中街道江南中穗花新村13号（崴帝斯健身游泳会所旁）,113.2893626,23.10918828,"""教育"""
小天才托管辅导中心,康乐路康乐园5号一座,113.3734267,22.95647293,"""楼号"""
腾龙托管中心,大敦村创新北路（顾康多药房),113.6753971,23.1379883,"""教育"""
朗阅托管中心,中海花湾锦佳四街6号115室,113.3284402,23.08644489,"""道路"""
五年三班亲亲家园儿童托管,兴发大街169号2楼,113.589937,22.75952912,"""门址"""
童心托管中心,青年路东兴楼3楼,113.413886,23.13068019,"""地产小区"""
新果托幼园,双桥8号荔水街3号101房,113.2352582,23.13861577,"""教育"""
全A+少儿托管中心,桥南街南平路1巷号101铺,113.3771012,22.93666788,"""教育"""
萌星托管（富城商场店）,捷进中路瑞华苑,113.3793641,22.96384885,"""地产小区"""
五六点智慧托管,雍逸华庭东门西北130米,113.2253253,23.3864944,"""教育"""
向日葵托管辅导中心（三稳涌西街）,文稳街与909乡道交叉口西80米,113.4470114,22.8990477,"""村庄"""
育才托管辅导中心（西华路）,西一小学西北门旁,113.2849973,23.14665588,"""教育"""
启帆托管班（石楼清流村店）,石楼镇东窖桥候车亭隔壁,113.5081915,22.91798688,"""村庄"""
今诺托管成长中心（碧桂园店）,荔城街荔星大道8-301-302室,113.8166473,23.30471704,"""门址"""
德才托管,马岗顶北街与泰沙路交叉口西南80米,113.2986195,23.09776044,"""道路"""
班长之家,莲花山海鸥桥底,113.5209438,22.98359202,"""购物"""
利民托儿所,桥南街上奥东街6巷8号,113.3816646,22.94133546,"""道路"""
十牛小镇（南国奥园店）,悉奥路商业街5座203室,113.3902452,22.92687162,"""地产小区"""
五六点智慧托管,德贤路590号,113.3693957,22.92779539,"""教育"""
彩虹教育金贝儿托幼,民安路与东乡五街交叉口西南40米,113.2916938,23.05585014,"""道路"""
天湖晨曦艺术托管中心,康乐西路（太平第二中学西南侧),113.4932984,23.44698276,"""教育"""
向阳托管,龙兴中路永兴小学南侧约110米,113.3406605,23.27731614,"""教育"""
育优托管,保利星海小镇（榄核二小正对面）,113.3640503,22.84604112,"""教育"""
培优文化托管,吉祥北园A区,113.3114661,23.05420808,"""地产小区"""
卓聪托管,进港大道28号3楼,113.5604312,22.8121779,"""门址"""
育苗托管辅导班,花园路七巷与花园中路交叉口东南40米,113.4978119,23.44378805,"""道路"""
启点托辅中心,牌坊路52号,113.241778,23.20204343,"""门址"""
东新街儿童看护点,吉山村大园街15号,113.206092,23.24048695,"""门址"""
学生哥托管辅导中心,裕兴西街2号2/3楼,113.5612455,22.81123994,"""门址"""
启航托管班,民生路三街,113.3047828,23.15046797,"""教育"""
晋级托管,奥园金莎广场银座103铺,113.5585987,22.81131144,"""商务大厦"""
传知学堂,德祥路8号,113.3859431,22.94632525,"""教育"""
阳阳教育托管中心,东湖路南三巷12号,113.84879,23.287019,
精品早教托育,锦绣御景国际二期北门西140米,113.804583,23.292528,
全优加早教中心(锦绣国际校区),荔星大道147号(锦绣御景国际二期),113.804608,23.292401,
乐贝尔国际托育早教中心,规划一路与朱村大道东交叉口北约180米,113.747233,23.278819,
天天乐幼儿园(宏华路),宏华南路23-25,113.827645,23.298626,
鹿儿港婴幼儿托育园,增城大道2号1栋117,113.823152,23.274127,
乐儿堡教育(早教托管),光明西路84号,113.827433,23.28806,
展翅教育托管中心,富鹏小学对面,113.832037,23.301424,
阳阳教育托管中心,塘园中路60号,113.833349,23.300072,
文烨教育托管(二小店),荔城街挂绿路南一巷六号,113.833235,23.288289,
飞越教育托管中心,城北路西六巷7号(大鹏小学对面),113.83446,23.300017,
爱德教育托管辅导中心,沿江东路与东境中路交叉口东80米,113.834851,23.274323,
妈咪宝贝国际婴幼儿早教托育中心,石滩绿湖国际1期翠湖路2至6号,113.787958,23.20273,
金瑶篮优托教育中心,石滩镇麻车更楼环村路9号,113.772687,23.200814,
亲呀呀精致智慧托育(碧桂园豪园),石滩镇碧桂园豪园翠湖苑四街49号,113.821825,23.222254,
育英托管,石滩镇麻车村江吓新村三巷39号,113.773188,23.198602,
Tiny Hands托育(珠光山水御苑店),温泉镇大街苑雅街9号山水御苑小区,113.620917,23.592591,
童景托育-珠光山水御苑园区,御苑雅街16号,113.621505,23.592696,
贝安斯国际婴幼早教托育中心,元亨路31号,113.679707,23.271205,
先本教育托管中心,谷岭路1-3(朱村街中心小学正门出来左行0米),113.697285,23.279098,
贝贝教育(托管)中心,恒安路与朱村恒福路交叉口东20米,113.702829,23.273386,
真棒教育(个性化辅导午晚托书法),大田村府南一路14号,113.623641,23.294602,
学托教育,裕华路与裕华一街交叉口西北180米,113.648488,23.123789,
贝艺托育园(天伦第三分店),新塘镇锦绣天伦新绣北路128街,113.640382,23.126644,
豆豆巴托育园,新塘镇敏捷锦绣天伦新绣一路3-5号共两层,113.638294,23.127731,
里享家托管教育中心,新塘镇锦绣天伦四街4-6号,113.640111,23.125318,
书仁教育托辅中心,新沙大道北,113.640225,23.124825,
树人托管教育连锁,新塘瑶田东联新街十巷1号,113.627195,23.139143,
育才托管中心,汇太东路181号,113.622742,23.13104,
铭鼋逃托管辅导中心,东涌七横街与东华大道辅路交叉口西北20米,113.625064,23.110116,
彩虹托育,横江路与横江大道交叉口北140米,113.573619,23.585457,
广州市圣瑞托育早教中心,景瑞街景瑞街8-12号,113.592434,23.536677,
龙博士双语托育中心,江埔街道沿江南路161号,113.591001,23.535873,
教育托辅中心,关围新村东北门旁,113.578992,23.554628,
广州市.乐蓓儿托育园,江埔街河东南路210号,113.598564,23.534356,
优贝乐国际儿童教育中心(从化校区),沿江南路182号201,113.590106,23.535064,
逸泉贝贝托育园,逸泉山庄逸泉贝贝托育园,113.565793,23.510508,
FAMIC放我家・家庭托育(绿地城园),凤湖中路广州绿地城,113.546758,23.32055,
小马快跑早教托育,凤湖四路与九龙大道交叉口西南180米,113.542452,23.329442,
当乐娃国际智慧托育,凤湖四路与九龙大道交叉口西南140米,113.542504,23.329705,
幸福大本营托育中心,S378(九龙大道)福里街12号101号,113.541308,23.333128,
全优加早教绿地缤纷城校,九龙大道绿地缤纷城商城1层153-5,113.54804,23.323522,
托颖教育,南香山小学西侧,113.61818,23.226839,
廖龙摩托车配件店,九佛育贤路与黄山北路交叉口北20米,113.521051,23.350121,
亲呀呀精致托婴托育(增城凤凰城),凤锦苑二街18号101号,113.581906,23.15239,
亲呀呀精致托婴托育(翡翠绿洲校区),新塘镇陈家林路翡翠绿洲森林半岛一期23栋102号,113.560776,23.138429,
爱乐贝多元智能托育中心,・保利爱特城南1门东50米,113.548059,23.142432,
全优加早教托育(翡翠绿洲校),陈家林路翡翠绿洲未来汇3楼整层,113.561225,23.131241,
小柚子托育园,翡翠绿洲3期56栋104,113.560539,23.135885,
吉子托英文托育,凤凰城凤荔苑一街一号305铺,113.571731,23.125805,
全优加早教中心(凤凰城分校),新塘镇碧桂园凤凰城凤晴苑星荟商业街1-2号,113.583323,23.158176,
贝好国际托育(广州凤凰城园区),广场大街凤凰城交通中心广场步行街南2号之8,113.575742,23.125662,
蔚莳托育中心,新塘镇东方名都大林边一路73、75、785号,113.592871,23.127693,
状元贝贝早教托育中心,新塘镇东进东路8号新都盛世名门会所二楼,113.598585,23.126766,
广州星芯托育(早教中心),新塘镇新世界花园美食街金昂二楼,113.570973,23.10924,
番茄园托育中心,永和誉山国际写字楼融景一路12号101,113.596388,23.18928,
金睿家国际早教托育中心(新塘店),新塘镇港口大道336号群星新村南门,113.601319,23.128598,
承希托育(黄埔旗舰店),佳兆业城市广场盛凯一街6号81012,113.548464,23.101909,
森林王国-托育服务中心,新塘镇花园东路6号(新世界花园1门旁),113.577164,23.108289,
小豆苗托育中心,新惠路与创荣路交叉口东北100米,113.606841,23.195383,
芮禾家早教托育园,布岭路里享家T9栋306房,113.565361,23.196567,
芮禾家早教托育园(珠江嘉园店),来安四街86号,113.557653,23.198059,
卓越教育托管中心,岗丰大道与中心村东路交叉口西340米,113.591782,23.153986,
飞屋牧童托育园(南岗佳纷天地店),佳纷天地二楼,113.548815,23.103404,
圣约翰早教,永宁街道创盈路9号,113.595897,23.18872,
启萌园儿童托育早教中心,新塘镇东方名都一期1521号,113.593377,23.123956,
全优加(新塘广场分校),新塘镇解放北路113号新星未来教育城2楼,113.614798,23.11609,
托普教育(增城校区),汽车城大道华兴市场广发银行2楼,113.601174,23.137916,
优加教育托管中心,新塘白江小学(校前路东),113.597682,23.114034,
朗朗托管教育中心,荷花路与桂花路交叉口西南40米,113.613842,23.11516,
金鹰教育托管班,黄埔东路2879号34栋,113.523984,23.087827,
育凡教育托管,青年路东盛楼228号602室,113.531078,23.064055,
小雪人托育中心,进港大道与珠电路交叉口西南约80米,113.552744,22.799035,
蓝蝶国际托育园南沙悠方园,翠瑜街与柳园路交叉口西120米,113.521848,22.798473,
小鹿安迪托育早教中心,南沙街道听海街5街91011号,113.58375,22.74182,
十牛托育(金洲瞳心园),中大城创景街5号101(金洲地铁站A口步行240米),113.537726,22.793361,
飞屋牧童双语托育(南沙万达中心),南沙万达广场二楼,113.532995,22.79437,
自然树儿童之家(广州南沙金茂湾托育园),黄阁镇金茂湾T3栋140号,113.518846,22.780641,
菲格留学教育托管照相复印,南沙街富力华庭五街(富力唐宁B区北门145商铺),113.590395,22.764794,
悠悠家蒙特梭利托育中心,丰庭花园,113.538896,22.789696,
小星星早期托育中心,新垦镇红西一巷7号,113.60117,22.641491,
贝安斯国际托育早教中心,钟升路48号钟兴商业广场F2,113.402181,23.379611,
care for kidz卡尔国际托育园,悦景路48号,113.430562,23.142043,
纽诺托育・早教,开创大道与科翔路交叉口南180米,113.452942,23.178422,
蒂芭卜蒙氏早教托育中心,香雪二路与汇星路交叉口西北60米,113.47784,23.175525,
广州澳学童心圆托育中心,开创大道3330号,113.447168,23.186243,
蒂芭卜托育中心(东荟城店),瑞和路万科东荟城北门二街76号,113.500368,23.161979,
贝贝伴国际早教・托育中心,保利中誉广场副座3楼(大沙东地铁站A口步行320米),113.458061,23.107553,
金鹰宝贝国际托育中心,石化路219号文冲同创汇二楼,113.469565,23.106958,
大沙东托育园,石化小区东南门西80米,113.458547,23.107866,
狮子王贝贝国际托育(户外花园旗舰店),萝岗科学城开创大道锐丰广场9栋3层全层,113.502254,23.17285,
智慧城托育中心,凌塘环村路与凌塘村上街东交叉口西北40米,113.401048,23.17024,
飞屋牧童托育园(萝岗锐丰店),荔红路锐丰中心7栋一楼,113.501352,23.173292,
尚勤学托育中心,-高唐软件园高唐路凌塘村新街16-3号,113.401179,23.170182,
金太阳托育中心,新岑五路云峰商务酒店,113.40109,23.170265,
爱乐祺・国际托育早教中心(黄埔分中心),澳葡街115号201-205,113.458917,23.100297,
艾肯迪托育中心,水西路萝岗和苑H11栋一楼,113.479334,23.188212,
飞屋牧童托育园(中海康城店),中海康城风信街5号,113.403951,23.131945,
子优教育课后托育中心,宦溪北路与桃园西路交叉口东80米,113.409356,23.117025,
提分王AI科技教育中心(优托邦・奥体超级Mall店),奥体南路12号优托邦・奥体超级MallF2,113.416726,23.131025,
柚米国际教育中心(优托邦奥体旗舰店),奥体南路12号3期优托邦购物中心F2,113.415048,23.130247,
全国青少年科普创新教育基地(优托邦奥体旗舰店),奥体南路12号优托邦F2,113.413896,23.13039,
黄岗教育托管辅导中心,育英路31号,113.411,23.126899,
可乐托管教育,怡园小区西街20栋,113.450577,23.102233,
飞卓托管教育,怡园西街16号101室,113.450133,23.102092,
怪兽充电(英卓思国际教育中心优托邦奥体店),奥体南路小Q儿童城2楼(必胜客楼上),113.414801,23.130188,
广东奥林匹克会爱奇体育俱乐部(优托邦奥体店),奥体南路12号(优托邦购物中心迪卡侬对面),113.410496,23.134512,
来电(米娜凯威国际礼仪艺术教育奥体优托邦校区),奥体南路12号优托邦当季2层D220,113.417388,23.131313,
秋石托育,莲港大道与建设路交叉口东北20米,113.489107,22.969007,
托育辅导中心,富怡小区3区东门旁,113.439761,22.958965,
熊猫宝贝早教托育中心,石楼镇莲港大道22号一街701栋,113.486949,22.967528,
鲸喜哆哆婴幼儿托育中心,石楼镇沙浦东路66号,113.490018,22.970682,
阳光教育托管中心,水门路25号三楼化龙镇水门路25号,113.45577,23.037426,
蓓蕾托育园,建设路与西门中路交叉口西40米,113.501874,22.974268,
英莱恩国际早教托育,石楼镇乐羊羊路55号天oF2商铺5梯104-106号,113.494104,22.947802,
精英教育托管服务中心,市莲路与岗中路交叉口西北160米,113.480951,22.966821,
育德堂托管,市莲路与南荔东路交叉口西60米,113.468841,22.96195,
卓盛教育托管中心招生,沙浦东路与沙浦东路五街交叉口西南20米,113.49008,22.97056,
贝贝亲教育托管辅导社,石楼镇建设路秀明街5号,113.48874,22.969688,
儒雅教育托管中心,石基镇富怡路17号,113.439157,22.958079,
向日葵宝贝托育园(东涌校区),东涌镇民康路9号2楼,113.456992,22.886028,
童心教育早教・托育,大龙街道傍雁路东湖洲花园3区1号楼首层,113.417092,22.932963,
广州市朵加婴幼儿托育有限公司,大岗镇兴业路23号5栋308铺,113.40672,22.804162,
小青苗灵性教育(广州旗舰园),黄阁万科南方公园S510,113.500402,22.806887,
全优加(金海岸分校),大龙街金海岸兴泰东路傍江西村1号,113.406495,22.932866,
太和早教佳杰儿0-3岁婴幼儿托育,大源街米龙村建业路52号湖景苑2层,113.362997,23.291163,
育英托管中心,太和镇石湖村前路25号育英托管,113.345979,23.285973,
新摇幼托教育中心,太和镇谢家庄荫兰西六街1号,113.358696,23.303383,
亲呀呀精致智慧托育(岭南新世界园),集福街37号岭南新世界2D18栋201房,113.291853,23.234069,
昂谷资优蒙氏国际托育早教,岭南新世界74号205房,113.294834,23.23432,
稚德托育中心,良城北路28号101铺(良田卫生院对面),113.377033,23.356028,
环球教育雅思托福培训中心(白云封闭学院),大源北路康和山庄康和路10号,113.357764,23.256897,
全优加早教(华发四季店),观云街1号103,113.29731,23.229972,
春田花花托管教育辅导中心,良田良狮路35号(良田二小新校区西侧200米十字路口陆安百货2层),113.394107,23.346792,
全优加早教・托育(天河富力院士庭校),东莞庄路38号富力院士庭三楼,113.335975,23.151296,
托育早教,天河北路与天景街交叉口西南60米,113.337985,23.141121,
Cub land卡比园(天河北中心),龙口西路与天河北路交叉口北40米,113.335964,23.142006,
稚慧宝贝国际托育早教中心,沾益直街168号,113.3301,23.147962,
礼德园国际托育中心,天河区林和东路218号三层,113.328608,23.146583,
抱抱熊托育中心,龙口西路198号,113.336907,23.137576,
迪凯沃全英文托育园,天寿路辅路与天润路交叉口西南40米,113.332227,23.142919,
全优加早教(五山校区),茶山路251-261号五山新天地二层205-209,113.354696,23.15094,
全优加精品早教托育(华景新城校区),华景北路187、189号二层201铺自编03商铺,113.360728,23.141754,
南湖光孕未来国际托育中心,天河北路235号(林和西地铁站D口步行120米),113.325115,23.141996,
比特家托育中心(远洋店),远洋天骄b2栋209,113.336275,23.17417,
威斯康国际托育中心,陶育路82号暨南商务中心首层,113.344763,23.129313,
汇景新城国际幼儿园(托育馆),五山街道汇景南路64号潮皇食府3楼,113.367888,23.147248,
智托帮国际高质量托育中心(珠江俊园校区),枫叶路3号101-02铺,113.366712,23.136733,
方圆培乐思托育中心,体育西路46号办公楼1-4层,113.321994,23.1295,
星宝童会托育早教园,水荫路118号,113.310943,23.144906,
布鲁姆国际早教托育中心,黄埔大道中148号海景中心首层,113.355002,23.124298,
小马快跑(天河环贸天地早教中心),天河北路239号环贸中心商场3层306商铺,113.326079,23.141808,
比泡乐儿国际托育(珠江新城园区),平苑街202号2层(潭村地铁站B口步行160米),113.345716,23.115742,
童希社托育TOPC,云鹤南街七巷1号1层(动物园地铁站B口步行290米),113.306491,23.13593,
几米稚家家庭共享托育,岑村华南御景园A17栋1层,113.379504,23.169993,
优贝乐国际儿童早教中心(华景校区),华景新城景邮路8号115房,113.3638,23.138728,
糖弥儿国际托育中心,东风东路860号锦城教育城2层204室,113.311223,23.131135,
Peter托育中心,华逸锦轩大厦西北门旁,113.309497,23.124256,
希蒙国际托育中心(金东环中心),环市东路476号金东环大厦二楼,113.305439,23.133819,
广州熹乐婴托育中心,寺右新马路南二街三巷8号101房,113.311952,23.117785,
全优加(隽悦园校),天府路161号隽园商务中心,113.361874,23.131134,
全优加早教・托育(珠江新城旗舰中心),华就路21号寺右公馆二楼,113.316699,23.116375,
搏雅教育托管(中明大厦),龙口西路100号中明大厦12层15层,113.336532,23.137435,
小当家托育园,太和岗路20号,113.296499,23.142617,
希蒙国际托育中心(淘金中心),淘金东路25-29号淘金华庭2楼,113.291637,23.141673,
凯园教育培训中心(优托邦长兴路店),长兴路13号优托邦驿站F2,113.348282,23.17024,
FAMIC放我家托育・早教,团结路与友爱路交叉口南60米,113.292193,23.139166,
全优加早教托育(港澳中心校),东风东路699号(区庄地铁站B2口步行490米),113.294333,23.131098,
锐思教育(优托邦长兴路店),长兴路13号优托邦驿站F2,113.34789,23.170202,
爱尔贝国际托育・早教中心(骏景店),骏景花园绿茵街5号之二102铺(东御苑G3G4楼下),113.389791,23.123365,
水德之家婴幼儿社区托育中心,中山大道天朗明居西南门4号岗西侧商铺,113.392168,23.126404,
乐点熊(香港)托育・早教中心,绿茵街9号-102,113.388937,23.122042,
抱抱熊托育中心,宸悦路2号1019-1023铺,113.380637,23.100949,
新洲际教育雅思托福培训留学中心(中信广场总部),中信广场17楼1702(林和西地铁站D口步行80米),113.324851,23.141796,
阅景托育园,晴波路与渔唱街交叉口东北60米,113.308202,23.107585,
全优加早教托育(一品湖山校),同和路御岭街37号,113.331001,23.214268,
飞屋牧童托育园(滨江店),柏丽广场二楼,113.312463,23.103018,
婴幼托育,瀚林水岸西南1门北60米,113.292687,23.099131,
集德爱米国际托育园(淘金校区),华乐街道邮电中三街9号之一房,113.289328,23.134778,
优贝特托育早教(云山中心),丛云路666号,113.295473,23.209533,
禾光美育日托・早教(天銮园),临江大道59号天銮A4-202,113.330272,23.114716,
童蕊托育中心,江南美景花园东南门旁(中大地铁站D口步行230米),113.293041,23.090583,
子悦童萌国际园,花城大道20号202远洋大厦裙楼2楼,113.318036,23.118873,
自然树儿童之家(广州天河保利林海山庄托育园),龙洞保利林海山庄商铺自编1-4号(北门旁),113.358283,23.19201,
纽诺托育・早教,华利北二直街与华利路交叉口西北40米,113.315901,23.117975,
森侨国际托育中心,尖彭路408号同泰壹号体育俱乐部内,113.295565,23.222066,
环球教育雅思托福培训中心(高端旗舰中心),体育西路103号维多利广场写字楼B塔28楼,113.320457,23.134971,
南雅苑托儿所,体育东横街62号,113.331088,23.128524,
亲立方国际托育・早教中心,黄边北路7号亲立方国际儿童教育中心,113.290814,23.221825,
纽诺托育・早教(客村园),赤岗北路与双塔路交叉口东南100米,113.32767,23.101302,
精准教育托管中心(员村旗舰店),员村西街4号大院(侨颖苑)2层104,113.358646,23.119581,
小小演说家专业思维演讲主持教育(优托邦时光店),花城大道84号猎德优托邦1座4层,113.330329,23.118215,
伦顿国际托育园,江怡路与怡趣街交叉口西80米,113.293722,23.099936,
全优加早教中心海珠合生广场分校,叠景路223-227合生广场北区3层304、308号,113.314189,23.085858,
筱葵园托管中心,棠东官育路与棠东村官育路交叉口北60米,113.384759,23.1271,
子悦童行托管辅导教育,团结路8-11号101,113.293714,23.138747,
托普教育(托普教育赤岗校区),广发街7号,113.329876,23.094978,
爱而生托育学府,兴南大道187号富洲中心东塔首层,113.353878,23.013316,
星慧托育中心,星光大道西广州星河湾国际公寓首层,113.334461,23.024921,
童景托育 霭德园区,蝶恋花路,113.352724,23.024555,
纽诺托育・早教(番禺万达园店),万惠二路与万博二路交叉口东南100米,113.350227,23.002491,
乐鲸灵婴幼儿托育・早教中心,南村镇兴南大道398号广州雅居乐花园雅逸庭(商业街4区205号),113.362608,23.009167,
尚学堂奇遇浣熊早教托育(番禺校区),兴南大道421号南村壹2层,113.361861,23.016219,
全优加早教・托育(番禺华南碧桂园校),南村镇华南碧商业二街1号201,113.351012,22.994334,
红树林托育中心,雅居乐花园观景路510号,113.37139,23.007476,
贝托芬托育园,兴南大道423号(员岗地铁站A口步行230米),113.361772,23.01601,
优贝乐托育早教,隔岗新大道九街与隔岗新大道七街交叉口东北180米,113.349869,22.988497,
优贝乐国际儿童成长中心(自在城校区),番禺大道北468-450号,113.351563,22.989398,
爱悦堡托育早教中心,东艺路与金山谷创意一街交叉口西南120米,113.343305,22.976185,
创艺国际教育托育服务中心,朝阳西路84号二楼,113.306877,23.023946,
童景托育,南洲路珠江御景湾,113.341233,23.04994,
亲的时光托育院,朝阳西路77号,113.306838,23.023564,
十牛托育(剑桥郡校区),南村镇瀚澜一街38号2楼(板桥地铁站D口步行390米),113.385846,23.019991,
全优加早教托育中心剑桥郡校,南村镇雅居乐剑桥郡瀚澜一街48号201、301,113.386483,23.019659,
启迪堂国际育托中心,东艺路1号金谷生活馆2楼,113.342249,22.9701,
优贝乐国际儿童教育中心(大石店),建华汇商业中心A座辛鸿大厦3楼,113.315571,23.02568,
信德托育,旭晖园东南1门旁,113.355505,22.960493,
优悦教育托育托管(丽江小学分教点),洛浦街道洛浦街105号国道大石段94号丽江花园特勤大楼,113.297477,23.034732,
Kids King双语托育馆,北环路397号,113.307827,23.046624,
优贝儿托育YOBE-祈福新B区分园,祈福新B区16街86号,113.334544,22.962857,
米诺托育园,大石街安平路西12街2号锐强商业大楼112号,113.2918,23.010042,
全优加早教・托育(时代倾城校),南村镇南村东线路时代倾城商铺202号,113.398683,22.999109,
家育护小托育早教中心,小资五街与小资四街交叉口西北280米,113.319829,22.985724,
贝安斯国际早教托育中心,中盛路13号(沥虻靥站F口步行430米),113.319772,23.058115,
思成托育辅导,市新路72号202,113.373731,22.958236,
优贝儿托育YOBE-锦绣生态园分园,锦绣生态园倚翠苑14座1梯103,113.308188,22.968741,
蘑菇松鼠早教・托育中心(生态园校区),钟村街骏新路锦绣生态园水云居五座会所一楼,113.307088,22.968639,
小鲸妈妈托育中心,光明北路283号19-20,113.360072,22.952209,
优贝儿托育YOBE-祈福新倚湖湾分园,祈福新倚湖湾9座107,113.332658,22.954474,
琴山艺术托育家园,东环街番艺花园六座首层1号铺,113.373322,22.952998,
一心国际早教托育中心,大学城信息枢纽楼二楼(大学城南地铁站A口步行390米),113.397314,23.045368,
全优加,番禺区洛浦路96号恒天商务大厦3楼,113.309968,23.037863,
聆稚国际托育早教中心,富华西路148号2楼(市桥地铁站B口步行420米),113.360009,22.947137,
小院儿学园0-3托育,鑫润花园九座101房,113.38654,22.947116,
品学联萌儿童课后托管教育中心(大石富丽校区),大石镇建华路金山大厦104号,113.315602,23.026128,
博尔斯教育精品托管,岗东路与石北工业路交叉口北60米,113.308637,23.016482,
加乐仕文化教育培训中心托管(南国奥园店),南奥小资天堂1座2楼,113.321668,22.982928,
广州市培才托育阳光乐园早教中心,大石街道会江村江丽二街4号,113.295408,23.010269,
迪凯沃全英国际托育园,江晓路与宝成街交叉口东40米,113.295672,23.068646,
全优加早教中心,南洲北路2号201商铺(东晓南地铁站A出口旁边),113.294968,23.071128,
新洲际教育雅思托福培训留学中心(大学城校区),大学城明志杰街1号广州大学城信息枢纽楼808,113.397453,23.045315,
环球教育雅思托福培训中心(大学城校区),大学城中六路街1号广州大学城信息枢纽楼202A房号,113.397285,23.045142,
A+教育托管中心,市桥丹桂园大街5巷11号,113.35733,22.946901,
星辰教育托管,郭地大街松苑,113.380175,22.944081,
全优加,涌口街雅居乐剑桥汇(板桥地铁站D口步行270米),113.386531,23.019583,
阳光名店(易发商业中心店),易发东街138号阳光名店,113.360995,22.940181,
广州小和子塾托园教育发展咨询有限公司,长华创意谷14栋1座,113.321059,22.966653,
精锐托育,教育大街与沙湾翠园东街交叉口东北20米,113.342968,22.906446,
广州童学家托育早教中心,沙湾路与市良路交叉口南100米,113.347112,22.902915,
壹佰分托育中心,沙湾镇翠园西八街4号103,113.34313,22.906502,
精品早教托育,中良路与市良路交叉口西北120米,113.354412,22.910377,
育优托管,保利星海小镇(榄核二小正对面),113.350868,22.834644,
博雅教育(沙湾店),沙湾镇翠园东9街17号(沙湾中心小学对面),113.343051,22.906448,
翰礼堡托育早教(百仁教育城华景校区),华景新城会所(百仁教育城二楼),113.365937,22.927333,
英翰托育早教中心(桥南园),桥南街福德路790-804号,113.362238,22.922295,
华蔚托育(东兴校区),大龙街政泰路37号,113.387028,22.927614,
种子学园托育中心,兴泰路38号,113.379127,22.93246,
飞屋牧童托育园(番禺沙湾店),中良路14号一楼,113.354642,22.910014,
思润托育,市桥街平康路灏景轩商住楼首层,113.371578,22.93981,
全优加早教中心(金沙御苑分校),沙湾镇中良路22号二楼(金沙御苑售楼中心旁),113.354347,22.91052,
智托帮托育中心,桥南街德贤路633号,113.35619,22.919703,
壹禾教育・托管・辅导・成长中心,镇南路59号,113.342466,22.838639,
优贝乐国际儿童教育中心(番禺桥南校区),德贤路617号,113.35619,22.919946,
森本兔幼儿托育园,桥南街福景路1033号铺201,113.365207,22.919183,
一加贝贝托育园,德胜广场东南1门西50米,113.373799,22.938842,
米儿谷紫藤托育园,市桥街北桥路1号113-116号,113.355838,22.937304,
育才托管辅导中心(沙坑大道),沙湾镇沙坑大道45号,113.346249,22.911801,
乐学堂教育中小学托辅(荟贤店),德贤路与中华大道交叉口西北220米,113.356408,22.916278,
子安托育,市桥光明南路1号青少年宫首层,113.36346,22.934388,
睿庭教育托辅中心(实验校区),桥南街顺宁路6号,113.364604,22.924553,
智慧教育托管,市南路与运河直街交叉口东北40米,113.383022,22.916261,
育青托管,沙湾街新洲村新地大街三巷4号,113.289117,22.90744,
江学教育辅导托管,横江干坑环村街西侧,113.318496,22.933595,
华进教育托管中心,桥南街南平大街一巷五号,113.364572,22.924805,
爱尔贝托育-早教(花都融创中心),凤凰北路76号-66(融创大剧院对面),113.235669,23.431185,
全优贝贝托育(融创店),叶融街5-128号,113.224823,23.429057,
喜宝幼儿托育中心,新华街龙珠路18号金色华庭首层东面商铺,113.224709,23.396104,
自然树儿童之家(广州花都凯旋门托育园),三东大道89号凯旋门14号商铺,113.226975,23.410584,
贝安斯早教托育中心,凤凰北路25-4号,113.233496,23.393171,
Perfect baby全优贝贝早教托育,天贵路泊岸君庭北门75-33全优贝贝早教中心,113.221539,23.392022,
宝贝之家早教托育,天贵路华天大厦,113.222538,23.38315,
全优加早教中心,新华街曙光路75号广信大厦2层,113.227354,23.402477,
利贞托育中心,新华商业大道9号,113.207008,23.374657,
智慧教育托管,花山镇五星村七队6巷1号,113.24614,23.458411,
康悦托管培育中心,天贵路50号美华新村3号楼商铺(五洲幼儿园隔壁),113.223981,23.383717,
糖小丸蛋糕店,金色华庭首层东面商铺喜宝幼儿托育中心对面,113.224928,23.396078,
佳杰儿托育(江高园区),江高镇河东街29号(原中心小学旁),113.231353,23.271836,
自由人玛尔比恩托育早教中心,自由里自由人花园2街2号239铺,113.220898,23.342529,
全优加早教・托育,平沙I墩路与华灯街交叉口南120米,113.262127,23.242597,
托育早教培训书吧,时代玫瑰园1期西南1门旁,113.285775,23.223837,
自然树儿童之家(广州花都豪利花园托育园),新雅街镜湖大道18号-7,113.251343,23.358735,
杰诺托育,松南路1号汇锦新天地F3,113.222597,23.149323,
全优贝贝早教托育中心,富力半岛E2座2楼,113.227067,23.143508,
艾思乐早教托育中心,同德围横蛐履弦宦5号2楼艾思乐早教托育中心,113.239706,23.171561,
乐之贝国际托育中心,棠景街汇景路93号,113.254111,23.170127,
沛儿乐托育中心,站前路西村四约大街9号,113.246181,23.140896,
早教托育,逢源路128号-1号金升商务中心,113.239216,23.120786,
蒙森谷国际托育中心(蒙特梭利儿童之家),藤业一路58号蒙・森谷国际托育中心,113.202157,23.146697,
全优加早教・托育(金升校区),逢源路128-1号2层全优加早教中心,113.239091,23.120968,
全优加旗舰中心(全优加金沙洲旗舰店),倚水街1巷1号金沙洲金域蓝湾东南门,113.212112,23.155319,
班尼特国际早教托育,解放中路470号(公园前地铁站A口步行210米),113.262586,23.124375,
乐育邦早教托育中心,广卫路金科大厦407(公园前地铁站出入口步行280米),113.266487,23.127102,
童景托育园,珠光御景壹号华誉三街2号,113.235474,23.109762,
全优加早教・托育(越秀分校),中山四路芳草街22号雍雅园2楼(地铁1号线农讲所C出口),113.277449,23.127871,
蒙正托育,南华东路924号1楼(近中海名都西门),113.274941,23.109306,
广州贝贝家音乐托育中心,白云大道南1033号东方明珠花苑南门东侧50米,113.278695,23.18448,
Tiny Hands泰尼汉托育园(荔湾校区),黄沙大道御景一号(素会旁边),113.235543,23.109713,
全优加早教・托育(汇侨新城校区),汇侨新城汇侨路41-47号弘达教育城二层211号铺,113.258036,23.198727,
新爱婴早教托育(金碧新城园),金新一街58、60号石槎路金碧新城小区47栋2层整层,113.241013,23.204904,
蒂芭卜托育中心(龙津园),龙津东路欧家园39号(新光城市广场背后),113.249766,23.123412,
托育早教,花蕾路与花地大道北交叉口西北20米,113.233224,23.092007,
达慧童乐托育园,芳兴路蚩谛麓,113.204948,23.109735,
班尼特国际早教・托育(嘉骏苑校区),白云路89号嘉骏苑,113.283811,23.119586,
智晟托育园,较场东路35号盈泽苑D栋2楼,113.28512,23.124214,
方圆・培乐思托育中心,黄石路118号高尔夫花园,113.270514,23.203465,
汉美贝儿医育教三语托育园,龙福路2号,113.259386,23.103221,
左近儿童托育园,中山八路荔景楼B座首层(中山八地铁站F口步行260米),113.234869,23.127755,
广船博悦托育中心,工业大道北沙园五一新村五一北17-18号首层,113.262264,23.088605,
阳光金摇篮早教托育中心(沙园中心),宝业路骏园东街12号江南新汇2楼阳光金摇篮,113.262927,23.091483,
贝安斯国际托育早教(光大店),光大花园翠榕街1号302(农业银行楼上),113.258316,23.087321,
NewHope蒙台梭利国际托育中心,黄石北路白云尚城一期会所一层,113.284708,23.212147,
尚学堂奇遇浣熊早教托育,怡乐路78号瑜丰商务酒店一楼,113.288006,23.094695,
全优托教育,工业大道北与昌岗立交交叉口南40米,113.263797,23.084009,
全优加托育・早教(光大花园校区),榕景路61号榕景市场3楼全层(革新路公交站200米),113.256432,23.085838,
优乐托育&游泳中心,宝岗大道翠城花园1号门新聚福茶楼二楼,113.272132,23.083261,
图丁教育托管中心,幸福正街与幸福二巷新街交叉口西南20米,113.243868,23.122165,
信德教育托管中心,机场路航云南街38号集盛大厦二楼,113.26165,23.173448,
优优小博士教育美式托辅中心,松柏东街68号三楼,113.268541,23.162509,
康恩托管教育中心,光孝路与中山六路交叉口东北100米,113.25632,23.125999,
俊程教育托辅中心,平安路与云龙路交叉口西100米,113.269631,23.167087,
全优加早教中心(广百新一城分校),宝业路8号三楼L3-02铺,113.266278,23.092706,
优贝乐国际儿童教育中心(海珠千禧校区),新港西路1号南边(晓港地铁站D口步行490米),113.283726,23.095849,
全优加早教中心(白云尚城分校),黄石北路51号白云尚城东门首层7号,113.285813,23.211675,
新木未来国际保育园(拾桂府园)早教托管日托中心,珠光路43号粤海得邻商场三楼3001,113.27384,23.118539,
灏睿教育托管中心,桥头直街47附近,113.2378,23.206299,
创想教育少儿托管中心,东华东路388-7号首层,113.287188,23.121332,
金睿家早教托育中心,宝业路骏园东街12号江南新汇商场2楼(中国移动右边楼梯进入),113.263358,23.091588,
华人教育托管中心,紫龙大街与江南西路交叉口西北40米,113.271743,23.095573,
嘉铎教育国际托幼,信雅路与信裕路交叉口南160米,113.276284,23.084731,
宝学士托育中心,广东省广州市荔湾区观海路5号118-125房1层,113.218911,23.044588,
早教托育,开拓二横路中海花湾壹号,113.236361,23.066813,
广东睿托育教育研究院附属六一托育,金道花苑北2门旁,113.233735,23.072802,
优佳宝贝国际托育中心,中海花湾壹号锦观一街D6D7-118-121,113.238956,23.06917,
全优加早教・托育(四季花园校),花地大道中246-1号,113.232693,23.07281,
小豆苗托育中心,顺景商港西南门西北60米(石溪地铁站B口步行270米),113.288677,23.067133,
放我家家庭式社区托育园,广钢新城求实一横路紫郡府紫郡街17号734-735铺,113.243021,23.064426,
非凡保姆保利花园托育园,保利花园镜湖东街2号207房,113.27378,23.071674,
和乐戴蒙托育中心(保利花园校区),工业大道中400号保利花园内(原保利花园会所),113.273844,23.072192,
全优加早教中心(燕岗校),工业大道中路364工商银行楼上2层,113.272313,23.074556,
迪文国际托育园(碧桂园店),洛浦街广州碧桂园环苑二街(康苑斜对面),113.285321,23.024433,
广东托幼教育有限公司,民安路十三街东乡托幼中心,113.275609,23.037706,
育才托管辅导中心(西华路),西一小学西北门旁,113.271285,23.047983,
彩虹教育金贝儿托幼,民安路与东乡五街交叉口西南40米,113.277794,23.043674,
比尔盖托育,浣南东街11-1号(坑口地铁站C口步行200米),113.232496,23.080876,
婴幼儿托育,学府路与学府一街交叉口东南120米,113.175027,23.427726,
小熊托托早教托育(风神中心),风神大道18号1区1栋110号,113.157749,23.379022,
保利城佳杰儿托育,保利城北街33号,113.163934,23.376932,
星学堂托管教育,横岭四巷与横岭七巷交叉口东240米,113.140854,23.466119,
北京书香源教育(花都托管辅导中心),狮岭镇教育东路12号3楼,113.154436,23.461912,
