店名,address
小熊托托国际儿童成长中心,紫薇路钻石豪园（东北门）
全优加早教・托育（新塘广场校区）,新塘镇解放北路113号新星未来教育城2楼（广发银行楼上）
FAMIC放我家・家大兰亭社区托育园,宦溪西路兰亭盛荟四季里商业街1号143-144号
稚乐堂早教托育中心,大源北路2号纳佰源5G智慧金谷二期6-30号2层201-204（大源北路东）
自然树儿童之家托育・早教（南沙金茂湾校区）,金象中路金茂西二街1号138房-140房
小鲸妈妈托育中心（剑桥郡店）,瀚澜一街38号
飞屋牧童托育园（锐丰店）,荔红路锐丰中心7号楼
童心教育早教・托育（大石店）,富庭新月一街1号106、107
狮子王贝贝国际托育（户外花园旗舰店）,萝岗科学城开创大道锐丰广场9栋三楼全层（香雪地铁E出口即到）
米儿谷托育园（市桥店）,市桥街北桥路1号113-116号
乐鲸灵婴幼儿托育・早教中心（花都锦城花园校区）,新华街花都永发路5号之七十八102铺-101
自然树儿童之家（海珠翠城花园托育.早教校区）,翠宝路168号翠城汇3楼（翠城花园北门旁）
全优加早教・托育（绿地缤纷校区）,龙湖街道九龙大道中新知识城绿地缤纷城153-5
飞屋牧童托育园（南沙万达店）,双山大道万达广场二楼
红树林托育中心,广州市番禺区雅居乐花园观景路510号
蒂芭卜蒙氏早教托育中心（保利香雪山店）,萝岗街道香雪二路96号
爱尔福托育早教中心,市广路238号誉瀛新天地誉瀛内街61号
圣果成长园托育早教中心（菁品园校区）,盈溪路2-12(双)号二层自编02号商铺
童果壹号贝贝托育早教中心（龙归店）,龙归永兴西环路2号
贝贝加国际保育园托育早教,悦云路218号201铺（荷塘月色高尔夫社区卫生站旁）
英翰国际儿童中心（洛溪店）,洛溪新城如意一马路122号
自然树儿童之家 ・ 托育（花都凯旋门校区）,三东大道89号之二14号凯旋门商铺
自然树儿童之家托育・早教（海珠区保利花园店）,工业大道中400-13号2、3层
伟伦国际幼儿园,沾益直街168号
全优加早教・托育（汇侨新城校区）,汇侨路41-47号弘达教育城二层211铺
全优加早教・托育（一品湖山校区）,同和街御岭街37号首层
全优加早教・托育（黄埔旗舰校）,丰乐南路402号平安银行丰乐路支行二楼（黄埔花园）
全优加早教・托育（锦绣御景国际校区）,荔星大道147号（锦绣御景国际二期）
亲立方国际托育・早教（白云旗舰店）,黄边北路531号二楼201房（2号线黄边地铁站B出口200米处）
班尼特国际早教・托育（公园前校区）,解放中路470号（回民小学北校区旁）
FAMIC放我家托育・早教（金域蓝湾园店）,环洲二路倚水一巷3号金域蓝湾
全优加早教・托育（白云区高尔夫校区）,翰云路287号二楼B区（方圆实验小学对面）
FAMIC放我家托育・早教（金域蓝湾园店）,环洲二路倚水一巷3号金域蓝湾
全优加早教・托育（白云区高尔夫校区）,翰云路287号二楼B区（方圆实验小学对面）
自然树儿童之家（祈福园区）,钟村街白云路11号长华创意谷2栋10号
糖弥儿国际托育中心,东风东路860号锦城教育城二楼204号（浦发银行二楼）
FAMIC放我家社区托育早教（富力东山园）,新天地街1号、3号、216房
全优加早教・托育（洛溪校）,洛浦街96号恒天商务大厦3楼（洛溪大桥）
全优加早教・托育（金升校区）,逢源街道逢源路128-1号2层
集德爱米国际托育园,邮电新村中三街9号
英翰托育早教中心（桥南校区）,桥南街福德路790-804号
未来童学・托育中心,瑞兴街41号时代花生二期时代物业旁（梅花园地铁站D出口300米）
全优加早教・托育（华南碧桂园校区）,南村镇番禺大道北华南碧桂园碧华坊碧华商业2街1-8号之二楼A区商铺
飞屋牧童托育园（黄埔佳纷天地店）,"凯盛大街1号佳纷天地广场L201,L202铺"
乐鲸灵婴幼儿托育・早教中心（广州番禺雅居乐花园校区）,南村镇观景路194号景业大厦二层（招商银行旁）
蒂芭卜托育中心（东荟城店）,瑞和路万科东荟城北门二街76号
全优加早教・托育（珠江新城旗舰中心）,华就路寺右公馆西座2楼（近地铁5号线珠江新城B出口）
汉美克医育教三语托育园（黄花岗园区）,科苑东路117-118（地铁黄花岗B出口100m）
爱悦堡托育早教中心,东环街道东艺路金园广场
YOUBETTER优贝乐托育・早教（海珠千禧校区）,新港西路1号银华大厦首层
欢乐多蒙台梭利早教托育（赤岗校区）,江海街道新港中路468号大院77栋78栋首层（地铁8号线赤岗站C1出口200m）
童学园国际婴幼中心,广州市天河区员村南街26号乐湾创意园3楼
全优加早教・托育（港澳中心校）,东风东路699号一层
左近儿童托育园,中山八路新虹街38-48号1090-1096房
英翰国际儿童中心（荔园新天地园店）,沙湾街西环路1502号荔园新天地5栋
全优加早教・托育（燕岗校区）,工业大道中路364号2楼
广州阅景托育园（二沙岛园）,晴波路与渔唱街交叉口东北60米
卡比园托育中心（天河北中心店）,天河北路561号JC金田广场三楼
U萌国际婴童学苑（金沙洲校区）,彩滨北路江悦湾S1栋整层
YOUBETTER优贝乐托育・早教（大石校区）,广州番禺区建华路西街辛鸿大厦3楼
助宝优早教托育,南岸路荟文四街2号二楼（荔港南湾B栋二楼）
全优加早教・托育（天润校区）,天润路37号润华大厦2楼201室
YOUBETTER优贝乐托育・早教（桥南校区）,德贤路617号-623号
全优加早教・托育（金沙洲校区）,彩滨中路倚水街2号101-104、106-110、201-203房（地铁沙贝站）
全优加早教・托育（金沙洲校区）,彩滨中路倚水街2号101-104、106-110、201-203房（地铁沙贝站）
YOUBETTER优贝乐托育・早教（从化校区）,沿江南路187号
BetterKids贝好儿童托育（凤凰城店）,新塘镇凤凰城广场步行南街2号
乐鲸灵婴幼儿托育・早教中心（珠江帝景校区）,艺洲路825号（农业银行旁）
金睿家国际托育早教中心（珠江新城店）,海业路3号
YOUBETTER优贝乐托育・早教（华景新城校区）,景邮路8号115房（华景新城）
乐鲸灵婴幼儿托育・早教中心（琶洲新村校区）,海珠区琶洲新村商业广场1栋A栋2楼
种子学园托育中心,兴泰路38号
博悦1-3岁婴幼儿托育中心,钟福广场南2号（弘雅幼儿园旁）
贝贝家音乐托育中心,白云大道南1033号东方明珠花苑南门
笑笑日托萌学园 ・ 托育（海珠区滨江东店）,滨江东路893号丽景湾商铺三楼
全优加早教・托育（四季花园校区）,花地大道中246号（1号线地铁坑口A出口500米）
纽诺托育・早教（番禺广场园）,亚运大道178号
自然树儿童之家托育?早教（花都豪利花园校区）,新华镇新雅街道镜湖大道18号-7
爱婴乐园・早教・托育园,政通路25号自编8号
YOUBETTER优贝乐托育・早教（自在城校区）,南村镇番禺大道北644-650号（自在城市花园临街商铺）
承希托育（黄埔佳兆业城市广场店）,佳兆业城市广场盛凯一街6-12号独栋（力宝格健身房旁边）
森林宝宝国际日托早教中心（东景校区）,中山大道中128号东景花园C栋0201
U萌国际婴童学苑（杨箕店）,东泰路82号2楼A区
全优加早教・托育（越秀校）,中山四路芳草街22号雍雅园2楼（地铁1#线，农讲所C出口）
方圆・培乐思托育中心（高尔夫园区）,黄石路118号高尔夫花园
U萌国际婴童学苑（天河北校区）,天河北路421号首层自编120号（远晖商厦后门）
蘑菇松鼠早教・托育中心（生态园校区）,钟村街道钟韵路锦绣生态园水云居5座会所一楼
新爱婴早教・托育・游泳（中海名都店）,滨江街道纺织路名都一街1号3号206房（中海名都中门旁）
全优加早教・托育（华景新城校）,华景北路187、189号二层201铺自编03商铺
圣莎国际公学・托育（滨江中大元帅店）,滨江中路东沙街36号丽海雅居2层（华润万家隔壁）
FAMIC放我家托育・早教（东方文德园）,文德路东方文德广场
七田阳光早教中心,城景大街1号201房
AD KIDS CLUB恐龙园早教托育中心,亚运城天峰一区6栋110商铺
七田阳光早教 托育（汇侨中心）,新市街汇侨新城南八区汇桥中路1号208
小马快跑（天河环贸天地早教中心）,林和街道天河北路ICC环贸天地L3-306铺
乐育邦早教托育中心,广卫路金科大厦407（公园前地铁站出入口步行280米）
FAMIC国际早教托育中心・小鲸堡园,黄花岗淘金东路138号御龙庭A栋（网球场旁）
全优加早教・托育（金海岸校）,大龙街金海岸花园售楼中心旁（海岸公园）
加蒙特幼儿园,汽车城大道330号
全优加早教・托育（华发四季校）,观云街1号103铺（岭南新世界五号门50米）
方圆・培乐思托育中心（大新路园区）,大新路280号大新大厦3楼
COMBABY新爱婴早教・托育（黄埔知识城绿地店）,凤湖二路商业街S2栋2楼整层（中新绿地缤纷城外围靠河）
新爱婴国际早教中心（亚运城店）,石楼镇兴亚三路32-46号亚运城国际商业街B区三层
蔚莳托育中心,大林边一路73、75、785号广园东东方名都沿街商铺
童景托育（珠光御景壹号园区）,珠光・御景壹号华誉三街2号（拾翠洲幼儿园斜对面）
飞屋牧童托育园（海珠滨江店）,滨江东路912号柏丽广场2层
全优加早教・托育（广百新一城校区）,宝业路8号三楼L3-02号铺（广百商场左侧三层）
无艺三语日托早教Arti School（高尔夫园区）,黄石路天云街35号高尔夫花园东区方圆东方学馆一楼
汉美贝儿医育教三语托育园,龙福路2号
昂谷资优蒙氏国际托育早教,集俊街74号（岭南新世界优悦园K3栋2楼201号）
蒙・森谷国际托育中心,藤业一路58号（金沙小学南校区正对面）
森侨国际托育中心,尖彭路408号
小宇宙婴幼儿成长中心,开拓路锦绣香江花园布查特国际公寓1层102
Kids 'R' Kids南沙凯斯园,天翰街7号-101房
方圆・培乐思托育中心（竹丝岗园区）,竹丝岗四马路2号
小象祥枫保育园,科翔路128号173-174室（地铁6号线金峰地铁站B出口，金峰城一楼）
飞屋牧童托育园（番禺沙湾怡景苑店）,沙湾街中良路14号怡景苑
全优加早教・托育（凤凰城校）,济广高速凤凰城星荟商业街1-2号首层（五号转盘旁）
威斯康国际托育中心,陶育路82号暨南商务中心首层
班尼特国际早教・托育（嘉骏苑校区）,白云路89号201
森林宝宝国际日托早教中心（龙口西校区）,石牌街道龙口西路71号贤人阁1楼103室
范莎教育?英语阅读?托管（珠江新城店）,珠江新城华强路3号富力盈力南塔401
爱乐祺国际托育早教中心,黄埔东路澳葡街115号201
自然树儿童之家（白云玫瑰园校区）,白云区黄边北路时代玫瑰园一期大门直对会所二楼
全优贝贝早教托育（沁音校区）,淘金北71号恒华阁首层（城启恒华阁1楼）
FAMIC放我家托育・早教（凯粤湾店）,石围塘街道逸彩路29号凯粤湾C6栋105房
EZ BABY易婴国际儿童之家・托育・早教,京溪路219号3楼
童心教育早教・托育（东湖洲中心）,傍雁路东湖洲花园3区1号楼首层
牛油果童园早教・托育・体能游泳中心,兴泰东路98号金海岸花园
巧思国际幼儿保育中心,荔湾区荔湾路97号动感小西关8号楼201室
乐鲸灵婴幼儿托育早教中心（罗马家园校区）,南洲路88号盛典东街2号罗马家园会所三楼
棒吉拉早教托育中心（天河中心）,桃园西路635号
七彩点点托育・早教中心（广钢店）,白鹤洞街道鹤洞路中海花湾B区锦御二街9号207-212号
山今萌托,石围塘街道龙湾路2号广发商业大厦首层110铺
蒙W儿童之家・蒙特梭利AMI（长隆店）,南村镇番禺大道北383号海印星h1栋103
金宝贝早教（天河北中心）,体育西路191号中石化大厦佳兆业广场二楼208
时代美育中心・小树丛托育（广州玫瑰园校区）,汇贤街1-261号单85号商铺
蒙奶奶国际儿童之家・AMI蒙氏托育早教,黄埔大道中海景花园A栋L层
澳学童心圆托育园（金峰园区）,开创大道3330号之102号
新爱婴早教托育（奥园广场店）,"福德路281号奥园广场乐活街3层（乐活街Halo Cafe旁,三号观光梯三楼）"
全优加早教・托育（颐景华苑校）,南洲北路2号201商铺（东晓南地铁站A出口旁边）
蒂芭卜托育中心（龙津园）,龙津东路欧家园39号龙锦大厦斜对面启乐名德隔壁
自然树蒙特梭利婴童学院（锦尚蓬莱校区）,花都区荔枝基路锦尚蓬莱北门一楼商铺（紧邻马鞍山公园南侧）
乐鲸灵婴幼儿托育・早教中心（广雅灏湖校区）,国泰路雅居乐花园邻居36号自编1号
贝贝伴国际早教?托育中心,鹤洞路中海花湾壹号锦佳华庭C6栋2层204-212号
金宝贝早教（天河奥体中心）,奥体南路12号
FAMIC放我家托育・早教（绿地城店）,龙湖街道凤湖中路绿地城凤语湾6栋206房
非凡保姆・婴幼学苑・早教・托育・亲子・托婴（翠城花园店）,翠城北街3号海悦广场D座3012铺（农商银行旁）
安安托儿所（西增路）,西增路裕农里52号
笑笑日托萌学园・托育（海珠区海印店）,天园路37号笑笑教育自由心岸校区
新爱婴早教中心（广钢校区）,锦御三街1号202、203
贝德幼儿教育・托育・早教,天河北路626号301房自编之A08
全优加早教・托育（合生广场校）,叠景路223-227合生广场北区三楼304、308号（新蜃酆鲜谐。
翰贝诺国际幼儿学院・早教・托育,洛浦街洛溪新城北环路芳华会所1楼4-6号
汉美克医育教三语托育园（东晓园区）,东晓南路锦逸街2号101铺锦绣星城F2栋1楼（华润万家前行）
全优加早教・托育（金沙御苑校区）,中良路22号二楼（金沙御苑小区）
巧多狮IB托育（华景园店）,棠下街道景邮路12号理想地公寓108铺
爱尔福蒙特梭利儿童之家托育（高雅湾园区）,滨江东路318号高雅湾门面2楼
优倍思托育早教中心,集益街集贤庄
全优加早教・托育（天河富力院士庭校）,东莞庄路30-34、38号三层301自编02
Little Light 立童园托育・早教,郭村路华发荔湾荟10栋108铺
中大育儿321教育机构（白云校区）,景泰街道飞翔公园a出口500m金钟横路333号2层
FAMIC放我家托育・早教（逸景翠园店）,逸景翠园西区华园居
粤麓书院?国学儿童发展中心,大石街南大路2号百世家居F2层
七彩点点托育・早教中心（金山谷园）,东艺路129号101
乐斯母婴关爱托育・早教中心（珠江新城雅居乐中心校区）,华夏路26号雅居乐中心二层202房
全优加早教・托育（隽悦园校）,天府路161号205单元
英莱恩国际早教中心,石楼镇乐羊羊路55号天oF2商铺5梯104-106号
FAMIC放我家托育・早教（保利天悦托育园）,保利天悦
小院儿学园・0-3岁托育,富怡东路罗家村段鑫润花园九座101房
红黄蓝亲子园（白云店）,广州大道北怡新路139号301号铺
智托帮托育早教（桥南时代柏林校区）,桥南街德贤路633号
子悦童萌国际托育中心（珠江新城店）,花城大道20号202远洋大厦裙楼2楼（珠江新城地铁站出口）
全优加早教・托育（喜盈雅境分校）,桥南街道福景路716号（工商银行旁）
广州天河区龙口西小学托管班（龙口西分店）,龙口西路穗园东街龙口西小学西门旁A幢505室
七彩点点托育・早教中心（石溪园）,工业大道南726号鸣翠花园四期二楼（石溪地铁站B出口麦当劳楼上）
伦顿国际托育园,江怡路258号(博雅国际教育集团A区2楼))
贝安斯国际早教托育中心,中盛路13号（沥虻靥站F口步行430米)
纽诺托育・早教（天河北园店）,天润路御晖苑2楼
水德之家婴幼儿社区托育中心,中山大道天朗明居西南门4号岗西侧商铺
澳学拔萃国际早教中心,开源大道中海誉城北苑478号二层（靠近中国银行）
全优加早教・托育（光大花园校区）,榕景路61号榕景市场3楼全层（革新路公交站200米）
比泡乐儿日托中心（逸景店）,凤阳街道逸景南路378号二楼（逸景翠园中区南门口侧旁）
贝托芬托育,南村镇兴南大道421号202房
全优加早教・托育（嘉仕花园校区）,海珠区江怡路240号 二层自编202 房
蓝蝶国际托育滨江园,新港街道滨江东路562号蓝色康园正门
贝贝熊・晋级托管学堂（穗园校区）,龙口东路361号103室
七田贝比托育早教中心,黄边北路时代玫瑰园二期汇贤街35号
优贝乐托育早教（同创誉城店）,广州番禺区国泰路28号
贝贝伴国际早教・托育（黄埔中心）,保利中誉广场副座3楼（大沙东地铁站A口步行180米)
全优加早教・托育（剑桥郡校区）,南村镇雅居乐剑桥郡瀚澜一街48号
飞屋牧童托育园（翡翠绿洲森林半岛店）,翡翠绿洲・森林半岛6号
Care for kidz卡尔国际托育园,悦景路48号（KFC肯德基后门斜对面）
多米国际儿童教育,内环路荔港南湾会所2-3楼
爱尔贝国际托育・早教中心（骏景花园店）,绿茵街5号之三113铺
Kids Home2摩根之家托育园,广州市广州大道北怡新路15号怡新幼儿园旁
万锦国际儿童中心,天贵路108-151号
心子宝贝（叠彩园校区）,叠景路叠彩园会所
唐尼翰博保育园星汇园,汇岭街1号101越秀星汇金沙2期东北门旁
自然树儿童之家（龙洞校区）,元岗街道龙洞保利林海山庄商铺自编1-4号自然树儿童之家
思脉特国际早教育托（同创汇校区）,宝岗大道183号103号铺
无艺三语日托早教Arti School（光大校区）,沙渡路17号光大花园三期东门旁（GF名车俱乐部楼上）
美恩国际儿童教育（君汇天地店）,海珠区市二宫君汇天地二楼（上电梯左侧）
乐点熊早教托育中心,绿茵街9号东御苑102号
金睿家国际早教托育中心（雄峰城店）,105国道雄峰城B4馆3层3007号
思苏卡尔早教・托育（金山谷校区）,东艺路36号203房（金山谷领仕花园西门二楼）
蒂芭卜蒙台梭利早教日托中心（天河店）,天河棠下智汇ParkB栋二层
JJB机智堡早托中心（金湖校区）,沙太北路金湖花园
凡恩格林森林幼儿园,迎龙路1233号
奥司日托,花地大道北壹号文化广场二楼2110
贝贝伴国际早教・托育（黄埔中心）,保利中誉广场副座3楼（大沙东地铁站A口步行180米)
全优加早教・托育（剑桥郡校区）,南村镇雅居乐剑桥郡瀚澜一街48号
飞屋牧童托育园（翡翠绿洲森林半岛店）,翡翠绿洲・森林半岛6号
全优贝贝早教托育富力半岛校,富力半岛E2栋2楼
比尔盖托育,东]街道浣南东街11-1号（坑口地铁站C口步行210米）
飞屋牧童托育园（中海康城店）,中海康城凤信街5栋1层
FAMIC放我家托育・早教（东方熹园店）,东方新世界・熹园
艾思乐早教托育中心,同德围横蛐履弦宦5号2楼
FAMIC放我家托育・早教(剑桥郡园),雅居乐剑桥郡
飞屋牧童托育园（黄埔万科金色梦想店）,云埔五路万科金色梦想G13栋金梅街1号103号
昌华国际托育园,新都里2号首层
全优加早教・托育（新塘凤馨苑校区）,永宁街凤凰城凤馨苑一号门岗(进来右边50米处)综合楼
FAMIC放我家托育・早教（中海康城店）,中海康城梧桐街3号
乐之贝国际托育中心,棠景街汇景路93号
新爱婴早教（石井店）,石槎路金碧新城47栋58号（金碧小学对面）
爱儿乐保育中心,工业大道中路373号之一
星萌乐托育成长中心,汇彩路444号
RAE SNOW 瑞雪滑雪学校(广州融创雪世界店)（RAE SNOW广州融创雪世界店）,凤凰北路68号3楼瑞雪装备库
希蒙国际托育中心,环市东路476号金东环大厦二楼
全优加早教・托育（平沙富力城校）,均禾街平沙I墩路7号11201室
笑笑尚学设计实验保育园 ・ 托育（珠江新城店）,猎德大道46-1号
贝儿倍乐早教日托中心,龙怡路89号广业植英创业园后座三楼B307
熊托邦・布鲁姆国际早教托育中心,黄埔大道中148号海景中心首层
立智树启蒙早教中心（云景花园店）,广州大道北云景花园云景路1号
唯斯顿蒙特梭利儿童之家雅园,番禺区雅居乐观景北街75号101号
星光童乐汇早教托管中心,瑞东花园A东京栋中美新地教育城二楼
贝贝伴国际早教・托育（黄埔中心）,保利中誉广场副座3楼（大沙东地铁站A口步行180米)
全优加早教・托育（剑桥郡校区）,南村镇雅居乐剑桥郡瀚澜一街48号
飞屋牧童托育园（翡翠绿洲森林半岛店）,翡翠绿洲・森林半岛6号
全优贝贝早教托育富力半岛校,富力半岛E2栋2楼
比尔盖托育,东]街道浣南东街11-1号（坑口地铁站C口步行210米）
飞屋牧童托育园（中海康城店）,中海康城凤信街5栋1层
FAMIC放我家托育・早教（东方熹园店）,东方新世界・熹园
艾思乐早教托育中心,同德围横蛐履弦宦5号2楼
FAMIC放我家托育・早教(剑桥郡园),雅居乐剑桥郡
飞屋牧童托育园（黄埔万科金色梦想店）,云埔五路万科金色梦想G13栋金梅街1号103号
昌华国际托育园,新都里2号首层
全优加早教・托育（新塘凤馨苑校区）,永宁街凤凰城凤馨苑一号门岗(进来右边50米处)综合楼
FAMIC放我家托育・早教（中海康城店）,中海康城梧桐街3号
乐之贝国际托育中心,棠景街汇景路93号
FAMIC放我家托育・早教（万科尚城园）,丹水坑路万科尚城A6
飞屋牧童托育园（旭景家园店）,车陂旭景家园旭景西街196号102房
飞屋牧童托育园（海珠万达店）,广州大道南万达广场三楼
飞屋牧童托育园（黄埔实地常春藤店）,黄埔开发区翠蔓大街2号
禾光美育家庭托育・早教（琶洲园）,杨青路5号
飞屋牧童托育园（黄埔万科山景城店）,长岭街道长岭路万科山景城东区M2栋
全优贝贝早教托育富力半岛校,富力半岛E2栋2楼
比尔盖托育,东]街道浣南东街11-1号（坑口地铁站C口步行210米）
飞屋牧童托育园（中海康城店）,中海康城凤信街5栋1层
FAMIC放我家托育・早教（东方熹园店）,东方新世界・熹园
艾思乐早教托育中心,同德围横蛐履弦宦5号2楼
FAMIC放我家托育・早教(剑桥郡园),雅居乐剑桥郡
飞屋牧童托育园（黄埔万科金色梦想店）,云埔五路万科金色梦想G13栋金梅街1号103号
昌华国际托育园,新都里2号首层
全优加早教・托育（新塘凤馨苑校区）,永宁街凤凰城凤馨苑一号门岗(进来右边50米处)综合楼
FAMIC放我家托育・早教（中海康城店）,中海康城梧桐街3号
乐之贝国际托育中心,棠景街汇景路93号
FAMIC放我家托育・早教（万科尚城园）,丹水坑路万科尚城A6
飞屋牧童托育园（旭景家园店）,车陂旭景家园旭景西街196号102房
飞屋牧童托育园（海珠万达店）,广州大道南万达广场三楼
飞屋牧童托育园（黄埔实地常春藤店）,黄埔开发区翠蔓大街2号
禾光美育家庭托育・早教（琶洲园）,杨青路5号
飞屋牧童托育园（黄埔万科山景城店）,长岭街道长岭路万科山景城东区M2栋
一加贝贝托育园,平康路德胜广场教育城715号
森林托育园（缤纷汇店）,祈福缤纷世界
飞屋牧童托育园（海珠逸景翠园店）,逸景翠园映月街
童乐轩托育成长中心,荔湾路小梅大街39号104铺（富力皇上皇小区内?近文昌托儿所）
亲呀呀精致智慧托育（岭南新世界园店）,集福街37号岭南新世界2D18栋201房
飞屋牧童托育园（凤凰城凤馨苑店）,新塘镇碧桂园凤凰城凤聚苑4街2座
YouBetter优贝特托育早教云山中心,丛云路382-386号（仕馨月子会所负一层）
非凡保姆联合北院托育园（东圃校区）,车陂北街28号之一联合社区北院3栋109单元
FAMIC放我家托育早教（市桥锦绣华庭店）,光明北路12号
承希托育（兰亭盛荟校区）,环城高速兰亭盛荟・四季里商业街21栋一楼1036-1039号
稚慧宝贝国际托育早教中心,沾益直街168号
培才托育,会江村江丽二街4号
飞屋牧童托育园（凤凰城天麓山店）,永宁街道凤凰城大道碧桂园凤凰城凤锦苑二街2号101
飞屋牧童托育园（华南碧桂园店）,映翠桃园苑华南碧桂园翡翠苑B区3座G02
创艺宝贝托育园（御金沙校区）,浔洲街72号1楼
飞屋牧童托育园（旭景家园店）,车陂旭景家园旭景西街196号102房
飞屋牧童托育园（海珠万达店）,广州大道南万达广场三楼
飞屋牧童托育园（黄埔实地常春藤店）,黄埔开发区翠蔓大街2号
禾光美育家庭托育・早教（琶洲园）,杨青路5号
飞屋牧童托育园（黄埔万科山景城店）,长岭街道长岭路万科山景城东区M2栋
一加贝贝托育园,平康路德胜广场教育城715号
森林托育园（缤纷汇店）,祈福缤纷世界
飞屋牧童托育园（海珠逸景翠园店）,逸景翠园映月街
童乐轩托育成长中心,荔湾路小梅大街39号104铺（富力皇上皇小区内?近文昌托儿所）
亲呀呀精致智慧托育（岭南新世界园店）,集福街37号岭南新世界2D18栋201房
飞屋牧童托育园（凤凰城凤馨苑店）,新塘镇碧桂园凤凰城凤聚苑4街2座
YouBetter优贝特托育早教云山中心,丛云路382-386号（仕馨月子会所负一层）
非凡保姆联合北院托育园（东圃校区）,车陂北街28号之一联合社区北院3栋109单元
FAMIC放我家托育早教（市桥锦绣华庭店）,光明北路12号
承希托育（兰亭盛荟校区）,环城高速兰亭盛荟・四季里商业街21栋一楼1036-1039号
稚慧宝贝国际托育早教中心,沾益直街168号
培才托育,会江村江丽二街4号
飞屋牧童托育园（凤凰城天麓山店）,永宁街道凤凰城大道碧桂园凤凰城凤锦苑二街2号101
飞屋牧童托育园（华南碧桂园店）,映翠桃园苑华南碧桂园翡翠苑B区3座G02
创艺宝贝托育园（御金沙校区）,浔洲街72号1楼
森本兔婴幼儿托育,桥南街福景路1033号铺201室
爱而生托育学府,兴南大道187号富洲中心东塔首层
思润托育,市桥街平康路灏景轩商住楼首层
聆稚国际托育早教中心,富华西路148号2楼（市桥地铁站B口步行420米)
芮禾家早教托育园（珠江嘉园店）,来安四街珠江嘉园
Famic・稚安心托育园（广钢新城园）,崇文四路葛洲坝广州紫郡府734-735铺
六一托育园,金达街36号万象文化商贸城2楼
爱尔福托育早教中心,春晖一街22号2层
心子幼儿学苑,沿江东路126号
小渔托育,黄河路建发广场南侧约40米
爱乐祺托育早教中心,太和镇米龙商业步行街2楼
非凡保姆保利花园托育园,镜湖东街2号保利花园保利和乐国际艺术中心二楼207铺
培才托育,会江村江丽二街4号
飞屋牧童托育园（凤凰城天麓山店）,永宁街道凤凰城大道碧桂园凤凰城凤锦苑二街2号101
飞屋牧童托育园（华南碧桂园店）,映翠桃园苑华南碧桂园翡翠苑B区3座G02
创艺宝贝托育园（御金沙校区）,浔洲街72号1楼
森本兔婴幼儿托育,桥南街福景路1033号铺201室
爱而生托育学府,兴南大道187号富洲中心东塔首层
思润托育,市桥街平康路灏景轩商住楼首层
聆稚国际托育早教中心,富华西路148号2楼（市桥地铁站B口步行420米)
芮禾家早教托育园（珠江嘉园店）,来安四街珠江嘉园
Famic・稚安心托育园（广钢新城园）,崇文四路葛洲坝广州紫郡府734-735铺
六一托育园,金达街36号万象文化商贸城2楼
爱尔福托育早教中心,春晖一街22号2层
心子幼儿学苑,沿江东路126号
小渔托育,黄河路建发广场南侧约40米
爱乐祺托育早教中心,太和镇米龙商业步行街2楼
非凡保姆保利花园托育园,镜湖东街2号保利花园保利和乐国际艺术中心二楼207铺
蒙正托育,南华东路924号1楼（近中海名都西门）
威威猫岭南新世界托育中心（威威猫儿童成长中心）,集雅街86号C8栋101室
小豆苗双语早教托育中心,兴乐大街4号
几米稚家,同和云裳丽影5B201房
飞屋牧童托育园（番禺东湖洲店）,东湖洲花园C期17座103室
非凡保姆英豪花园托育园,盈丰路英豪三横街4号102、103房
幸福大本营,S378(九龙大道)福里街12号101号
BCA乐娃国际智慧托育,凤湖四路万科・幸福誉南门东南侧约80米
圣德教育（石店）,龙基北路东七巷7号
智晟国际托育园,较场东路35号盈泽苑D栋2楼
银袋鼠托育中心,棠下街道信华一街209号
雅提特早教托育,淘金家园会所（游泳池一侧）
飞屋牧童双语托育（万科东荟花园店）,东荟一街29号A1栋302房
乐建托管中心,泮塘路种福园17号首层商铺
鹿儿港婴幼儿托育园,增城大道2号1栋117室
英才早教托育中心,洛浦街汇南广场东区B201号
几米稚家,同和云裳丽影5B201房
飞屋牧童托育园（番禺东湖洲店）,东湖洲花园C期17座103室
非凡保姆英豪花园托育园,盈丰路英豪三横街4号102、103房
幸福大本营,S378(九龙大道)福里街12号101号
BCA乐娃国际智慧托育,凤湖四路万科・幸福誉南门东南侧约80米
圣德教育（石店）,龙基北路东七巷7号
智晟国际托育园,较场东路35号盈泽苑D栋2楼
银袋鼠托育中心,棠下街道信华一街209号
雅提特早教托育,淘金家园会所（游泳池一侧）
飞屋牧童双语托育（万科东荟花园店）,东荟一街29号A1栋302房
乐建托管中心,泮塘路种福园17号首层商铺
鹿儿港婴幼儿托育园,增城大道2号1栋117室
英才早教托育中心,洛浦街汇南广场东区B201号
Peter家・托育中心（NO.GDGZ010店）,京溪路万科天河御品南区110铺
飞屋牧童托育园（金穗雅园店）,穗和北街6号204房
优佳贝尔早教托育中心,保利海郡花园海郡二街二栋二号楼107-112号
几米稚家,岑村华南御景园A17栋1层
喜宝幼儿托育中心（南华店）,华翠路19号南华时代城华润万家斜对面
金鹰宝贝国际托育中心,石化路219号文冲同创汇二楼
祝博士（亚运城校区）,兴亚三路147号3栋2梯109房
全优加早教・托育（华南新城分校）,新城小区大平台二楼A208-A213层
十牛小镇（阳光城市广场店）,兴业路与荔湾路交叉口东南20米
希蒙国际托育（淘金中心）,华乐街道淘金东路25-29号淘金华庭二楼整层
芮禾家早教托育园,布岭路万科里享家蔚来东门S13-210
学之社托管,长洲路257号
童蕊托育中心,立新街江南美景二楼商贸中心201室
爱乐贝多元智能托育中心,・保利爱特城南1门东50米
天树幼儿国际教育（东莞庄店）,瘦狗岭路413号颐和大厦A1栋411单元
明善托管中心,淘金街11-27号
学生之家托管中心,文元石榴巷与牛地街交叉口东北约100米
学诗教育,大广高速公路与金谷北路交叉口西北方向190米
小鲸妈妈托育中心,市桥街光明北路283号19-20铺
祝博士（亚运城校区）,兴亚三路147号3栋2梯109房
全优加早教・托育（华南新城分校）,新城小区大平台二楼A208-A213层
十牛小镇（阳光城市广场店）,兴业路与荔湾路交叉口东南20米
希蒙国际托育（淘金中心）,华乐街道淘金东路25-29号淘金华庭二楼整层
芮禾家早教托育园,布岭路万科里享家蔚来东门S13-210
学之社托管,长洲路257号
童蕊托育中心,立新街江南美景二楼商贸中心201室
爱乐贝多元智能托育中心,・保利爱特城南1门东50米
天树幼儿国际教育（东莞庄店）,瘦狗岭路413号颐和大厦A1栋411单元
明善托管中心,淘金街11-27号
学生之家托管中心,文元石榴巷与牛地街交叉口东北约100米
学诗教育,大广高速公路与金谷北路交叉口西北方向190米
小鲸妈妈托育中心,市桥街光明北路283号19-20铺
宝学士托育中心,观海路5号118-125房1层
悠悠家托育中心,广丰路1号（金洲地铁站出入口步行270米）
鲤鱼家庭式托育,保利紫云B1栋204室
午后时光托辅中心,蓬莱路与蓬莱正街交叉口西北80米
非凡保姆光大花园托育园,工业大道76-78号君誉富力现代广场a栋1004房
小鹿安迪托育早教中心,南沙街道听海街5街9号珠江湾（八匹马广场旁）
博泓儿童中心,富力・金港城金熙三街8-5号南区
五六点智慧托管,藤业一路三街39号铺
善学堂儿童成长中心,华景路126号福门阁二楼
手握手学生托管服务部,握山北东街8-1号
飞屋牧童双语托育（天河美林湖畔店）,桃园南二街194号204房
祝博士托管,天香街4号
童未来成长中心,龟岗大马路6号粤港大厦三楼
朵拉早教托育中心,环城北路北约坊二巷四横1号101、102（近龙美村委会）
全优・贝贝早教托育,创佳路3号梦多多小镇3层307室
春草托管所,马岗顶北街与泰沙路交叉口南100米
鲸喜哆哆托育中心,沙浦东路66号
同学嘉一站式托教中心,联和街道富春山居B31栋负一楼102室
米诺象婴幼儿托育中心,紫薇路38-8号
善学堂儿童成长中心,华景路126号福门阁二楼
手握手学生托管服务部,握山北东街8-1号
飞屋牧童双语托育（天河美林湖畔店）,桃园南二街194号204房
祝博士托管,天香街4号
童未来成长中心,龟岗大马路6号粤港大厦三楼
朵拉早教托育中心,环城北路北约坊二巷四横1号101、102（近龙美村委会）
全优・贝贝早教托育,创佳路3号梦多多小镇3层307室
春草托管所,马岗顶北街与泰沙路交叉口南100米
鲸喜哆哆托育中心,沙浦东路66号
同学嘉一站式托教中心,联和街道富春山居B31栋负一楼102室
米诺象婴幼儿托育中心,紫薇路38-8号
一心国际早教托育中心,大学城信息枢纽楼二楼（大学城南地铁站A口步行390米）
蓝蝶国际托育园,翠瑜街11号悠方天地东区F栋二楼211C
耀森小屋婴幼儿家庭式托育园,金穗路保利・心语E栋706房
小博士托管班（麒龙西路店）,麒龙路与丹桂路交叉口西南160米
童森双语托育乐园,东山街道寺右南三街三巷2号
梦想家托管中心（市莲路店）,赤岗村青颍大街九巷2号
广州极客思维教育科技有限公司（豪贤店）,豪贤路51号
飞屋牧童双语托育（番禺金海岸店）,大龙街金海岸大道金海岸花园14座1梯101室
彩虹托管辅导中心,万福路106号
宝宝托儿所（招村北街）,招村北街58号创意园南侧约90米
乐星托管中心,水荫四横路61号102室
步]托儿所,海龙街增虿]村481号
沛儿乐托育中心,站前路西村四约大街9号
心子宝贝（金玫瑰苑校区）,嘉瑞街金玫瑰苑
翌曦多元智能托育中心,馥佳苑华晖街2号101商铺
五六点智慧托管（晓港湾校区）,南洲路北文华街魅力港湾商业城208室
奇特小镇婴幼儿日托中心（大石旗舰店）,景华南路39号123铺
全优加早教・托育（翡翠绿洲校区）,陈家林路翡翠绿洲商业中心3楼
非凡保姆-家庭托育-猎德晟府校区,海文路1号猎德晟府一区崇德楼301室
恬雅・育苗圃蒙台梭利国际托育早教中心, 丰乐南路90号101（金逸雅居-恬雅蒙台梭利托育中心）
唐尼翰博国际日托中心（广州保利园店）,保利花园静雅街44号首层
步]托儿所,海龙街增虿]村481号
沛儿乐托育中心,站前路西村四约大街9号
心子宝贝（金玫瑰苑校区）,嘉瑞街金玫瑰苑
翌曦多元智能托育中心,馥佳苑华晖街2号101商铺
五六点智慧托管（晓港湾校区）,南洲路北文华街魅力港湾商业城208室
奇特小镇婴幼儿日托中心（大石旗舰店）,景华南路39号123铺
全优加早教・托育（翡翠绿洲校区）,陈家林路翡翠绿洲商业中心3楼
非凡保姆-家庭托育-猎德晟府校区,海文路1号猎德晟府一区崇德楼301室
恬雅・育苗圃蒙台梭利国际托育早教中心, 丰乐南路90号101（金逸雅居-恬雅蒙台梭利托育中心）
唐尼翰博国际日托中心（广州保利园店）,保利花园静雅街44号首层
爱尚育乐园,新都里25号
童心圆早教托育中心（钟福广场店）,钟福广场教育城3楼
爱亲宝托育园,龙洞东路221号
南沙红黄蓝成长中心,金沙路23号星河盛世商场首层内
乐轩私塾,漫林街98号
卡吉熊托育早教中心,宝岗大道1377号建恳商务中心2楼
小太阳托管中心（港湾路西二街店）,港湾西二街3号（大沙地地铁站C口步行470米)
唐尼翰博国际日托中心（越秀店）,小北路越秀公园东门东秀歌舞台旁
优仕学堂,蓬莱新街6号1层
树人托管教育连锁（全国第1136分点）,星盛西街5号101房
行知托管,南村镇广州雅居乐花园邻居一栋
吉宏托管学堂,朱村大道保利中航城二期青星街72号商铺
金领航托管理中心,两龙大街28号菜鸟驿站2楼
龙博士双语托育中心,沿江南路161号
萌芽教育托管中心,同宝路星汇云城
西村健苗托儿所,长宁街2号
稚趣慧儿儿童成长中心,云埔五路玉泉学校西北侧约80米
明利富教育,珠玑路147号
思润婴幼儿学苑(思润托育),星海园东南
思苏卡尔早教・托育（旗舰校）,东艺路129号
五六点智慧托管,公园前路44号9-10号商铺
FAMIC萌宝堡家庭托育园(雅居乐滨江花园),雅居乐滨江花园
金领航托管理中心,两龙大街28号菜鸟驿站2楼
龙博士双语托育中心,沿江南路161号
萌芽教育托管中心,同宝路星汇云城
西村健苗托儿所,长宁街2号
稚趣慧儿儿童成长中心,云埔五路玉泉学校西北侧约80米
明利富教育,珠玑路147号
思润婴幼儿学苑(思润托育),星海园东南
思苏卡尔早教・托育（旗舰校）,东艺路129号
五六点智慧托管,公园前路44号9-10号商铺
FAMIC萌宝堡家庭托育园(雅居乐滨江花园),雅居乐滨江花园
知了托管,上]如意路18号
闪之星托育早教,朱村街东100米
熊猫宝贝早教托育中心,莲港大道22号一街701
小天使托儿所（新风路）,新风路与新市南街交叉口东20米
乐童托管班,江南西路紫山大街33号103铺
贝安斯国际婴幼早教托育中心,元亨路31号
MORGAN KIDS HOME2早教托育英语,梅苑小区西门南100米（梅花园地铁站B口步行140米）
比泡乐儿日托中心（南田店）,龙骧大街四间巷34号
么么亲托育成长早教中心,横蚨路与富康路交叉口西100米
小木客儿童之家,峻峦一街18号B13栋101房
培杰教育,盈中路62号
博尔斯托管,市桥光明南路67号
艾比家托育,富景苑8街17号
智趣谷国际托育早教中心,福翠路南国奥园悉尼商业街3座1-6
翎羽托管中心,沙园三街南一号103室
大朗托育中心,大朗中路146号
爱尚园丁托管之家,盈翠路与东晓南路辅路交叉口东80米
小鲸妈妈托育中心（翠湖中心校区）,黄埔大道翠湖山庄
新加坡中英文双语爱童宝贝之家,天河北路中天购物城三楼
新爱婴早教托育,中新恒大山水城二期领峰南二街号
优质托管,望亭路15-37号
阳光托管,榄元新街18-1号
博尔斯托管,市桥光明南路67号
艾比家托育,富景苑8街17号
智趣谷国际托育早教中心,福翠路南国奥园悉尼商业街3座1-6
翎羽托管中心,沙园三街南一号103室
大朗托育中心,大朗中路146号
爱尚园丁托管之家,盈翠路与东晓南路辅路交叉口东80米
小鲸妈妈托育中心（翠湖中心校区）,黄埔大道翠湖山庄
新加坡中英文双语爱童宝贝之家,天河北路中天购物城三楼
新爱婴早教托育,中新恒大山水城二期领峰南二街号
优质托管,望亭路15-37号
阳光托管,榄元新街18-1号
幼而学教育,海润大街30号
童颜心童颜托育早教中心,大沙北路123号政法楼2楼201室
学乐托管,教育东路7号附近
明特教育（广园校区）,广园中路208号210室、211室、212室、227室、228室
FAMIC放我家托育・早教(富力城园),丽城路富力城B6栋102室
搏思特托管,石决路45号
雅萧托管中心,九石岭路与履泰西街交叉口北20米
阳光托管,荔香二街23号附近
盛禾学舍,基立下道45号107室
爱尔福婴幼中心（广州中航城）,青星街122号201-213
Tiny Hands 泰尼汉托育,黄沙大道御景一号（素会旁边）
心子绿学园,南村镇江南村江南桃园路4号
龙博士双语托育中心,洛浦街如意路2号奥林匹克大厦首层113铺
燕燕幼儿托管所,高第村4号
学无优托管中心,荔城大道241号
星慧托育中心,星河大道西广州星河湾国际公寓首层大堂
阳光学园,中山七路锦龙北1号（陈家祠地铁站B口步行200米）
五六点智慧托管（NO.GD-广州-060店）,元塘路6号
思培托育（育英校区）,钟村街钟三村大地塘隆辉创业公馆A座105107号育英小学
字游空间托管,下沙新村西大街七号
学而乐托管中心,大同村乐宜路51号
燕燕幼儿托管所,高第村4号
学无优托管中心,荔城大道241号
星慧托育中心,星河大道西广州星河湾国际公寓首层大堂
阳光学园,中山七路锦龙北1号（陈家祠地铁站B口步行200米）
五六点智慧托管（NO.GD-广州-060店）,元塘路6号
思培托育（育英校区）,钟村街钟三村大地塘隆辉创业公馆A座105107号育英小学
字游空间托管,下沙新村西大街七号
学而乐托管中心,大同村乐宜路51号
芳草园托管教育中心,华景北路与景邮路交叉口西南40米
慧爱托育,石井街石安路181号
五联小学-小太阳托管中心,学校南路15号
优越教育,塘东路南安小学西侧约120米
羊城教育,景云路45号
新起步托管（榨粉街）,中山四路榨粉街88号605房
海洋之家,尚景路112号
明智教育,兴贤路大石小学北侧约30米
安心托管,新墩庄围路南安小学东侧约80米
乐涵教育亚运城校区,兴亚三路32亚运城国际区A区F2层
晨曦幼儿托管中心,沧头华东五巷2号
红梅托管,新1栋302室（近农林下路小学）
启智托管班,潭洲潭山路14号
向日葵托管,"朱村大街117号（近324国道,朱村牌坊北550米）"
知了托管,大石街岗东路4号2楼整层
尚清教育,陶然庭苑南门旁
益童教育,优山悦海美麓花园B7-110商铺
几米稚家家庭式托育,祈福新B区16街86号
帕思教育,凤岗四巷77号e105号
奇乐青少年成长中心,鹤洞路广钢新城中海花湾壹号锦御二街B3-号122室
优学邦教育,背坪北五街柯木i大厦东侧约160米
烨子早教托管中心,茅岗坑田祠堂街2号
米娜英语托育园,天润路467金碧翡翠华庭商务楼五楼502室
达慧童乐托育园,芳兴路84号旧龙华宾馆
益童教育,优山悦海美麓花园B7-110商铺
几米稚家家庭式托育,祈福新B区16街86号
帕思教育,凤岗四巷77号e105号
奇乐青少年成长中心,鹤洞路广钢新城中海花湾壹号锦御二街B3-号122室
优学邦教育,背坪北五街柯木i大厦东侧约160米
烨子早教托管中心,茅岗坑田祠堂街2号
米娜英语托育园,天润路467金碧翡翠华庭商务楼五楼502室
达慧童乐托育园,芳兴路84号旧龙华宾馆
骄子之家托管中心,烟墩新街21号
全优?贝贝托育中心（融创店）,广州融创雪域澜庭A2区（天贵路东)
阳光托管,大纲领幼儿园东南
慧星国际儿童教育,保利・西海岸汇海花园8栋负1层02号
科翰教育（荔园新天地店）,西环路1502号荔园新天地F2层
儒德托管,银利街285号
童学家托育中心,沙湾路与市良路交叉口南100米
励尚教育 大风车托管,石榴岗路信步中街43号
初心童心国际托育园,保利天悦28栋301室
吖哆哆国际婴幼儿托育中心新塘社区园,凤凰北横路230-232号
安贝斯早教托育中心,凤凰北路25-4号
优学托,Y769（新庄小学西北侧)
培英前程托管中心,工业大道广纸北一路东四街4号铺
康悦托管培育中心,天贵路50号美华新村3号楼商铺（五洲幼儿园隔壁）
小状元托管,梅花街共和五巷30栋101室
俊才托管铺导班,聚龙苑西门北90米
向日葵托管辅导,边岗西路9巷6号
Sunny艺术托管中心,教育街大龙社区西侧
春苗托管,小北路丹桂里15号302室
优智托管中心,金信路77号
心乐梦教育,"朱村大街117号（近324国道,朱村牌坊北550米）"
文冲托教,步东商业大厦（大沙东地铁站C口步行490米)
小黄帽托托屋,新雅街(合和新城)万和北路1-4号
天衡优才,康王中路600号城光荟广场南区一楼116号
文冲托教,步东商业大厦（大沙东地铁站C口步行490米)
小黄帽托托屋,新雅街(合和新城)万和北路1-4号
天衡优才,康王中路600号城光荟广场南区一楼116号
官湖幼儿托管中心,官湖村官湖路69-2号二楼
学敏托辅中心,江平二路22号2楼
智诚保贝智慧托育,华南碧桂园锦翠苑A区二街26号
全优贝贝保利花城店,保利花城西一街33号
博雅托管中心,富怡路63号
同芯拖辅中心,海傍村民委员会
小鹿安迪托育早教中心,鹤洞路267号中海花湾壹号中海花湾天地购物中心F2层
向阳托管中心,登云大路兴旺街7号111室
博思特托管（一店）,宏明路99号101铺
小恐龙学堂,洛浦街珠江花园别墅区琴江街4号
培越托教中心,广州设计港彩虹座
华思教育（番禺校区）,兴亚三路与兴岭路交叉路口南侧（运动员村东南侧）
天歆教育,新都里与泮塘路交叉口西120米
领航托管辅导艺术培训中心,新村北街新塘小学南侧
佳一辅导,"朱村大街117号（近324国道,朱村牌坊北550米）"
亲呀呀精致智慧托育（增城豪园校区）,石滩镇碧桂园豪园翠湖苑四街49号
哈喽宝贝(豆豆乐)托育园,海伦堡大道2号海伦堡花园百仁教育城一楼
童景托育,南洲路珠江御景湾
sunny艺术托管中心,南城路343号喜迎雅静小区一层商铺
康源馆,太石村简太路233号20号
喜宝幼儿托育中心（龙珠校区）,龙珠路18号金色华庭首层东面商铺（金信广场入口进入20米）
手拉手学社,竹丝岗大马路11号
子安托育,光明南路1号青少年宫首层
爱迪儿托教中心,三角园路与里仁洞村占贤大道交叉口东南100米
阳光小屋托管,祥安大街与德胜路交叉口西南20米
博艺托儿所,东平北路8号
马溪早教托管中心,花港大道与南岳大街交叉路口南侧
雍学托管辅导中心,夏街大道17号
乐鲸灵婴幼儿成长中心（剑桥郡校区）,雅居乐花园国泰路36号自编1（仁维天药房旁)
阳光小屋托管,祥安大街与德胜路交叉口西南20米
博艺托儿所,东平北路8号
马溪早教托管中心,花港大道与南岳大街交叉路口南侧
雍学托管辅导中心,夏街大道17号
乐鲸灵婴幼儿成长中心（剑桥郡校区）,雅居乐花园国泰路36号自编1（仁维天药房旁)
卓知托管服务中心,荔景大道1-114号114号
Kids life孩宝培育托班,江宝路390号
萌乐园少儿托管中心（荷花路）,桂花路与荷花路交叉口西南50米
嘉嘉托管,员村三横路18号之一（员村地铁站C口步行470米）
欣悦优托,商南街与育才街交叉口西南60米
学业有成,迎宾大道辅路与大华三路交叉口东约60米
广礼学堂（北京路店）,同庆坊17号一楼
广州乐智之家托管中心,先烈中路105-1号（沙河顶地铁站B口步行320米）
海青成长中心,新港西路38号
苌菁藤艺术托管中心,建设横马路2号宸宇大厦602-606室
津德托管中心,龙溪中路保利九里公园杏霖街6号112室
金宝贝托管,花都雅居乐锦城花语集346号商铺
祝博士,凤湖四路万科幸福誉南门底商
新星,沐陂西街三号大院西南侧约40米
培蕾阳光教育中心,德政中路130德悦居二楼
永曜北托管,东濠涌高架路越秀南社区
优匠学堂,市桥镇丹桂园大街五巷11号（市桥北城小学旁）
名扬托管,泥紫洪圣涌路五巷4号
一点通托管中心,镇龙村新围友新路7号
晟睿托管服务中心,南航大道北益群学校西侧约30米
晋级托管学堂,福今路51号
文慧教育,心谊路51号
桐文乐学,菁映路菁品园
森诺托育园,东乡二街183号
贝尔安亲,东风东路776号外贸大厦B座2楼
童旭托管服务部,白山西街4号（同和地铁站D口步行400米）
育才托管辅导中心,新安路与隔塘新村大街交叉口西南20米
贝尔安亲,东风东路776号外贸大厦B座2楼
好孩子托管中心,大华二路阳光家园A座
子悦童行托管・兴趣・辅导,团结路8-11号101室
育才托管辅导中心,新安路与隔塘新村大街交叉口西南20米
东泽托管培训中心,寺右中街13号101室
大拇指托管中心,大石岗东路19号的
桐文乐学,菁映路菁品园
龙脉托幼生活,沙园大街与沙园二街交叉口西北80米
疯狂龙博士托辅中心,校园路48号广州市康祥实业有限公司的
素质托管中心,晓园路11号
大笨象托管中心,官育路棠东毓南路5号
婴幼儿照护日托,骏新路172号
童旭托管服务部,白山西街4号（同和地铁站D口步行400米）
扶幼堂,宝华路34-6号
一德托管中心,康乐小区康乐园一街
天天向上辅导托管中心,西约新村大街利源超市旁
乐臻托管,小洲村西成右五巷1号
南葵向暖托管中心,南城路343号103号铺
开心托管,荔城街道荔城大道137号
康康托儿所（龙溪西路）,龙溪凤池村262号
都挺好托育（哈街校区）,桥南街道南郊路162号
小宝贝幼托,侧斌街与均一东街交叉口东约80米
星星少儿托管中心,团结路54号
正牌托管,清水濠9号2层（团一大广场地铁站A口步行450米)
亲的时光托育院,朝阳西路77号
萌芽教育（左边小学店）,环村东路左边小学东南侧
酷爱学托管,富基路富基广场-一期（市二宫地铁站B口步行490米)
朗星托管,群英大街13号附近
亲子林教育,天府路口叠翠台D座首层
都挺好托育（市桥校区）,市桥街清河中路8号
东乡托幼中心,村四街十七巷一横巷23号之一
卓思托育&早教中心,团结村金龙路7号（即恒大一期旁）
卓思托育&早教中心,团结村金龙路7号（即恒大一期旁）
FAMIC放我家（万科尚城2店）,丹水坑路万科尚城A2栋204房
启航,钟村街钟三村一条树路9号
佰分托育中心,翠园西八街4号103室
红太阳托管服务中心,文教西街27号
田野教育,岗东路2号2层
好之星托管,钟落潭镇
天才优儿（萝岗奥园广场店）,开创大道萝岗奥园广场F1层
育学教育,元塘路1号
星火教育,繁华路57-103号金口岸大厦3楼
同学家托管,雅居乐富春山居
阳光托管（信成南街）,信诚小区信诚街12号201房
小太阳托管辅导中心（北星路）,北星路北星小学-附属幼儿园南侧约50米
贝贝熊・晋级托管学堂（帝景校区）,龙口西路212号
宜庭托管,盈中路52号(南武小学旁)
佳佳托管,大沙北路大沙东公租房
精诚托管中心,芳村大道中344-360B2栋401室
易学堂教育,宏明路91号
佩奇小网红,环市大道西路大涌地铁站D出口旁
奇特小镇婴幼儿日托中心（金山谷店）,东艺路14号之4号
金贝贝儿童看护点,龙洞东街110号
学优托管中心,福兴三街福涌小学北侧约50米
学贤托管,银利街285号
KPF剑桥成长中心,百顺北路云门云悦2楼北塔L2-6
启博托管,福南坊新村12巷1号2楼
一百橙长,金峰城128号
一嘉,西城路144号
悦乐成长园,兴华路91号
喜洋洋托管,五羊北小区（广州市越秀区)寺右新马路寺右北二街五巷1号地02室
广东省纺托儿所,工业大道北41-4号3号大院省纺宿舍内
益儿托管,旭景家园A区a9-102室
新爱婴国际日托中心（西i店）,花地大道中四季花园南门雨菊街15―17号四季中心三楼303号
益儿托管,旭景家园A区a9-102室
新爱婴国际日托中心（西i店）,花地大道中四季花园南门雨菊街15―17号四季中心三楼303号
博美少儿托管中心,如意路广州市番禺区洛浦中心小学东北侧约30米
安心托管,五羊北小区（7号门)
湘军*小青苗托育中心（小青苗早教托育中心）,#VALUE!
翱飞教育,大涌口大路兴贤小学西南侧约180米
五六点智慧托管（亚运城校区）,亚运大道1290号9栋103铺
龙胜教育托管中心,田心校前街联和小学东侧约50米
优越托管辅导中心,龙井路9号
小布丁托管辅导中心,荔城大道洋溪村洋溪路东五巷4号
有家学堂学习共享空间（盈溪路店）,盈溪路149号3楼413-415室
明爱托管辅导中心,锦绣花园北区一座4号铺
赤岗托儿所,赤岗东约539号（宝佳商场对面)
彩虹屋幼儿班,新村北街茶园岗综合市场东南侧
蓝精灵托管中心,夏园小学西南门西北50米
同步堂托管中心,谢村环村南路64号附近
智多星托管,G9411广隆苑底商
升启教育,小洲村艺术大楼北楼4楼
才智社辅导托管中心,茅岗路茅岗小学南侧约70米
君轩托教中心,光明南路97号
韵乐生活馆（先锋店）,光明南路111号
方源教育,紫山大街32号江南新村第二小学东北门对面
书童之家,荷光路38号棠新住宅小区3栋1楼
早教托管,大石江丽九街
小东家托管综合服务中心,郭地大街一巷松苑
乐懿教育托管班,石榴岗路信步闲庭信步中街35号之二
祝博士,藤业一路富力・金街
阳阳教育托管中心,塘园中路60号
兴安托管所,新村西路1号楼
小叮当托管中心,康乐小区康乐园一街二座
爱尚教育招生办,东晓南路1433号（南洲地铁站D口步行300米)
极客托管,新时代大厦
童星俊华幼儿教育（海珠五凤园区）,东晓南路630号二楼
一心教育,解放北路金桂园C6-104A
智慧树托管中心,五羊新城E18栋地03（五羊地铁站A口步行470米）
豌豆园托管,西华路大兴街16号106室
哆来咪课后托管,增南路与海南南边街交叉口东180米
小时光托管辅导,章陂村可园新街六巷14号
小状元托管辅导中心,万安村北斗小学对面
朝阳托教中心,犀牛路犀牛尾村69号永建大厦一楼（区庄地铁站B2口旁）
小太阳托管中心,大罗村中约前街4号大罗小学正对面
龙博士小禾苗双语日托,石壁街屏山东路56号之101-201室
文慧辅导班（海北店）,东联路13号
康恩托管教育中心,光孝路与中山六路交叉口东北100米
斯宇托管,丹桂园大街与丹桂园大街一巷交叉口西北60米
宇曦托管,农林下路78号之二110房（区庄地铁站C口旁)
蓝房子托管,光明南路51-53号
七彩缤纷托幼中心,石塘石一街18号
小状元,富豪山庄小学北门西南110米
宝贝加油站（有家托管中心）,下塘西路48-52号附近
心智成长托管,友爱路9号之102室
艾右宝贝成长园托育中心,#VALUE!
乐苑教育,赤岗恒信路149号
天衡幼儿学苑,龙口西路212号2楼君易艺术中心
小太阳,兴泰大街与兴泰路交叉口西南160米
正耕学星,陶庄路3号之5首层（天平架地铁站B口步行390米）
倍优加托管中心,荔城街庆丰村洋溪村路7号
厦蛲杏,沙蛑新1巷11号3层
乐学托管中心,笔村中南坊街41号(东区小学正对面)
小叮当托管中心,经述路京兆小学东南门东侧约40米
几何马奇教育马奇熊智慧托管,天河北路侨林街51号侨林苑1期A栋首层
梦想之家,福和小学路口
天旭小可爱保育园,汇侨新城汇侨路14号首层101室
山今早托萌学园,石围塘街道龙湾路2号首层110铺
天旭小可爱保育园,汇侨新城汇侨路14号首层101室
山今早托萌学园,石围塘街道龙湾路2号首层110铺
优立思文化成长中心,前进街桃园路1号
佑升辅导,中山六路惠吉东路17号1楼
棉村托儿所,海南棉村181号
五六点智慧托管,沙太南路鸿辉高级写字楼2楼201-204室
宝园教育,贤藏街67号1层
童心托管辅导中心,水荫四横路65号101室
童话镇,三堂路南阳里小学（第二校区)东北侧
壹佰度教育,中海花湾壹号D区北门旁
蓓蕾教育咨询部,马岗大街石化小学东北侧约40米
贝贝加国际保育园,金碧世纪花园会所4楼
鸿学堂,江海街艺苑南路244号金影花园南门
晓远托辅中心,桥南路南郊村顺宁路8号
荟俊托管辅导中心,桥南路一巷10号
德宝教育（华阳校区）,信成小区6号
南箕托儿所,南箕中约大街14号
祝博士（金沙洲沙凤校区）,汇瑞街68号二楼
大拇指托管中心（经述路）,经述路与岗心路交叉口东20米
睿庭教育托辅中心,桥南街南庭路266号
无忧托管辅导中心,东涌路90号二楼
优智嘉教育,东涌路92号1楼
精准托管所,员村街道员村西街4号大院(侨颖苑)2层104室
金智慧素质成长中心（金港湾购物广场店）,大龙街城区大道283号金港湾购物广场F2层
筱葵园托管中心,东横一路宏泰创空间2楼209室
筱葵园托儿所管中心食堂（东圃店）,东圃小学门口对面二楼
尚堂,桥南街道聚宝路3号
中正,西城路287号
阳光托管,红山街道姬堂乐善上街52号
IQ博士,淘金街11号
贝贝育儿中心,环山路与围仔大街交叉口东北40米
优博学,桥南街南庭路242号
优博学,桥南街南庭路242号
韵乐生活馆・双语托管（桥东店）,东涌路130号
Sunny文化托辅中心,碧莲路222号
诺诚教育中心,大西路132号
Sunny文化托辅中心（锦庭店）,锦庭路236号
领航托管,港湾一村13栋105房（大沙地地铁站C口步行470米)
彼芯课后成长中心（华阳中心）,信成南街宏景台三楼c区
多向托管,小北路52号粮贸大厦F2层
嘉家托管,长兴路105A2栋505-506室
花园教育,城内路与城内路一巷交叉口西约60米
习优教育（大西路店）,三堂路南阳里小学（第一校区)西侧约50米
福慧托管辅导中心,福涌村福兴路二街4号
沐洋瀚文,顺宁路与南康二巷交叉口西北20米
师路育儿托管,西城路181号
阳光托管,英贤路15号
博学托管培训中心,淘商城电子商务创意产业园西南门旁
贝思少儿托管中心,南郊村B区南康大街4号
乐瑶园教育托管.辅导.艺术,德贤路604号（君华御府东门)
酷爱学托管,亚运大道辅路与兴亚大道交叉口西行150米路南亚运城天成
国小安亲托管,象岗街34号
爱玛托管班,象岗街与下塘新村二巷交叉口东南100米
成长学生托管辅导社,西城路281号
一心托辅中心,三堂路四巷1号
学通托辅中心,顺宁路3号
旭升家庭服务部,二i西街1巷2号
一同学,顺宁路南郊村-B区
习乐托管中心,育龙路龙岐螺阳小学西北侧
全优托管中心（沙坑大道）,沙坑大道43号
博雅托辅中心,南华路123、125、127号商铺
如意教育,东涌路114号
澳美加全日托,环市东路500号广发花园幸运阁
三乐教育,逸彩路小美医生二楼
童佳学习吧,大西路143号
晨童托辅,三堂路94号
五六点智慧托管,育才街1号205、206房
学倍优托辅中心,新中路6号之一202号
创想教育托管,东华东路388-7号首层
悦享学成长中心,中山大道绿茵街9号
华外APEP爱培学园（优托邦店）,科学大道193科学城商业广场F2层
奇特小镇,市桥街富都城捷进中路3号上轩广场F2层
新塘学舟托管辅导中心,桂花路新塘镇第二小学东侧
三点半互助托管中心,东沙村兴发路
晖扬文化艺术特色托管,玉兰东路与紫荆东路交叉口东150米
金苹果看护点,岑村圣塘大街二巷23号
鸣人教育,繁华路90号
东方托管中心,岑村松岗小区7巷2号
洪悦托管,农林下路78-2号附近（区庄地铁站B1口步行140米)
安心托管（沙河塘寮街）,沙河大街左竹园14号
启航托管,友爱路9号之1号102室
优师教育托管中心,东山街道署前路17号
亲仁托管,车陂路B12站
贝乐,南康六巷与顺宁路交叉口附近
文亮托管辅导班,派潭镇文政路102号
太小阳托管,水荫二横路水荫路小学
小花园优童托管,福今东8号之1-10福今东8号大院福今东8号大院之五101室
启辰托学中心,乐宜路大同小学南侧
思学微塾,仁厚直街4前锋商务楼F1层
开心托管辅导中心,瑶东街与东联新街一巷交叉口北140米
童映学堂,共和八巷18号
培正托管（培正店）,培正新横路21-23号
未来星托管中心,永发路5-21号
华人教育托管中心,江南西路36号
小森林托管,陂吓路嘉汇・四季阳光东北侧约40米
雅智园幼儿托管中心,港湾西三街西200米
小森林托管,陂吓路嘉汇・四季阳光东北侧约40米
雅智园幼儿托管中心,港湾西三街西200米
成长教育托管辅导中心,桑田一路32号礼加诚购物广场对面
姬堂小学-阳光辅导,黄埔街道姬堂小学
精灵艺术托管中心,大源东路92号
南浦幼儿早教中心,东乡广场东南（东乡二街）
翰林优幼教育,荔城大道300号4层
十牛城堡,迎星中路番禺儿童公园
乐学时校外托管服务中心,共和苑内（共和三巷46-48号首层）
上步托儿所,上步花园A2栋21号（上步地铁站D口步行450米)
立星托管,员村三横路东巷1号二三楼
思培学研社,五一新村大街南16号（沙园地铁站C口步行250米)
科翰教育,繁华路57号繁华中心三楼
欣育托管,阳光假日园2层A29室
大智森林,中山大道1100号
云熙教育,茶山路睿峰园一楼
明日之星托管班,新造镇新华路85号崇德市场对面
芽米国际保育园,大丰路18号大丰汇创意园D栋201号
慧知幼儿托管中心,新庄三街1-3号
德信托管辅导中心,新塘新村北街路7号
旭日托管辅导中心,光明西路江龙学校
新目标托管中心,清布村清潭小学旁边
金紫里步星托管,金紫里东街34号2层
天树幼儿国际教育,远洋天骄广场B1栋2楼211室
比芯课后成长中心,华穗路406号906室
奇特小镇婴幼儿日托中心（时代倾城校区）,时代倾城194铺
甄诚小初中托管中心,竹苑街18号104商铺
艺墨托管中心,穗石村穗石大道38号
小宇宙托辅中心（潭山店）,潭山环村公路化龙第二小学
前蔚托幼园,桃园路21号101房二层
智航教育托管中心,五斗街11号智航托管中心
瑞奇中小学托管辅导,东园六街南燕楼
唐老师托管辅导,友爱路一巷六号
亲子园太阳广场校区,天润路461号五楼
呈长乐园,江夏村学校北路3号尚毅大厦311房
裕苑街九巷8号托管,大简幼儿园
巧多狮,番禺大道北555号
筱葵园托管中心,吉山小学旁边
腾艺安亲托管中心,雅居乐剑桥郡瀚澜一街20号之2号
天之骄子双语乐园,木棉街11巷2号
儒雅托管中心,富怡路17号2楼
智慧托管,石楼镇乐羊羊路38号亚运城天o1区7栋106
贝亲国际托幼公学,石井街石槎路981号5层
慧优教育,南村壹号健康产业321
博贤托管中心,员岗村后底岗北路一号
欣欣托管（大石店）,岗东路55号附近
家政托管,金碧二街金碧花园（石溪地铁站D口步行290米)
启航托管中心,大石岗东路37号之一
早教,学园街金钻城市广场东侧约30米
五六点托管（重文校区）,泰山路59号
小不点天地托管中心,民兴路东大街金色童年幼儿城堡东北侧
翰玛国际托管中心,荔景大道1号中区名门
汪嘟嘟的小院,淘金路淘金街20号-34号小区南侧
智慧熊猫,金花直街34宜盛商务中心2层208室
开轩文物托管所,棠德东横路棠德花苑
小学士托管,增江街增江路1号11栋首层
洛溪新城小学-知了托管,如意三马路与康宁东路交叉口东北20米
hh辅导托管中心,南村镇樟边村隔田坊大街二巷8号之二
明爱教育（第四分店）,胜石环村西路10巷2号
学思托管,丹桂园大街9巷7号
乐洋洋智慧托管（亚运城天韵店）,兴海路93号11栋107号
博思托管中心,江南村南里路2号3幢301室
天天向上课后托管中心,蚧地街太平中心小学北侧约70米
天河区丰乐社区安亲托辅中心,中山大道棠东村官育路18号（棠东小学门前50米）
NewHope,黄石街道黄石北路白云尚城一期会所一楼
启航托管中心,小塘坊新区大街与为民北路交叉口西220米
奇特小镇婴幼儿日托中心（桥南江畔校区）,桥南街逸祥大街2号2层202号
全优家托管辅导中心,小龙村祠堂西街北二巷25号
暖心托管,长兴路天鹅花园A栋
康乐托辅,康乐路92号
乐乐托儿所（旺城南路）,旺城大道88号
贝安亲（华发中央公园店）,华发中央公园省实旁
爱思托管中心,穗花南街8号
人之初托管,沙湾街道
清华托管,井三新内街12号
比芯课后成长中心,华联创意园
里享家托管教育中心,锦绣天伦四街4-6号
童趣之家,华强路2号富力盈丰大厦a座
未来希望幼托,塘寮街沙东大街小区
学优托管班（五羊店）,五羊北小区A4栋地02室
好苗子托管辅导中心,环城西路37号
启航托辅,潭山小学潭山路65号
智登宝贝,黄埔大道中翠湖山庄27-28号铺
托儿思,员村西街与乐学街交叉口西南约80米
培英托管,小乌新街234号
阳光托管（坭紫村前大路）,坭紫村洪圣涌五巷四号
明智托管,东涌镇盛发西街二巷6-1号
金太阳托管,盛发西街与东华街交叉口北20米
小红帽托管中心,南庭路72号
小红花,洛浦街道上村如意路3巷10号
A课后托管中心,经述路1号102室
创意教育托管中心,中新镇食饭台
育群托管班食堂（丹桂园店）,丹桂园大街四巷1号
远大小状元学习中心,洛浦街百事佳花园临江楼二楼
翎荟学院,宝业路576号-6
乐学之家培训托管中心,宁西市场兴旺街17号
领悦教育,江南中街道江南中穗花新村13号（崴帝斯健身游泳会所旁）
小天才托管辅导中心,康乐路康乐园5号一座
腾龙托管中心,大敦村创新北路（顾康多药房)
朗阅托管中心,中海花湾锦佳四街6号115室
五年三班亲亲家园儿童托管,兴发大街169号2楼
童心托管中心,青年路东兴楼3楼
新果托幼园,双桥8号荔水街3号101房
全A+少儿托管中心,桥南街南平路1巷号101铺
萌星托管（富城商场店）,捷进中路瑞华苑
五六点智慧托管,雍逸华庭东门西北130米
向日葵托管辅导中心（三稳涌西街）,文稳街与909乡道交叉口西80米
育才托管辅导中心（西华路）,西一小学西北门旁
启帆托管班（石楼清流村店）,石楼镇东窖桥候车亭隔壁
今诺托管成长中心（碧桂园店）,荔城街荔星大道8-301-302室
德才托管,马岗顶北街与泰沙路交叉口西南80米
班长之家,莲花山海鸥桥底
利民托儿所,桥南街上奥东街6巷8号
十牛小镇（南国奥园店）,悉奥路商业街5座203室
五六点智慧托管,德贤路590号
彩虹教育金贝儿托幼,民安路与东乡五街交叉口西南40米
天湖晨曦艺术托管中心,康乐西路（太平第二中学西南侧)
向阳托管,龙兴中路永兴小学南侧约110米
育优托管,保利星海小镇（榄核二小正对面）
培优文化托管,吉祥北园A区
卓聪托管,进港大道28号3楼
育苗托管辅导班,花园路七巷与花园中路交叉口东南40米
启点托辅中心,牌坊路52号
东新街儿童看护点,吉山村大园街15号
学生哥托管辅导中心,裕兴西街2号2/3楼
启航托管班,民生路三街
晋级托管,奥园金莎广场银座103铺
传知学堂,德祥路8号
