"id","name","type","typeCode","bizType","address","gcj02_lng","gcj02_lat","wgs84_lng","wgs84_lat","tel","provinceName","cityName","adName"
"B00140J9KI","江埔街医院","医疗保健服务;综合医院;卫生院","090102","[]","街口街河东南路39号","113.596513","23.540541","113.59140963292504","23.54331349941302","020-87982714;020-87987223","广东省","广州市","从化区"
"B00140ULIZ","神岗卫生院","医疗保健服务;综合医院;卫生院","090102","[]","太平镇广从南路2134号","113.527741","23.481732","113.52250506047405","23.484401917002128","020-87825123;020-87826554","广东省","广州市","从化区"
"B0FFIZ5AR2","灌村卫生院","医疗保健服务;综合医院;卫生院","090102","[]","温泉镇石坑政通路92号","113.714085","23.579550","113.70885862843645","23.582161423770778","020-87891036","广东省","广州市","从化区"
"B00140ULJF","广州市增城区中新镇福和卫生院","医疗保健服务;综合医院;卫生院","090102","[]","朱福路15号","113.637470","23.355257","113.63236267839984","23.35801683193388","020-82831004;020-82833211","广东省","广州市","增城区"
"B00141J9H7","小楼卫生院","医疗保健服务;综合医院;卫生院","090102","[]","小楼镇腊圃小学西南(380省道北)","113.789003","23.415997","113.78383568140572","23.418617886365425","020-82844380","广东省","广州市","增城区"
"B0FFGIW5TV","广州市从化区温泉镇卫生院","医疗保健服务;综合医院;卫生院","090102","[]","龙泉路12号","113.668086","23.601003","113.66291918703206","23.603694612601302","020-87831906;020-87838120","广东省","广州市","从化区"
"B0FFLJXYZD","增城区派潭镇中心卫生院","医疗保健服务;综合医院;卫生院","090102","[]","文政路与派谭教育路交叉口北200米","113.779995","23.491236","113.77480526472196","23.49383901849242","[]","广东省","广州市","增城区"
"B00140W2YM","东明卫生院","医疗保健服务;综合医院;卫生院","090102","[]","东明镇五和村","113.872366","23.890064","113.86737342248648","23.892892447742692","[]","广东省","广州市","从化区"
"B0FFLPVNMN","高峰村卫生站","医疗保健服务;综合医院;卫生院|医疗保健服务;诊所;诊所","090102|090300","[]","高峰小学东北侧100米","113.648434","23.549830","113.64330002149212","23.55255426146661","[]","广东省","广州市","从化区"
"B00141IG5X","从化区街口街社区卫生服务中心","医疗保健服务;综合医院;卫生院","090102","[]","街口街西宁中路4巷1号商贸大厦对面","113.586760","23.551398","113.5816491987026","23.554168106334796","020-87922158;020-87924622","广东省","广州市","从化区"
"B0FFGKDOFU","正果镇卫生院","医疗保健服务;综合医院;卫生院","090102","[]","正南街1巷附近","113.889686","23.404667","113.88475343967087","23.40744334078443","020-82811087;020-82811302","广东省","广州市","增城区"
"B0FFFZN4D3","江埔街社区卫生服务中心","医疗保健服务;综合医院;卫生院","090102","[]","河东南路39号","113.596690","23.540538","113.5915867136392","23.54331050850114","020-37983325;020-87983566","广东省","广州市","从化区"
"B0FFK7PQTZ","广州市从化区良口镇中心卫生院","医疗保健服务;综合医院;卫生院","090102","[]","良口镇新城路39号","113.734109","23.716915","113.72886406184912","23.719528327807488","020-87852133;020-87852202","广东省","广州市","从化区"
"B0I6RUVE0Y","明珠社区卫生服务中心(新址)","医疗保健服务;综合医院;卫生院","090102","[]","明珠建设南二巷广场路1号","113.532868","23.593969","113.52764073294792","23.596654087158274","020-87905336","广东省","广州市","从化区"
"B00141J9D1","朱村街社区卫生服务中心","医疗保健服务;综合医院;卫生院","090102","[]","朱村街道朱村大道西14号","113.692246","23.273129","113.68706466768404","23.275811727223715","[]","广东省","广州市","增城区"
"B0JBP95QVJ","新龙镇中心卫生院","医疗保健服务;综合医院;卫生院","090102","[]","镇龙宝龙三街与广华路交叉口东南240米","113.586478","23.275768","113.58138521460185","23.27857646298189","[]","广东省","广州市","黄埔区"
"B0HAGUW0W3","广东省广州市增城区小楼镇沙岗村卫生站","医疗保健服务;综合医院;卫生院","090102","[]","小楼镇沙岗村沙一路31号","113.735590","23.377146","113.73036799947626","23.379750110352543","[]","广东省","广州市","增城区"
"B0FFFE2UIG","正果医院","医疗保健服务;综合医院;卫生院","090102","[]","正果大道175号","113.889291","23.404741","113.88435793335137","23.407517122684446","020-82811087;020-82811302","广东省","广州市","增城区"
"B00140ULIQ","花都区花东镇北兴卫生院","医疗保健服务;综合医院;卫生院","090102","[]","花都大道北16号","113.418758","23.426059","113.41322123188687","23.428474849215352","020-86796332;020-86798673","广东省","广州市","花都区"
"B0014092F4","新华医院","医疗保健服务;综合医院;卫生院","090102","[]","新华街商贸路1号","113.198787","23.379690","113.19340331605088","23.382248252307942","020-22677866;020-86863248;020-86871091","广东省","广州市","花都区"
"B00140SYSH","广州市花都区梯面镇卫生院","医疗保健服务;综合医院;卫生院","090102","[]","梯面镇金梯大道40号","113.299457","23.551194","113.29405438543436","23.553740980682317","020-86786263;020-86851526","广东省","广州市","花都区"
"B00140W6L4","花山镇卫生院","医疗保健服务;综合医院;卫生院","090102","[]","两龙育才路1号","113.279741","23.457318","113.27437462661287","23.45989434719776","020-86848553;020-86948333;020-86947161","广东省","广州市","花都区"
"B00141IDJ2","新华社区卫生服务中心","医疗保健服务;综合医院;卫生院","090102","[]","农新路8号","113.197658","23.380549","113.19227243475882","23.383105254651483","[]","广东省","广州市","花都区"
"B00140UDZE","广州市白云区龙归华侨医院","医疗保健服务;综合医院;卫生院","090102","[]","龙归墟公路南3号","113.304438","23.283708","113.29904460522845","23.286282878870878","020-36364393;020-36366091","广东省","广州市","白云区"
"B00140NZ2M","江高镇卫生院","医疗保健服务;综合医院;卫生院","090102","[]","江高镇镇中南路43号","113.189060","23.330470","113.18366321352981","23.333022112843043","020-86607899;020-86608357","广东省","广州市","白云区"
"B0HU9H6ML9","梯面卫生院","医疗保健服务;综合医院;卫生院","090102","[]","梯面镇金梯大道26号","113.299840","23.551374","113.29443669500023","23.553920372558714","[]","广东省","广州市","花都区"
"B00140JK4Q","天贵社区卫生服务中心","医疗保健服务;综合医院;卫生院|医疗保健服务;诊所;诊所","090102|090300","[]","新华街新华路133号","113.222440","23.378634","113.21708716695066","23.381223870874596","[]","广东省","广州市","花都区"
"B00141IG66","赤坭镇卫生院","医疗保健服务;综合医院;卫生院","090102","[]","赤坭镇沿江路2号","113.075009","23.388819","113.06951273229723","23.39124871933954","020-86841326;020-86841331","广东省","广州市","花都区"
"B001408283","鳌头镇医院","医疗保健服务;综合医院;卫生院","090102","[]","鳌头镇","113.419405","23.619791","113.41385534653779","23.622206440250626","020-87876999","广东省","广州市","从化区"
"B00140W2WS","炭步镇中心卫生院","医疗保健服务;综合医院;卫生院","090102","[]","桥南路22号","113.103641","23.339186","113.09812892134168","23.341614436066294","020-86742120;020-86843263","广东省","广州市","花都区"
"B0FFGFPXZY","花都区合成社区卫生服务中心","医疗保健服务;综合医院;卫生院","090102","[]","合成社区卫生服务中心狮岭大道东28号","113.188350","23.439807","113.1829445085914","23.442338527686058","020-22973070","广东省","广州市","花都区"
"B00141JU78","狮岭镇卫生院","医疗保健服务;综合医院;卫生院","090102","[]","狮岭镇旗岭大街19号","113.223264","23.465793","113.21790601863228","23.468372150023455","020-28603433;020-86854835","广东省","广州市","花都区"
"B00140VB1I","芙蓉卫生站","医疗保健服务;综合医院;卫生院","090102","[]","芙蓉镇旗岭大街19号","113.223016","23.465694","113.2176577966664","23.468272918301956","[]","广东省","广州市","花都区"
"B00141J5WJ","人和镇卫生院","医疗保健服务;综合医院;卫生院","090102","[]","江人二路132号","113.258671","23.293407","113.25333354722436","23.29602910229268","020-86039209","广东省","广州市","白云区"
"B00141J7YA","嘉禾街望岗社区卫生服务站","医疗保健服务;综合医院;卫生院","090102","[]","鹤龙路223-228君天大厦1层","113.280333","23.234282","113.27498101986622","23.236906501534595","020-31237393","广东省","广州市","白云区"
"B00141ICIA","龙塘村卫生站","医疗保健服务;综合医院;卫生院","090102","[]","钟落潭镇龙塘村","113.331472","23.336158","113.32602078635225","23.33866926655368","13710678602","广东省","广州市","白云区"
"B0FFIQ84AA","花侨卫生院","医疗保健服务;综合医院;卫生院","090102","[]","花东镇花侨商业街116号","113.374788","23.419572","113.36925736699992","23.42199814001377","020-86771433;020-86771493","广东省","广州市","花都区"
"B00141J50J","白云区均禾街社区卫生服务中心","医疗保健服务;综合医院;卫生院","090102","[]","新石路清湖段618号","113.274153","23.256278","113.2688065494035","23.2589015285883","020-36785157","广东省","广州市","白云区"
"B00141JIFB","华洲街小洲社区卫生服务站","医疗保健服务;综合医院;卫生院","090102","[]","华洲街小洲村拱北大街23号","113.357976","23.061757","113.35249331858643","23.064317184511733","020-34080662","广东省","广州市","海珠区"
"B00140AMLO","华洲街社区卫生服务中心","医疗保健服务;综合医院;卫生院","090102","[]","海珠区华洲街土华新埗头东1号","113.354178","23.071891","113.34870103987429","23.074452969040614","020-89886139","广东省","广州市","海珠区"
"B00140KU7H","仑头社区卫生服务站","医疗保健服务;综合医院;卫生院","090102","[]","仑头村车站南路38号2层","113.378514","23.076207","113.37300317921438","23.078734753670098","[]","广东省","广州市","海珠区"
"B0H6XNSW7C","新基村刘志荣社区卫生服务站","医疗保健服务;综合医院;卫生院","090102","[]","新基大道东伟奥工业园","113.364914","23.027146","113.35942296823453","23.029710789356606","[]","广东省","广州市","番禺区"
"B0FFG9IXOC","华洲街小洲社区卫生服务站预防接种门诊","医疗保健服务;综合医院;卫生院","090102","[]","小洲拱北大街23号","113.358097","23.061719","113.35261412287142","23.06427901189328","020-34080662","广东省","广州市","海珠区"
"B00140AJDF","江海街社区卫生服务中心","医疗保健服务;综合医院;卫生院","090102","[]","江海街道墩和路217号","113.320932","23.086819","113.31551944604625","23.089435790268787","020-89225657","广东省","广州市","海珠区"
"B0H0LCGA7G","番禺区洛浦街社区卫生服务中心","医疗保健服务;综合医院;卫生院","090102","[]","洛浦街沙溪大道509号","113.350156","23.034113","113.3446887646574","23.03669788833045","[]","广东省","广州市","番禺区"
"B0FFFDC4VW","天河区黄村街社区卫生服务中心","医疗保健服务;综合医院;卫生院","090102","[]","东圃镇黄村大道西华里2号","113.411548","23.124542","113.40602659569203","23.127039936479175","020-82520933","广东省","广州市","天河区"
"B00140USA0","海珠区赤岗街社区卫生服务中心","医疗保健服务;综合医院;卫生院","090102","[]","赤岗北路18号","113.328237","23.098788","113.32280861964743","23.101385896131116","020-89663395;020-89663773","广东省","广州市","海珠区"
"B00141JMML","南村镇社区卫生服务中心","医疗保健服务;综合医院;卫生院","090102","[]","南村镇兴业路大坪岗诺德道3号西段","113.343933","22.988840","113.33848051872418","22.991455436432446","020-39217883","广东省","广州市","番禺区"
"B00140CIIZ","官洲街北山社区卫生服务站","医疗保健服务;综合医院;卫生院","090102","[]","官洲街北山村北山大街7号","113.370139","23.083017","113.36463706447219","23.08555108154775","020-34089892;020-84059212","广东省","广州市","海珠区"
"B0FFF4AJOV","海珠区官洲街南苑社区卫生服务站","医疗保健服务;综合医院;卫生院","090102","[]","仁义街2号(官洲街南苑社区卫生服务站对面)","113.379257","23.077838","113.37374536773166","23.080364364529615","[]","广东省","广州市","海珠区"
"B00140WA1Q","官洲街社区卫生服务中心","医疗保健服务;综合医院;卫生院","090102","[]","赤沙路自编126号","113.357466","23.086760","113.3519824531992","23.089310410725513","020-84091637;020-84091691;020-84094250","广东省","广州市","海珠区"
"B00140CBFY","天河区林和街社区卫生服务中心","医疗保健服务;综合医院;卫生院","090102","[]","天河北路382号","113.329591","23.141191","113.32415695542844","23.143769082771225","020-38810251;020-38813101","广东省","广州市","天河区"
"B0FFFHJERM","东山街社区卫生服务中心","医疗保健服务;综合医院;卫生院","090102","[]","五羊邨地铁站D口步行410米","113.311073","23.121387","113.30567791603058","23.12400774530701","020-87375862","广东省","广州市","越秀区"
"B0FFGCAYPO","龙潭社区卫生服务站","医疗保健服务;综合医院;卫生院","090102","[]","龙潭西约村头街6号","113.332821","23.082634","113.32738431194123","23.085229908238396","020-34040640","广东省","广州市","海珠区"
"B0FFH8AZBJ","南洲街社区卫生服务中心","医疗保健服务;综合医院;卫生院","090102","[]","南洲路88号","113.323204","23.059547","113.31778863366786","23.062171024527927","020-84143870;020-84158199","广东省","广州市","海珠区"
"B00140623B","广州市番禺区沙湾人民医院","医疗保健服务;综合医院;卫生院","090102","[]","大巷涌路97号","113.338889","22.900099","113.33345241273175","22.90276128769347","020-34877735;020-84731303;020-84731645","广东省","广州市","番禺区"
"B00140MGVH","三滘社区卫生服务站(后滘院区)","医疗保健服务;综合医院;卫生院","090102","[]","后滘大街2号","113.316883","23.066478","113.31148005552689","23.069110973583612","020-34272680;020-84165355","广东省","广州市","海珠区"
"B0G0VYIUDR","官堂村林子良社区卫生服务站","医疗保健服务;综合医院;卫生院","090102","[]","商业大街13号","113.350458","23.015716","113.3449914664084","23.0183083080168","[]","广东省","广州市","番禺区"
"B00140W2U8","新龙镇中心卫生院大坦村卫生站","医疗保健服务;综合医院;卫生院","090102","[]","新龙镇大坦村","113.586145","23.263402","113.58105271755028","23.266214022757175","[]","广东省","广州市","黄埔区"
"B0FFGH66NK","仙村医院","医疗保健服务;综合医院;卫生院","090102","[]","卫生路4号","113.717504","23.164038","113.71230295434374","23.166720744062776","020-82935240;020-82936433","广东省","广州市","增城区"
"B0FFG9ISR0","广东省预防接种门诊","医疗保健服务;综合医院;卫生院|医疗保健服务;诊所;诊所|医疗保健服务;疾病预防机构;疾病预防","090102|090300|090500","[]","小楼镇荷花路6号","113.832385","23.380622","113.8273289946222","23.38332324896171","020-82844380","广东省","广州市","增城区"
"B00140W4HP","赤草村卫生站","医疗保健服务;综合医院;卫生院","090102","[]","赤草凤凰新街与广从公路交叉口西200米","113.569078","23.509829","113.56394633573929","23.512583166734572","[]","广东省","广州市","从化区"
"B00140VAMZ","左村卫生站","医疗保健服务;综合医院;卫生院","090102","[]","左村村前二街与横江路交叉口东北60米","113.529894","23.632991","113.52465474129887","23.635672612588035","[]","广东省","广州市","从化区"
"B00140VAO1","小楼卫生院","医疗保健服务;综合医院;卫生院","090102","[]","小楼镇荷花路6号","113.833480","23.381187","113.82842692216728","23.383890209335302","020-82842832","广东省","广州市","增城区"
"B0JBP966M2","龙湖街龙祥社区卫生服务站","医疗保健服务;综合医院;卫生院","090102","[]","旺村东路与旺村业田路交叉口西380米","113.559181","23.312076","113.55404302779657","23.31484403044753","[]","广东省","广州市","黄埔区"
"B0FFK8940W","吕田镇卫生院","医疗保健服务;综合医院;卫生院","090102","[]","吕田镇广新路2号","113.949362","23.809312","113.94439496469714","23.812080225334622","020-87856092","广东省","广州市","从化区"
"B00141PSEB","中新广州知识城医院黄埔区新龙镇中心卫生院","医疗保健服务;综合医院;卫生院","090102","[]","新龙镇镇龙村镇龙大道429号","113.570397","23.277054","113.56528305836737","23.279848146194762","020-82877726;020-82878182","广东省","广州市","黄埔区"
"B0FFH9A7ZD","从化区城郊街社区卫生服务中心","医疗保健服务;综合医院;卫生院","090102","[]","城新路","113.579512","23.568684","113.57439213627245","23.571450095678067","020-87910693;020-87914348","广东省","广州市","从化区"
"B0G3SUVUQE","荔城街社区服务中心金竹社区卫生服务站","医疗保健服务;综合医院;卫生院","090102","[]","金竹三路36号","113.806895","23.293104","113.8017771622554","23.295778573760234","[]","广东省","广州市","增城区"
"B0FFLJT8F5","黄埔区新龙镇镇龙社区卫生服务站","医疗保健服务;综合医院;卫生院","090102","[]","镇龙银龙路与高车路交叉口东南20米","113.574169","23.277558","113.56906105485311","23.280356302199927","[]","广东省","广州市","黄埔区"
"B0FFF47YPZ","从化区街口街中田社区卫生服务站(暂停营业)","医疗保健服务;综合医院;卫生院","090102","[]","建云东路41号","113.588460","23.543142","113.5833512423203","23.545912658327882","[]","广东省","广州市","从化区"
"B0FFHWHWK8","广州市黄埔区九龙镇中心卫生院","医疗保健服务;综合医院;卫生院","090102","[]","九佛中路1306号(知识城地铁站A口步行160米)","113.524155","23.349068","113.51891627266083","23.351746707989204","020-87488066","广东省","广州市","黄埔区"
"B0FFHDY6SM","广州市增城区中新镇中心卫生院","医疗保健服务;综合医院;卫生院","090102","[]","新墩路12号","113.621316","23.284604","113.61622740748119","23.28740115874041","020-82866770","广东省","广州市","增城区"
"B0FFJAMLCS","荔城街社区卫生服务中心锦绣社区卫生服务站","医疗保健服务;综合医院;卫生院","090102","[]","荔景大道北457号","113.827063","23.309473","113.82199726241595","23.312180102148236","020-82611139","广东省","广州市","增城区"
"B0FFIR971K","增江街社区卫生服务中心(医院)","医疗保健服务;综合医院;卫生院","090102","[]","东桥东路与经三路交叉口西南200米","113.855208","23.277087","113.8502181792633","23.279853836530627","020-22613399","广东省","广州市","增城区"
"B00141TWM4","城郊街新星村卫生站","医疗保健服务;综合医院;卫生院","090102","[]","城郊街横江大道","113.574150","23.584338","113.5690216389607","23.587100061664266","[]","广东省","广州市","从化区"
"B00140UEE0","南沙区南沙街社区卫生服务中心","医疗保健服务;综合医院;卫生院","090102","[]","进港大道54号","113.548881","22.799933","113.54375216749172","22.8028790863622","[]","广东省","广州市","南沙区"
"B00141IH0M","广州市黄埔区南岗街社区卫生服务中心","医疗保健服务;综合医院;卫生院","090102","[]","兆昌路58号","113.553438","23.102015","113.54830073235048","23.10484587879347","[]","广东省","广州市","黄埔区"
"B00140MBOE","清布社区卫生服务中心","医疗保健服务;综合医院;卫生院","090102","[]","新华街清㘵村19队坑仔边","113.263317","23.382108","113.25797104968272","23.384707643048806","020-86822533","广东省","广州市","花都区"
"B0FFLJV2AG","花都区狮岭镇社区卫生服务中心","医疗保健服务;综合医院;卫生院","090102","[]","振兴路与西瓜岭十一巷交叉口东北20米","113.159713","23.463363","113.1542530130653","23.465838855526364","[]","广东省","广州市","花都区"
"B0HGY7XX4G","花都区花城街罗仙村卫生站","医疗保健服务;综合医院;卫生院|医疗保健服务;诊所;诊所","090102|090300","[]","罗仙路罗仙新村","113.243298","23.434623","113.23795316199084","23.437217452106566","[]","广东省","广州市","花都区"
"B0FFLJUIP5","鳌头镇中心卫生院","医疗保健服务;综合医院;卫生院|医疗保健服务;诊所;诊所","090102|090300","[]","康卫路25号","113.419590","23.620438","113.41404048209404","23.62285366042545","020-87876999","广东省","广州市","从化区"
"B0FFK5P4GT","花都区第二人民医院预防接种门诊杨屋接种点","医疗保健服务;综合医院;卫生院|医疗保健服务;疾病预防机构;疾病预防","090102|090500","[]","狮岭镇717乡道","113.206199","23.416923","113.20082406074062","23.41948664369343","[]","广东省","广州市","花都区"
"B0FFGYV73Q","北兴医院","医疗保健服务;综合医院;卫生院","090102","[]","花都大道东16号","113.418878","23.426039","113.41334134631823","23.428454941081096","020-86798673","广东省","广州市","花都区"
"B00141IGO2","广州市花都区新华街田美村卫生站","医疗保健服务;综合医院;卫生院|医疗保健服务;诊所;诊所","090102|090300","[]","新华镇田美村","113.227784","23.390239","113.2224349374172","23.39283161022565","[]","广东省","广州市","花都区"
"B0HDK5CYHZ","广州市花都区雅宝卫生服务站","医疗保健服务;综合医院;卫生院","090102","[]","平步大道中131-12","113.190011","23.424855","113.1846094628138","23.427391274710885","[]","广东省","广州市","花都区"
"B00141ICFJ","九潭村卫生服务站","医疗保健服务;综合医院;卫生院","090102","[]","毕村中路与九潭村路交叉口西北40米","113.179696","23.386763","113.17427836216098","23.389286261420587","[]","广东省","广州市","花都区"
"B0FFF9PI7X","秀全社区卫生服务中心","医疗保健服务;综合医院;卫生院","090102","[]","保利城北街与花港大道交叉口东南40米","113.162476","23.376157","113.15702700622364","23.37864974828379","[]","广东省","广州市","花都区"
"B0FFHOI19M","雅瑶社区卫生服务中心","医疗保健服务;综合医院;卫生院","090102","[]","雅源中路82号","113.217379","23.361881","113.21202209034358","23.364468727787415","020-22963220","广东省","广州市","花都区"
"B00141JTRS","花都新街社区卫生服务中心","医疗保健服务;综合医院;卫生院","090102","[]","新华街道新街西路2号","113.199238","23.363309","113.19385615006591","23.365871149587015","020-86865926","广东省","广州市","花都区"
"B00141JA4T","东平社区卫生服务站","医疗保健服务;综合医院;卫生院","090102","[]","东平北路128号","113.317862","23.255618","113.31244424583485","23.25817727711467","020-36012056","广东省","广州市","白云区"
"B0FFK8EHTI","广州市从化区鳌头镇龙潭卫生院","医疗保健服务;综合医院;卫生院","090102","[]","鳌头镇龙潭琶江路46号","113.413058","23.666330","113.40749992762849","23.66874828078757","020-87884854","广东省","广州市","从化区"
"B00141HY87","广州市白云区石门街社区卫生服务中心","医疗保健服务;综合医院;卫生院","090102","[]","石门街石沙公路800号","113.217676","23.227152","113.21232852341313","23.229777158569846","020-26277237","广东省","广州市","白云区"
"B0FFGDTLMA","狮岭宝峰社区卫生服务中心","医疗保健服务;综合医院;卫生院","090102","[]","金狮大道东1-2号附近","113.166936","23.466996","113.1614890137625","23.46948502814156","020-62903119","广东省","广州市","花都区"
"B0FFLKQEDA","花都区秀全街九潭社区卫生服务站","医疗保健服务;综合医院;卫生院","090102","[]","新民巷","113.179661","23.386665","113.17424330387867","23.389188213176233","[]","广东省","广州市","花都区"
"B0HRY5H7W4","小康云医互联网医院","医疗保健服务;综合医院;卫生院","090102","[]","太和镇大来南路26号","113.357126","23.293911","113.35162882410226","23.296387284988164","020-86211230;18011856153","广东省","广州市","白云区"
"B0H04A8A3L","江高镇卫生院水沥门诊部","医疗保健服务;综合医院;卫生院","090102","[]","夏花四路与茅山新南街交叉口东北40米","113.233648","23.309562","113.22830820704561","23.31217632042345","[]","广东省","广州市","白云区"
"B0FFG8DH0V","花都区人民医院医疗集团花东镇中心卫生院","医疗保健服务;综合医院;卫生院","090102","[]","花都大道东南7号","113.330736","23.434956","113.32527951688357","23.437451235817335","020-86849472","广东省","广州市","花都区"
"B0FFK4GCI4","合成社区卫生服务中心预防接种门诊","医疗保健服务;综合医院;卫生院","090102","[]","狮岭大道东西50米","113.188314","23.439777","113.18290844664399","23.442308466605116","[]","广东省","广州市","花都区"
"B0FFF9LOPR","锦东社区卫生服务站","医疗保健服务;综合医院;卫生院","090102","[]","桂花路61号","113.231049","23.407092","113.22570107558666","23.40968434993662","020-36968100","广东省","广州市","花都区"
"B00141ICI9","大罗村卫生站","医疗保健服务;综合医院;卫生院|医疗保健服务;诊所;诊所","090102|090300","[]","钟落潭镇大罗村大罗路228号","113.355592","23.334223","113.35009463395255","23.336691371676253","[]","广东省","广州市","白云区"
"B0FFH117SM","汉塘卫生站","医疗保健服务;综合医院;卫生院","090102","[]","汉塘西路南十四巷与267省道交叉口西南20米","113.325571","23.377290","113.32012912618784","23.379803871661892","[]","广东省","广州市","白云区"
"B0FFJUZ6H9","永泰新村社区卫生服务","医疗保健服务;综合医院;卫生院","090102","[]","街白云堡大道北20号一楼永平白云堡大道北20号一楼永平街","113.303156","23.225937","113.29776889503408","23.228532207609504","[]","广东省","广州市","白云区"
"B0FFFAII4Q","沙田卫生站(良沙路)","医疗保健服务;综合医院;卫生院|医疗保健服务;诊所;诊所","090102|090300","[]","良沙路5052号","113.485871","23.311366","113.48050211956094","23.313940557796393","[]","广东省","广州市","白云区"
"B0FFLHVAB8","太和镇卫生院北村服务工作室","医疗保健服务;综合医院;卫生院","090102","[]","北村村前大街与北村北苑后津交叉口西北20米","113.301353","23.296345","113.29596439777212","23.298921460628407","[]","广东省","广州市","白云区"
"B00140W4RP","胡忠医院建设北路社区卫生服务站","医疗保健服务;综合医院;卫生院","090102","[]","松园大道7号","113.201473","23.394714","113.19609252512467","23.397273897409608","[]","广东省","广州市","花都区"
"B0I1KCX6JI","太和镇卫生院(宏发街院区)","医疗保健服务;综合医院;卫生院","090102","[]","鸿发街2-20号","113.354693","23.293769","113.34919995965477","23.296249235536603","[]","广东省","广州市","白云区"
"B0FFIPCQRU","花都区新雅街团结村卫生分站","医疗保健服务;综合医院;卫生院","090102","[]","商业街南侧","113.233942","23.421707","113.2285947746406","23.424299135472307","[]","广东省","广州市","花都区"
"B0FFH11CCV","广州市白云区钟落潭镇卫生院","医疗保健服务;综合医院;卫生院","090102","[]","钟落潭镇蟠龙路2号","113.409034","23.385066","113.40349332902271","23.38748304576701","020-62835850","广东省","广州市","白云区"
"B0FFFAEFD8","均禾街清湖社区卫生服务站","医疗保健服务;综合医院;卫生院","090102","[]","清湖南路53号","113.270996","23.258726","113.26565245438138","23.261351407485343","020-86076813","广东省","广州市","白云区"
"B00140LS59","雅瑶镇卫生院","医疗保健服务;综合医院;卫生院","090102","[]","新雅街道雅源中路82号","113.218017","23.362011","113.21266078453235","23.36459942696994","[]","广东省","广州市","花都区"
"B0FFLMDHTN","太和镇卫生院园夏村服务工作室","医疗保健服务;综合医院;卫生院","090102","[]","夏村卫生站西南门旁","113.291156","23.282511","113.28578554627818","23.28510692296609","[]","广东省","广州市","白云区"
"B0FFLKMDS5","太和镇卫生院南村村服务工作室","医疗保健服务;综合医院;卫生院","090102","[]","南村西华大街与南村西华西巷交叉口东北20米","113.295815","23.279934","113.29043716329474","23.28252386033564","[]","广东省","广州市","白云区"
"B0FFLM7RK0","白云区龙归街社区卫生服务中心","医疗保健服务;综合医院;卫生院","090102","[]","龙归城龙悦中路龙瑞街9号1-2层","113.319082","23.277619","113.31366026533638","23.28016930079511","020-36366431","广东省","广州市","白云区"
"B0FFLLDMG5","太和镇卫生院永兴村服务工作室","医疗保健服务;综合医院;卫生院","090102","[]","陈太路与龙兴东路交叉口东北40米","113.330865","23.264686","113.32541992247907","23.26721777848595","[]","广东省","广州市","白云区"
"B00141RDR4","花都建设北社区卫生服务中心","医疗保健服务;综合医院;卫生院","090102","[]","建设北路194号","113.209631","23.410388","113.20426126995852","23.4129574225101","020-66356960;020-86888609","广东省","广州市","花都区"
"B00141J9EY","白云湖街唐阁社区卫生服务站","医疗保健服务;综合医院;卫生院","090102","[]","唐阁上村一巷5号","113.242443","23.265776","113.23710942387216","23.26840663326036","020-36387405","广东省","广州市","白云区"
"B0FFM4KA8F","长江社区卫生服务站","医疗保健服务;综合医院;卫生院","090102","[]","长红双和三街南侧","113.308338","23.264059","113.30293855721511","23.26663298264921","[]","广东省","广州市","白云区"
"B0G3KZOB1N","白云区钟落潭镇卫生院白沙村中心卫生站","医疗保健服务;综合医院;卫生院","090102","[]","钟落潭镇白沙村白云白沙路157号","113.372331","23.343941","113.36680842672267","23.346383611833627","[]","广东省","广州市","白云区"
"B0FFFYFQP3","白云湖街大朗社区卫生服务站","医疗保健服务;综合医院;卫生院","090102","[]","新力工业区CTW西北门旁","113.245920","23.238070","113.24058874284054","23.24071016655176","[]","广东省","广州市","白云区"
"B0FFLLIC11","罗岗卫生服务站","医疗保健服务;综合医院;卫生院","090102","[]","罗岗村委正对面","113.271516","23.246565","113.26617279388695","23.249193848436626","13352888968","广东省","广州市","白云区"
"B00141SVUT","赤坭医院白坭社区卫生服务站","医疗保健服务;综合医院;卫生院","090102","[]","赤坭镇","113.023961","23.421896","113.01858810956979","23.42442403352791","[]","广东省","广州市","花都区"
"B0GK6LTTPA","均禾街社区卫生服务中心(石马院区)","医疗保健服务;综合医院;卫生院","090102","[]","桃源南街","113.258277","23.259502","113.25294200730305","23.262134225423704","[]","广东省","广州市","白云区"
"B0FFFADZK0","花桥卫生院人民调解委员会","医疗保健服务;综合医院;卫生院","090102","[]","花都大道广州市花都区花东镇花侨卫生院","113.374759","23.419785","113.36922838426699","23.422211142555874","[]","广东省","广州市","花都区"
"B0FFGEFYCB","白云区嘉禾街社区卫生服务中心","医疗保健服务;综合医院;卫生院","090102","[]","嘉禾北街3号","113.275153","23.233377","113.26980704855416","23.236007032105192","020-86093230;020-86241620","广东省","广州市","白云区"
"B0FFLI70TO","太和镇卫生院永兴庄疫苗接种点(暂停营业)","医疗保健服务;综合医院;卫生院","090102","[]","永兴东路与永兴东路二横街交叉口东60米","113.322770","23.265103","113.31734156521635","23.26765008628267","[]","广东省","广州市","白云区"
"B00141JTEI","花都区新雅街石塘村卫生站","医疗保健服务;综合医院;卫生院","090102","[]","新雅街石塘村5队","113.247203","23.351702","113.24186412084228","23.354311017816915","13710311527","广东省","广州市","花都区"
"B00140H932","旗杆镇大凼村卫生站","医疗保健服务;综合医院;卫生院","090102","[]","大氹南闸街与大氹罗龙街交叉口北200米","113.485366","23.577411","113.47997720967722","23.57995678418206","[]","广东省","广州市","从化区"
"B0GKPCY2AF","鹤龙街社区卫生服务中心","医疗保健服务;综合医院;卫生院","090102","[]","鹤龙一路1066号","113.273723","23.228284","113.26837887714153","23.230917029063963","[]","广东省","广州市","白云区"
"B00141SWMV","均禾街平沙社区卫生服务站","医疗保健服务;综合医院;卫生院","090102","[]","平沙松园中西街20号","113.257931","23.246206","113.25259705015944","23.248842544071554","[]","广东省","广州市","白云区"
"B0FFJRWSWK","广州市从化区鳌头镇中心卫生院民乐门诊部","医疗保健服务;综合医院;卫生院","090102","[]","鳌头镇民乐新车东路65号","113.474200","23.657365","113.46876869042639","23.65988822193792","[]","广东省","广州市","从化区"
"B0GK0ZA7RP","白云湖街社区卫生服务中心","医疗保健服务;综合医院;卫生院","090102","[]","夏花一路177号","113.253226","23.236508","113.24789422866733","23.239148744075283","[]","广东省","广州市","白云区"
"B00141KEP2","长红社区卫生服务站","医疗保健服务;综合医院;卫生院","090102","[]","长湴街231号","113.300136","23.259259","113.29475209270824","23.261848322229298","13928915751","广东省","广州市","白云区"
"B00140W44S","花都区赤坭镇国泰村卫生站","医疗保健服务;综合医院;卫生院","090102","[]","国泰村一社二街与国泰大路交叉口东80米","113.008689","23.460160","113.00336608515958","23.462728389246358","[]","广东省","广州市","花都区"
"B0FFK27VCX","花山镇卫生院急诊","医疗保健服务;综合医院;卫生院","090102","[]","菊花石大道与育才路交叉口西南40米","113.280042","23.457311","113.27467525795264","23.45988702312026","[]","广东省","广州市","花都区"
"B00141TWW8","花都区新华医院门诊部","医疗保健服务;综合医院;卫生院","090102","[]","农新路8号新华医院内","113.198478","23.379778","113.19309381370374","23.382335734973996","020-86863248","广东省","广州市","花都区"
"B0FFK96OZ9","花东镇北兴卫生院预防保健部","医疗保健服务;综合医院;卫生院","090102","[]","花东镇北兴街14号","113.420821","23.426431","113.41528625018451","23.4288484272326","[]","广东省","广州市","花都区"
"B0FFF5LJFW","大岗镇社区卫生服务中心","医疗保健服务;综合医院;卫生院","090102","[]","潭洲镇博爱路49号","113.390634","22.782354","113.38513467447895","22.78499242440935","020-84936433","广东省","广州市","南沙区"
"B00140W3IL","大岗镇庙贝村卫生站","医疗保健服务;综合医院;卫生院|医疗保健服务;诊所;诊所","090102|090300","[]","大岗镇灵山庙贝大道16号","113.446531","22.789864","113.44108252597887","22.79254052191569","[]","广东省","广州市","南沙区"
"B00141SVR9","横沥镇社区卫生服务中心","医疗保健服务;综合医院;卫生院","090102","[]","横沥镇万环西路北冯马三村村委会","113.499852","22.710862","113.49457197235897","22.713703461525494","[]","广东省","广州市","南沙区"
"B0FFFSCQOL","大岗镇庙青社区卫生服务站","医疗保健服务;综合医院;卫生院","090102","[]","111省道北100米","113.469174","22.781431","113.46378662966305","22.784162463013207","[]","广东省","广州市","南沙区"
"B0FFGLRZE2","留东村卫生站","医疗保健服务;综合医院;卫生院","090102","[]","祈福上街9号","113.504469","22.852455","113.4991958091384","22.855263256880253","[]","广东省","广州市","南沙区"
"B00141TXDE","黄阁镇社区卫生服务中心","医疗保健服务;综合医院;卫生院","090102","[]","黄阁镇麒麟新城新阁街4号和6号102号的首层商铺","113.496879","22.809512","113.49158201149542","22.81231335033786","[]","广东省","广州市","南沙区"
"B0HGSX5BOK","平稳社区卫生服务站","医疗保健服务;综合医院;卫生院","090102","[]","平稳路3号附近","113.402301","22.819566","113.39679723431469","22.822188492976572","[]","广东省","广州市","南沙区"
"B00140W2SB","新兴村卫生站","医疗保健服务;综合医院;卫生院","090102","[]","横沥镇新兴村顷街146号","113.472974","22.742377","113.46760101722779","22.745131060982363","020-84963839","广东省","广州市","南沙区"
"B0FFLKLUP6","鱼窝头医院长莫村卫生所","医疗保健服务;综合医院;卫生院","090102","[]","N19乡道与敏学路交叉口东北60米","113.475934","22.836240","113.47056416306285","22.838970238836705","[]","广东省","广州市","南沙区"
"B00141KB0M","榄核镇社区卫生服务中心","医疗保健服务;综合医院;卫生院","090102","[]","广珠路246号","113.389883","22.837980","113.38438024383831","22.84059892791102","020-34994120;020-84926268","广东省","广州市","南沙区"
"B00140MYO4","荔湾区东漖街社区卫生服务中心","医疗保健服务;综合医院;卫生院","090102","[]","芳村花园中环街8-9号1-2层","113.223065","23.078131","113.21773299465012","23.080819468637547","020-81681681","广东省","广州市","荔湾区"
"B00140V40D","花地街社区卫生服务中心","医疗保健服务;综合医院;卫生院","090102","[]","芳村大道中302号","113.231740","23.101001","113.22641313561095","23.103687035039464","020-81891141","广东省","广州市","荔湾区"
"B00140HTTS","南源街社区卫生服务中心","医疗保健服务;综合医院;卫生院","090102","[]","南岸路荔港南湾荟文一街23号2楼","113.228831","23.134352","113.22349996415696","23.137022346892493","020-81959299","广东省","广州市","荔湾区"
"B0FFF4DAWM","朝阳卫生所(亭石北路)","医疗保健服务;综合医院;卫生院","090102","[]","亭石北路266号","113.208276","23.219787","113.20291733104509","23.22240269518892","020-36717283","广东省","广州市","白云区"
"B0FFI11Y7C","官堂村林家聪社区卫生服务站","医疗保健服务;综合医院;卫生院","090102","[]","西河正道西河正道9-2号附近","113.354575","23.014344","113.3491012713622","23.016930003154638","[]","广东省","广州市","番禺区"
"B00140CA3R","大东街社区卫生服务中心","医疗保健服务;综合医院;卫生院","090102","[]","龟岗二马路9号巷子里面","113.293639","23.120135","113.28827555947247","23.122784989401847","020-83213069;020-87778763","广东省","广州市","越秀区"
"B0FFG4F8DL","江海街聚德社区卫生服务站","医疗保健服务;综合医院;卫生院","090102","[]","聚德路58号","113.328158","23.084254","113.32273076777804","23.086858117580167","[]","广东省","广州市","海珠区"
"B00140U0UG","建设街社区卫生服务中心","医疗保健服务;综合医院;卫生院","090102","[]","建设二马路14号(近建设新村市场)","113.282424","23.136380","113.2770759580473","23.13903821671402","020-83830607;020-83874886","广东省","广州市","越秀区"
"B0FFGX1BLH","南洲街社区卫生服务中心-预防接种门诊","医疗保健服务;综合医院;卫生院","090102","[]","南洲路88号(珠江罗马家园)","113.323381","23.059381","113.31796528134008","23.06200475898318","020-34272337","广东省","广州市","海珠区"
"B00140BQIH","凤阳街泰沙社区卫生服务站","医疗保健服务;综合医院;卫生院","090102","[]","泰沙路金子里直街5巷1号","113.286286","23.080194","113.28093646671351","23.08287061949049","020-84071389;020-84077989","广东省","广州市","海珠区"
"B00140BBNX","天河区员村街社区卫生服务中心","医疗保健服务;综合医院;卫生院","090102","[]","白水塘40","113.365817","23.120727","113.36031828721768","23.123251089625988","020-85657508","广东省","广州市","天河区"
"B0FFKG0Y39","北山社区卫生服务站视光管理中心","医疗保健服务;综合医院;卫生院","090102","[]","北山大街与北山北街交叉口东北40米","113.370268","23.083057","113.36476589828166","23.08559090578826","[]","广东省","广州市","海珠区"
"B00140C9LO","越秀区黄花岗街社区卫生服务中心","医疗保健服务;综合医院;卫生院","090102","[]","先烈中路永泰西约6-3号(区庄地铁站E口步行480米)","113.293700","23.136619","113.28833534956755","23.139262262630474","020-37589552;020-87327177","广东省","广州市","越秀区"
"B00140PCRA","海珠区新港街社区卫生服务中心","医疗保健服务;综合医院;卫生院","090102","[]","德华街5号(中大地铁站D口步行300米)","113.292842","23.090322","113.28748185292825","23.092985450014275","020-34133221;020-34133276","广东省","广州市","海珠区"
"B0FFHJTS78","琶湖社区卫生服务站","医疗保健服务;综合医院;卫生院","090102","[]","宸悦路与琶洲新马路交叉口东120米","113.380631","23.100954","113.37511654884163","23.103469450279064","[]","广东省","广州市","海珠区"
"B00140MX6B","海珠区瑞宝街社区卫生服务中心","医疗保健服务;综合医院;卫生院","090102","[]","东内街八巷4号","113.279579","23.070368","113.27423897319612","23.073056628384926","020-84331569","广东省","广州市","海珠区"
"B00140R1FA","天河区棠下街社区卫生服务中心","医疗保健服务;综合医院;卫生院","090102","[]","棠下新桥路3号","113.378203","23.127724","113.37268894937466","23.13023074517146","[]","广东省","广州市","天河区"
"B00141JTKY","南村镇员岗社区卫生服务站","医疗保健服务;综合医院;卫生院","090102","[]","员岗中路7号(员岗地铁站G口步行300米)","113.363140","23.017373","113.35765223899435","23.019944511168575","[]","广东省","广州市","番禺区"
"B0FFH116YR","官洲街社区卫生服务中心-预防接种门诊","医疗保健服务;综合医院;卫生院","090102","[]","赤沙路广州市海珠区赤沙小学西南侧约40米","113.357533","23.086714","113.35204934557657","23.089264324647996","[]","广东省","广州市","海珠区"
"B0FFGJK1IQ","琶洲社区卫生服务站","医疗保健服务;综合医院;卫生院","090102","[]","新港东路(万胜围地铁站出入口步行300米)","113.381866","23.098284","113.37635068686176","23.100799499508714","020-34205977","广东省","广州市","海珠区"
"B0FFG8TZB5","长洲社区卫生服务中心","医疗保健服务;综合医院;卫生院","090102","[]","长洲街黄船四街1号","113.418549","23.075583","113.4130362078113","23.07810524568305","020-82502033","广东省","广州市","黄埔区"
"B0FFHCW5FC","番禺区南村镇市头社区卫生服务站","医疗保健服务;综合医院;卫生院","090102","[]","南村镇市新公路1401号","113.402658","23.018330","113.39714073873473","23.020870821203506","[]","广东省","广州市","番禺区"
"B00140LD0C","海珠区琶洲街石基社区卫生服务站","医疗保健服务;综合医院;卫生院","090102","[]","新港东石基环路黄埔古港古村历史文化景区","113.391892","23.087456","113.38637137066834","23.089969591803047","[]","广东省","广州市","海珠区"
"B00140HY7M","市桥街北片社区卫生服务站","医疗保健服务;综合医院;卫生院","090102","[]","市桥光明北路47号","113.361202","22.941767","113.35572233332618","22.944373845175008","020-84826644","广东省","广州市","番禺区"
"B00141I5IV","新港街怡凤社区卫生服务站","医疗保健服务;综合医院;卫生院","090102","[]","怡乐路怡正街15号2楼","113.292701","23.098669","113.28734051720524","23.101329175818705","[]","广东省","广州市","海珠区"
"B0IDMZXWHW","新造镇社区卫生服务中心","医疗保健服务;综合医院;卫生院","090102","[]","新造镇谷围新村穗石路2号小谷围街社区卫生服务中心2层","113.434737","23.034948","113.42924846814066","23.037505286275806","020-34723533;020-84728062","广东省","广州市","番禺区"
"B0FFHMWSFI","裕惠苑社区卫生服务站","医疗保健服务;综合医院;卫生院","090102","[]","裕惠苑125号(南洲地铁站D口步行160米)","113.298989","23.065042","113.29362023487076","23.067706775785762","020-31957757","广东省","广州市","海珠区"
"B00141SWQ2","长洲街深井社区卫生服务站","医疗保健服务;综合医院;卫生院","090102","[]","长洲街深井安新前街2号","113.413279","23.073026","113.40776219876373","23.075546094166945","[]","广东省","广州市","黄埔区"
"B00141KFQN","番禺区大石街社区卫生服务站","医疗保健服务;综合医院;卫生院","090102","[]","大石街岗东路86号","113.307295","23.021710","113.30191394210097","23.024379503839032","020-39932079","广东省","广州市","番禺区"
"B00141I7J7","天河区新塘街社区卫生服务中心","医疗保健服务;综合医院;卫生院","090102","[]","东圃镇西约大街3-7号","113.411854","23.156808","113.40633055723563","23.159293272797147","020-82340286;020-82340881","广东省","广州市","天河区"
"B0FFLF4WQA","番禺区大石街社区卫生服务中心","医疗保健服务;综合医院;卫生院","090102","[]","大石街朝阳东路72号丽水蓝天商业街","113.314481","23.025099","113.30908567253697","23.02775415727789","[]","广东省","广州市","番禺区"
"B0FFHKF0AF","大山村梁有根社区卫生服务站","医疗保健服务;综合医院;卫生院","090102","[]","大涌路166号","113.320461","23.022829","113.31505373398912","23.025473990444613","[]","广东省","广州市","番禺区"
"B00140W8O5","白云区同和街社区卫生服务中心","医疗保健服务;综合医院;卫生院","090102","[]","同泰路1668号(同和地铁站D口步行350米)","113.325201","23.200108","113.31977198878089","23.202672140691405","020-37351045;020-37351055","广东省","广州市","白云区"
"B0FFK583RD","黄埔社区卫生服务站急诊","医疗保健服务;综合医院;卫生院","090102","[]","玉虚宫西北门东70米","113.397127","23.092908","113.39160464254397","23.09541757644416","[]","广东省","广州市","海珠区"
"B00140UGC0","景泰医院","医疗保健服务;综合医院;卫生院","090102","[]","平安路55号","113.269714","23.167112","113.26437776905368","23.169770325906818","020-86590501","广东省","广州市","白云区"
"B00140BGJN","沙园社区卫生服务中心","医疗保健服务;综合医院;卫生院","090102","[]","工业大道水榕三街16号","113.262193","23.085041","113.25686774279558","23.087736917051558","020-84128667","广东省","广州市","海珠区"
"B00141J5WX","天河区石牌街社区卫生服务中心","医疗保健服务;综合医院;卫生院","090102","[]","天河北路571号1层","113.337077","23.141697","113.33162766421881","23.14426068172828","020-38129619;020-87563542","广东省","广州市","天河区"
"B00141IEWK","南村镇坑头社区卫生服务站","医疗保健服务;综合医院;卫生院","090102","[]","坑头村西和路19号","113.396897","22.983821","113.39138214015185","22.9863773424534","020-84768997","广东省","广州市","番禺区"
"B0FFG9J5Y4","华洲街龙潭社区卫生服务站预防接种门诊","医疗保健服务;综合医院;卫生院","090102","[]","龙潭村口大街6号","113.332770","23.082625","113.32733341669936","23.085221008967398","020-34042780","广东省","广州市","海珠区"
"B00140TYKK","华农社区卫生服务中心","医疗保健服务;综合医院;卫生院","090102","[]","岳洲路华南农业大学内","113.355727","23.156128","113.35024162916817","23.158653072323716","020-85280347;020-85282686","广东省","广州市","天河区"
"B00140Q75U","金花街社区卫生服务中心","医疗保健服务;综合医院;卫生院","090102","[]","西华路298号","113.249087","23.130878","113.24376293834197","23.133557962353947","020-81062155","广东省","广州市","荔湾区"
"B0FFK60K99","朱灿康冯桂珍社区卫生服务站","医疗保健服务;综合医院;卫生院","090102","[]","为民中路与隔田坊大街交叉口东南60米","113.383532","22.983625","113.37802321856407","22.986188197055373","020-84765483","广东省","广州市","番禺区"
"B00141J86D","棠下街道第二社区卫生服务中心","医疗保健服务;综合医院;卫生院","090102","[]","中山大道西天乐径2-1号","113.366451","23.134429","113.36095045932201","23.136946708897234","020-38471779;020-38471786","广东省","广州市","天河区"
"B0FFHLK5QX","礼村高伟祺社区卫生服务站","医疗保健服务;综合医院;卫生院","090102","[]","大石镇礼村洪昌工业路14号","113.317683","23.013021","113.31228204615071","23.015675441426094","[]","广东省","广州市","番禺区"
"B0FFHN7MSL","植村村马建英社区卫生服务站","医疗保健服务;综合医院;卫生院","090102","[]","南大公路247-3号101","113.327276","23.010715","113.32185556021935","23.013352269515643","020-34789163;18620055735","广东省","广州市","番禺区"
"B00141KHWD","白云区黄石街社区卫生服务中心","医疗保健服务;综合医院;卫生院","090102","[]","黄石街道黄石路黄园一街8号","113.265385","23.203331","113.26004974240496","23.205978801437936","020-86298853","广东省","广州市","白云区"
"B0HBMZKUSW","黄村医院","医疗保健服务;综合医院;卫生院","090102","[]","黄村大道西华里2号","113.411596","23.124674","113.40607461427142","23.127171903115226","[]","广东省","广州市","天河区"
"B0FFLG19LV","洛浦街洛城社区卫生服务站","医疗保健服务;综合医院;卫生院","090102","[]","洛浦街洛溪村康宁西路1号水产街四街首层401号","113.295344","23.048453","113.28998257701694","23.051130503993686","020-34549450","广东省","广州市","番禺区"
"B0FFG9IP6V","广东省预防接种门诊","医疗保健服务;综合医院;卫生院","090102","[]","叠景中路186号","113.306649","23.084943","113.30126490903302","23.087586619817323","020-62381323","广东省","广州市","海珠区"
"B0FFGX73K9","广州方圆医疗","医疗保健服务;综合医院;卫生院","090102","[]","员村三横路6号","113.367550","23.120658","113.36204889046259","23.123179800858335","020-85533495","广东省","广州市","天河区"
"B0FFFCONOD","广州市天河区前进街社区卫生服务中心","医疗保健服务;综合医院;卫生院","090102","[]","桃园中路278号(广州市第十八中学旁)","113.414382","23.107618","113.40886358752257","23.1101242078568","020-32051519","广东省","广州市","天河区"
"B00141S1HG","车陂街社区卫生服务中心","医疗保健服务;综合医院;卫生院","090102","[]","中山大道旭景家园","113.401271","23.127596","113.39574611383921","23.130090788720892","020-82322346","广东省","广州市","天河区"
"B00140BWTN","越秀区北京街社区卫生服务中心","医疗保健服务;综合医院;卫生院","090102","[]","惠福东路457号","113.267108","23.121263","113.2617769845899","23.123941211198094","020-83330394","广东省","广州市","越秀区"
"B00140W508","石岗社区卫生服务站","医疗保健服务;综合医院;卫生院","090102","[]","石溪西大街29之3-5","113.277896","23.068192","113.27255811221836","23.070883304780917","020-34491802","广东省","广州市","海珠区"
"B0FFK8UD7I","金山村曾顺威社区卫生服务站","医疗保健服务;综合医院;卫生院","090102","[]","大社街高炳添纪念医院","113.418402","22.990826","113.41289486787703","22.9933845532789","[]","广东省","广州市","番禺区"
"B00140NDDH","荔湾区华林街社区卫生服务中心","医疗保健服务;综合医院;卫生院","090102","[]","十八甫路23-29号(文化公园地铁站D口步行380米)","113.249564","23.111932","113.24424117256677","23.114619659793217","020-81882363","广东省","广州市","荔湾区"
"B00141J79V","凤阳街社区卫生服务中心(预防保健部)","医疗保健服务;综合医院;卫生院","090102","[]","叠景中路184、186号101房","113.307286","23.084839","113.30190070569498","23.087481556744258","[]","广东省","广州市","海珠区"
"B0FFFDCMZW","农林街社区卫生服务中心","医疗保健服务;综合医院;卫生院","090102","[]","农林下路19号之10(东山口地铁站C口步行450米)","113.296244","23.128218","113.29087569903047","23.130860818079487","020-61336462","广东省","广州市","越秀区"
"B0FFME1PU3","海珠区琶洲街社区卫生服务中心门诊部","医疗保健服务;综合医院;卫生院","090102","[]","新港东路与新洲大堤交叉口西40米","113.406771","23.087750","113.40124994666012","23.090261627282377","[]","广东省","广州市","海珠区"
"B0I0XRC7IJ","广州市海珠区南洲街裕惠苑社区卫生服务站疫苗接种点","医疗保健服务;综合医院;卫生院","090102","[]","南洲路与东晓南路交叉口东120米","113.298881","23.065052","113.29351242300821","23.067716942981054","[]","广东省","广州市","海珠区"
"B0FFIANUFC","长洲街长洲社区卫生服务站","医疗保健服务;综合医院;卫生院","090102","[]","永耀坊大街1号","113.425391","23.076071","113.4198856831243","23.07859910161671","[]","广东省","广州市","黄埔区"
"B00140U8T1","滨江街社区卫生服务中心","医疗保健服务;综合医院;卫生院","090102","[]","南华东路636号","113.268834","23.110731","113.26350230501276","23.11341234340329","020-89035905;020-89035992","广东省","广州市","海珠区"
"B00140VAQI","张钰麟社区卫生服务站","医疗保健服务;综合医院;卫生院","090102","[]","云乐大街一巷2号","113.378982","22.938849","113.37348011194332","22.9414352558824","[]","广东省","广州市","番禺区"
"B0FFIB865N","南亭村关日锋社区卫生服务站","医疗保健服务;综合医院;卫生院","090102","[]","谷围路谷围新村","113.434608","23.036755","113.42911912343166","23.039311322323986","[]","广东省","广州市","番禺区"
"B00140MFLV","荔湾区龙津街社区卫生服务中心","医疗保健服务;综合医院;卫生院","090102","[]","龙津东路707号(陈家祠地铁站B口步行480米)","113.248962","23.122730","113.24363849240747","23.12541324550107","[]","广东省","广州市","荔湾区"
"B00140CERZ","龙凤街将军直社区卫生服务站","医疗保健服务;综合医院;卫生院","090102","[]","将军直街19号","113.258982","23.099665","113.25365743556127","23.102356121120742","020-84333438;020-84397964","广东省","广州市","海珠区"
"B00140W61A","眉山村卫生站","医疗保健服务;综合医院;卫生院","090102","[]","宾月大街","113.428869","22.999472","113.42337362195967","23.00203686765287","[]","广东省","广州市","番禺区"
"B0FFL8OIF7","长洲街长洲社区卫生服务站","医疗保健服务;综合医院;卫生院","090102","[]","军校路长洲岛(东北角)","113.428816","23.083671","113.4233147931697","23.086199715310826","[]","广东省","广州市","黄埔区"
"B00140SQHN","越秀区梅花村街社区卫生服务中心","医疗保健服务;综合医院;卫生院","090102","[]","梅东路10-82号附近(杨箕地铁站E1口步行290米)","113.307327","23.130642","113.30193853483078","23.13326564183074","[]","广东省","广州市","越秀区"
"B00141SVPZ","番禺区小谷围街社区卫生服务中心","医疗保健服务;综合医院;卫生院","090102","[]","新造镇谷围新村穗石路2号","113.434731","23.034944","113.42924245809903","23.037501279333227","[]","广东省","广州市","番禺区"
"B0FFG6F4O7","天河区天园街道社区卫生服务中心(和风街)","医疗保健服务;综合医院;卫生院","090102","[]","中山大道190号和风街3号","113.382662","23.123439","113.37714432214807","23.125943523003826","020-38283046;020-38663024;13411156183","广东省","广州市","天河区"
"B00140WCPU","荔湾区逢源街社区卫生服务中心","医疗保健服务;综合医院;卫生院","090102","[]","逢源路167-1号","113.238380","23.121238","113.23305500517647","23.123919396425883","020-81378876","广东省","广州市","荔湾区"
"B00140HPTF","荔湾区多宝街社区卫生服务中心","医疗保健服务;综合医院;卫生院","090102","[]","黄沙大道8号领展购物广场·广州F1层","113.240845","23.110264","113.23552150522058","23.11295082535402","020-81814330","广东省","广州市","荔湾区"
"B00140HPSZ","冲口街社区卫生服务中心","医疗保健服务;综合医院;卫生院","090102","[]","浣花东路22号","113.243719","23.082034","113.23839798551738","23.08473338494834","020-81581548","广东省","广州市","荔湾区"
"B00140BC1I","光塔街社区卫生服务中心(朝天院区)","医疗保健服务;综合医院;卫生院","090102","[]","朝天路64号(公园前地铁站I2口步行360米)","113.260515","23.124495","113.25518802272958","23.12717536857336","020-83350733;020-83362275","广东省","广州市","越秀区"
"B00141I9LY","天河区珠吉街社区卫生服务中心","医疗保健服务;综合医院;卫生院","090102","[]","珠吉街","113.419668","23.123629","113.41415298226978","23.126132174996577","020-82557432","广东省","广州市","天河区"
"B0HAFDUCFI","番禺区大石街会江社区卫生服务站","医疗保健服务;综合医院;卫生院","090102","[]","大石街会江石中二路6号","113.298773","23.009537","113.29340834291577","23.012225971622815","020-34782453;020-39932079","广东省","广州市","番禺区"
"B0FFGJG4TM","东沙街南漖社区卫生服务站","医疗保健服务;综合医院;卫生院","090102","[]","南漖环翠南路33号","113.245202","23.050969","113.2398832397696","23.053681879340413","020-81411087","广东省","广州市","荔湾区"
"B001407005","石壁街韦涌社区卫生服务站","医疗保健服务;综合医院;卫生院","090102","[]","韦涌村韦大路边","113.261354","22.977348","113.25603641554166","22.980090495752016","020-84772341","广东省","广州市","番禺区"
"B0FFG4HKWB","越秀区白云街社区卫生服务中心","医疗保健服务;综合医院;卫生院","090102","[]","东华南159号(白云路62号)","113.285389","23.119577","113.28003808359608","23.12223842393947","020-62728863","广东省","广州市","越秀区"
"B0FFH56FSP","昌岗街社区卫生服务中心","医疗保健服务;综合医院;卫生院","090102","[]","江南大道中穗花新村穗花三巷7号之1号","113.277163","23.095652","113.27182410866534","23.098332489728733","[]","广东省","广州市","海珠区"
"B0FFG9J5ZR","员村街社区卫生服务中心预防接种门诊","医疗保健服务;综合医院;卫生院","090102","[]","员村街白水塘40号","113.365837","23.120575","113.36033826935298","23.123099124159147","020-85657506","广东省","广州市","天河区"
"B0G3SXY4NJ","天河区冼街社区卫生服务中心","医疗保健服务;综合医院;卫生院","090102","[]","兴盛路隽峰苑-二期(猎德地铁站C口步行290米)","113.331704","23.120344","113.32626703568779","23.122926423729197","[]","广东省","广州市","天河区"
"B00141I97T","鱼珠街茅岗社区卫生服务站","医疗保健服务;综合医院;卫生院","090102","[]","茅岗路600号","113.437369","23.114675","113.43187970867223","23.117202598418196","020-32387739","广东省","广州市","黄埔区"
"B00140U9JN","天园街东晖社区卫生服务站","医疗保健服务;综合医院;卫生院","090102","[]","天府路东晖花园西街1号首层","113.360850","23.130344","113.35535802951517","23.132871300460234","020-85611768","广东省","广州市","天河区"
"B00141I7ID","黄埔区红山街社区卫生服务中心","医疗保健服务;综合医院;卫生院","090102","[]","红山街(双岗地铁站B口步行470米)","113.478517","23.094507","113.473138180123","23.097136488871524","[]","广东省","广州市","黄埔区"
"B0FFKZDBNK","甘棠村苏嘉庆社区卫生服务站","医疗保健服务;综合医院;卫生院","090102","[]","蔡一村螺山路177号旁","113.379912","22.961496","113.3744077153334","22.96407175030996","[]","广东省","广州市","番禺区"
"B00140NME0","天河区沙东街道社区卫生服务中心","医疗保健服务;综合医院;卫生院","090102","[]","广州大道北619号","113.316961","23.161237","113.31155148387451","23.163831183354187","020-83072438;020-87706269;020-87741577","广东省","广州市","天河区"
"B00141P7YK","洪桥街社区卫生服务中心","医疗保健服务;综合医院;卫生院","090102","[]","小北路111号","113.271547","23.133135","113.26621139989518","23.135805208763557","020-83542069;020-83542937","广东省","广州市","越秀区"
"B0FFGCANHO","江南中街社区卫生服务中心","医疗保健服务;综合医院;卫生院","090102","[]","宝业路518号","113.263316","23.091616","113.2579896230437","23.09430861661855","020-84446463","广东省","广州市","海珠区"
"B00140TZ0M","天河区天河南街社区卫生服务中心","医疗保健服务;综合医院;卫生院","090102","[]","黄埔大道西179号(黄埔大道地铁站A口步行360米)","113.326409","23.127655","113.32098242466112","23.130244568660444","020-82409200;020-82409240","广东省","广州市","天河区"
"B00141JNDP","番禺区钟村街社区卫生服务中心","医疗保健服务;综合医院;卫生院","090102","[]","钟村街商贸城1号铺","113.315067","22.982522","113.30967336900571","22.985194468914106","020-84714040","广东省","广州市","番禺区"
"B0FFGSEH53","太保直街小区","医疗保健服务;综合医院;卫生院","090102","[]","太保直街与吉祥新街交叉口南80米","113.248666","23.130003","113.24334202091316","23.132683299051738","[]","广东省","广州市","荔湾区"
"B0HBRM5UV3","珠吉街吉山社区医院","医疗保健服务;综合医院;卫生院","090102","[]","吉山坑尾路与吉山东新村街交叉口西南120米","113.434022","23.126957","113.42852596002574","23.12947464024648","[]","广东省","广州市","天河区"
"B0H09UMJ2S","洛浦街丽江社区卫生服务站","医疗保健服务;综合医院;卫生院","090102","[]","洛浦街西二村西乡二路11号","113.274474","23.042359","113.26914159878805","23.0450646224108","[]","广东省","广州市","番禺区"
"B00141REUM","燕塘社区卫生服务站","医疗保健服务;综合医院;卫生院","090102","[]","燕兴路66-102号(燕塘地铁站C口步行290米)","113.327914","23.161786","113.32248200626287","23.164359238630137","[]","广东省","广州市","天河区"
"B00141TWR7","黄埔街社区卫生服务中心","医疗保健服务;综合医院;卫生院","090102","[]","黄埔街丰乐南路88号大院20-23号首层","113.457824","23.094820","113.45238280844723","23.097395672024835","020-82487992","广东省","广州市","黄埔区"
"B0HAN5N8ET","麦迪龙鸣翠苑社区卫生服务站","医疗保健服务;综合医院;卫生院","090102","[]","光明北路382号","113.361854","22.958974","113.35637215934813","22.961572551457223","020-66359970","广东省","广州市","番禺区"
"B00140SYNI","白鹤洞街社区卫生服务中心","医疗保健服务;综合医院;卫生院","090102","[]","金道花园金达街18号","113.234393","23.073303","113.22906948006666","23.076002294991756","[]","广东省","广州市","荔湾区"
"B00140KYWV","花地街中市社区卫生服务站","医疗保健服务;综合医院;卫生院","090102","[]","乌石墩3号","113.238409","23.094663","113.23308579582668","23.097355344025946","020-81803571","广东省","广州市","荔湾区"
"B0FFGRCNCP","广州市越秀区大东街社区卫生服务中心门诊","医疗保健服务;综合医院;卫生院","090102","[]","东华东路623号广州市越秀区大东街社区卫生服务中心内","113.293383","23.120150","113.28801997350958","23.122800357806323","[]","广东省","广州市","越秀区"
"B00140LINR","庙头社区卫生服务站(黄埔康苑南)","医疗保健服务;综合医院;卫生院","090102","[]","穗东街庙头大街36号","113.500781","23.081168","113.49547959165217","23.083868905555782","[]","广东省","广州市","黄埔区"
"B00141RF1X","荔湾区东沙街社区卫生服务中心","医疗保健服务;综合医院;卫生院","090102","[]","东沙街东沙大道345号","113.254703","23.062418","113.24938252787118","23.06512593533238","020-81617617","广东省","广州市","荔湾区"
"B0FFGC4WFK","沙园街社区卫生服务中心住院院区","医疗保健服务;综合医院;卫生院","090102","[]","沙园缘觉路7号","113.264889","23.087697","113.25956185259201","23.0903904114524","[]","广东省","广州市","海珠区"
"B00140HTKL","南华西街社区卫生服务中心","医疗保健服务;综合医院;卫生院","090102","[]","同福西路221-1号附近","113.254143","23.102887","113.24881997466193","23.105578027111015","020-84447935;020-84449429","广东省","广州市","海珠区"
"B0FFF3UO58","江南苑(江南中)社区卫生服务中心","医疗保健服务;综合医院;卫生院","090102","[]","宝业路518-9号附近","113.263288","23.092146","113.25796160506378","23.09483840952941","[]","广东省","广州市","海珠区"
"B0FFHDWSS2","李锦峰社区卫生服务站","医疗保健服务;综合医院;卫生院","090102","[]","人民路135号","113.317378","22.972844","113.31198037029975","22.975516351951583","[]","广东省","广州市","番禺区"
"B0FFHELTO0","六榕街社区卫生服务中心","医疗保健服务;综合医院;卫生院","090102","[]","纪念堂地铁站D1口步行300米","113.261725","23.129967","113.25639700010261","23.132644645521825","020-83333411","广东省","广州市","越秀区"
"B00140WC6S","人民街社区卫生服务中心","医疗保健服务;综合医院;卫生院","090102","[]","长堤路购物休闲街一德路190号1-4楼","113.261015","23.114282","113.25568844360473","23.116966316086195","020-81861079;020-81889971","广东省","广州市","越秀区"
"B0FFH02ULR","昌岗街社区卫生服务中心保健楼","医疗保健服务;综合医院;卫生院","090102","[]","穗花新村三巷7号之1(江南西地铁站C口步行490米)","113.277173","23.095885","113.27183408171078","23.098565382839347","[]","广东省","广州市","海珠区"
"B00141K8PD","新市街棠涌社区卫生服务站","医疗保健服务;综合医院;卫生院","090102","[]","新市街棠涌三社李家大巷1号杰智幼儿园附近","113.253832","23.194339","113.24850291873942","23.19699431610984","020-36602379","广东省","广州市","白云区"
"B0FFFGTV9C","天河区五山街社区卫生服务中心","医疗保健服务;综合医院;卫生院","090102","[]","岳洲路22号(五山地铁站B1口步行140米)","113.352727","23.152019","113.34724711197606","23.1545505988436","020-85282686;020-85285011","广东省","广州市","天河区"
"B00140T1KK","登峰街社区卫生服务中心","医疗保健服务;综合医院;卫生院","090102","[]","麓景东路29号","113.279437","23.143833","113.27409221080235","23.14649157708718","020-83034180;020-83214100","广东省","广州市","越秀区"
"B00141I8EI","姬堂社区卫生服务站","医疗保健服务;综合医院;卫生院","090102","[]","长盛街46号","113.465321","23.136606","113.45989811170216","23.139182791398014","020-82375359","广东省","广州市","黄埔区"
"B0FFHCSNI4","海珠区南石头街社区卫生服务中心","医疗保健服务;综合医院;卫生院","090102","[]","南石头街道工业大道中广纸路21号","113.270495","23.074383","113.2651643039647","23.077078281419823","020-84341320","广东省","广州市","海珠区"
"B00141JO8A","站前街社区卫生服务中心(站前路)","医疗保健服务;综合医院;卫生院","090102","[]","站前路9号","113.245197","23.138977","113.23987234699467","23.14165333462186","020-36580459;020-86673465","广东省","广州市","荔湾区"
"B00140BIHU","广州市越秀区矿泉街社区卫生服务中心","医疗保健服务;综合医院;卫生院","090102","[]","广园西路瑶台西街291号","113.249358","23.160385","113.24403193963832","23.163053349380743","020-86360955;020-86577870","广东省","广州市","越秀区"
"B0FFGYOD6Y","龙凤街社区卫生服务中心","医疗保健服务;综合医院;卫生院","090102","[]","工业大道北77号(凤凰新村地铁站A口步行260米)","113.257762","23.092677","113.25243843329132","23.095371424340787","020-34039371","广东省","广州市","海珠区"
"B0FFF3OQBP","白鹤洞街鹤园社区卫生服务站","医疗保健服务;综合医院;卫生院","090102","[]","芳村鹤洞路广船鹤园小区(鹤洞地铁站B口步行270米)","113.239480","23.074175","113.23415852720402","23.076876384913085","[]","广东省","广州市","荔湾区"
"B0GKZA66HU","乾信金晖社区卫生服务站","医疗保健服务;综合医院;卫生院","090102","[]","金晖明园东北门旁","113.349981","22.943752","113.34452021699008","22.94637607373902","[]","广东省","广州市","番禺区"
"B0FFGSTRIN","钟一社区卫生服务站","医疗保健服务;综合医院;卫生院|医疗保健服务;诊所;诊所","090102|090300","[]","钟村镇钟村街钟屏岔道45号综合楼二楼和三楼","113.323069","22.970187","113.31765994494926","22.97284977287099","020-66298338","广东省","广州市","番禺区"
"B0G0B6XMQX","素社街社区卫生服务中心","医疗保健服务;综合医院;卫生院","090102","[]","怡安路与富基路交叉口东北120米","113.275810","23.108034","113.27047177735808","23.110710674722988","[]","广东省","广州市","海珠区"
"B0FFKDT66M","赤岗街下渡社区卫生服务站","医疗保健服务;综合医院;卫生院","090102","[]","上渡路135号童话商场二楼","113.308402","23.099161","113.3030136032878","23.101795622956242","[]","广东省","广州市","海珠区"
"B0FFHM8UK5","龙美村谭金凤社区卫生服务站","医疗保健服务;综合医院;卫生院","090102","[]","龙美新区四巷6号","113.370890","22.969086","113.36539489533989","22.971668075318508","[]","广东省","广州市","番禺区"
"B0FFHQSFJ1","龙凤街社区卫生服务中心-口腔卫生保健","医疗保健服务;综合医院;卫生院","090102","[]","工业大道北77号龙凤街社区卫生服务中心","113.257766","23.092672","113.25244243198544","23.09536642522048","[]","广东省","广州市","海珠区"
"B0FFGLEYOX","黄埔区红山街社区卫生服务中心","医疗保健服务;综合医院;卫生院","090102","[]","红山街广新路601号","113.475892","23.095503","113.47050457323856","23.098124713489504","020-62953159;020-62953178","广东省","广州市","黄埔区"
"B0FFLPD12L","大龙街来穗人员社区卫生服务站","医疗保健服务;综合医院;卫生院","090102","[]","东怡路与东蓝路交叉口北100米","113.411558","22.960888","113.40604780141652","22.963455526439585","[]","广东省","广州市","番禺区"
"B00140HWXE","沙湾镇紫坭社区卫生服务站","医疗保健服务;综合医院;卫生院","090102","[]","沙湾镇紫坭村东里大街12号","113.292131","22.896163","113.28678499732756","22.89891011612039","020-84746537","广东省","广州市","番禺区"
"B00141KEEF","天河区长兴街社区卫生服务中心","医疗保健服务;综合医院;卫生院","090102","[]","长兴路乐意居美景街146号","113.357760","23.168972","113.35227034838255","23.171488904869467","[]","广东省","广州市","天河区"
"B0I6J72X40","车陂街道社区卫生服务中心发热诊室","医疗保健服务;综合医院;卫生院","090102","[]","车陂街社区卫生服务中心东门旁","113.401259","23.127550","113.39573411622678","23.13004480776706","[]","广东省","广州市","天河区"
"B0FFIVO4BN","鱼珠街金碧社区卫生服务站","医疗保健服务;综合医院;卫生院","090102","[]","世纪南三街1号","113.428699","23.112581","113.42319564590208","23.115097568520547","020-32035585","广东省","广州市","黄埔区"
"B0FFG9IW0F","凤阳街泰沙社区卫生服务站预防接种门诊","医疗保健服务;综合医院;卫生院","090102","[]","泰沙路金紫里直街5巷1号","113.286205","23.080124","113.2808555865151","23.082800751804932","020-84071389","广东省","广州市","海珠区"
"B0FFH127B4","建设街社区卫生服务中心口腔科","医疗保健服务;综合医院;卫生院","090102","[]","市政医院西门旁","113.282398","23.136394","113.2770499910162","23.13905224119932","[]","广东省","广州市","越秀区"
"B0FFK7CVJ5","小罗村林婉君社区卫生服务站","医疗保健服务;综合医院;卫生院","090102","[]","环村三街与进村北街交叉口东南100米","113.342680","22.966361","113.33723146867722","22.968988393560863","[]","广东省","广州市","番禺区"
"B0FFG9IZS2","金花街社区卫生服务中心预防接种门诊","医疗保健服务;综合医院;卫生院","090102","[]","西华路298号","113.249144","23.130892","113.24381993362287","23.133571958214144","020-81073192","广东省","广州市","荔湾区"
"B0FFGYKWQI","东乡村郭焯贤社区卫生服务站","医疗保健服务;综合医院;卫生院","090102","[]","东乡村沿沙路一街11号","113.277026","23.045913","113.27169059815613","23.048614686645042","020-84594282","广东省","广州市","番禺区"
"B0FFFQ7CWP","胜石村曾伟东社区卫生服务站","医疗保健服务;综合医院;卫生院","090102","[]","环村中路10号","113.309734","22.975962","113.30435133031236","22.978646961722568","[]","广东省","广州市","番禺区"
"B00141K68H","同德街上步社区卫生服务站","医疗保健服务;综合医院;卫生院","090102","[]","横滘新南二路1号","113.239358","23.170472","113.23403003396507","23.173134430605195","020-31232294","广东省","广州市","白云区"
"B0FFK973EX","大龙街社区卫生服务中心·大龙站","医疗保健服务;综合医院;卫生院","090102","[]","金龙路与桥边路交叉口西南40米","113.432792","22.956681","113.42730554827598","22.95926929847402","[]","广东省","广州市","番禺区"
"B00141QXE8","天河南街直街社区卫生服务站","医疗保健服务;综合医院;卫生院","090102","[]","天河直街101号东则113号","113.318115","23.136260","113.31270483942073","23.138861825329574","020-38866567","广东省","广州市","天河区"
"B00141JOIA","天河区沙河街社区卫生服务中心","医疗保健服务;综合医院;卫生院","090102","[]","先烈东横路10号(沙河顶地铁站B口步行420米)","113.306118","23.149893","113.30073052689986","23.152511100256472","020-89193111","广东省","广州市","天河区"
"B0FFM3OCA0","广州市黄埔区大沙街社区卫生服务中心","医疗保健服务;综合医院;卫生院","090102","[]","丰乐北路226号","113.453790","23.111426","113.44833711608975","23.113985743343125","020-82286043","广东省","广州市","黄埔区"
"B0FFKC706M","人民街社区卫生服务中心","医疗保健服务;综合医院;卫生院","090102","[]","大新路与天成路交叉口西80米","113.254514","23.115059","113.2491900573701","23.117744958482152","[]","广东省","广州市","越秀区"
"B00140WDHP","柯木塱医院","医疗保健服务;综合医院;卫生院","090102","[]","广汕二路7号-1","113.399316","23.193723","113.39378653308849","23.196192503209808","020-87212656","广东省","广州市","天河区"
"B0HGGHVU2C","越秀区六榕街社区医院","医疗保健服务;综合医院;卫生院","090102","[]","西华路凉亭街2号","113.252469","23.130397","113.24714452179981","23.133077029593345","[]","广东省","广州市","越秀区"
"B00141TW2S","昌岗街社区卫生服务中心医疗楼","医疗保健服务;综合医院;卫生院","090102","[]","穗花二巷12号","113.277179","23.095415","113.27184010646138","23.098095572531275","020-34037817;020-84239601","广东省","广州市","海珠区"
"B00140SQII","诗书街社区卫生服务中心","医疗保健服务;综合医院;卫生院","090102","[]","海珠中路与观绿路交叉口北约100米","113.256008","23.119561","113.25068329060419","23.122244813289","[]","广东省","广州市","越秀区"
"B0FFG9J0CO","荔湾区多宝街恩宁社区卫生服务站","医疗保健服务;综合医院;卫生院","090102","[]","恩宁路195-199号(黄沙地铁站B口步行430米)","113.239470","23.114008","113.23414585711514","23.11669278994074","[]","广东省","广州市","荔湾区"
"B0FFF4DJ5G","黄埔街港湾路社区卫生服务站","医疗保健服务;综合医院;卫生院","090102","[]","港湾路325号大院(大沙地地铁站A口步行300米)","113.447211","23.102202","113.441742875103","23.104751974479054","020-82289439","广东省","广州市","黄埔区"
"B0IR777NDG","联创明医医院","医疗保健服务;综合医院;卫生院","090102","[]","新黄埔联创院","113.497415","23.176557","113.49209534238362","23.179209473691525","020-82592666","广东省","广州市","黄埔区"
"B00140URX3","石牌街暨大社区卫生服务中心","医疗保健服务;综合医院;卫生院","090102","[]","黄埔大道西601暨南大学","113.349353","23.133583","113.34388045688004","23.136127634364705","020-85220940","广东省","广州市","天河区"
"B0FFK7S64L","滨江街社区卫生服务中心","医疗保健服务;综合医院;卫生院","090102","[]","中海名都东北门东北50米","113.276951","23.110961","113.27161132009994","23.113635370267545","[]","广东省","广州市","海珠区"
"B0FFGYXGH6","新港社区卫生服务中心","医疗保健服务;综合医院;卫生院","090102","[]","东晓南路77号","113.285234","23.091418","113.27988519247839","23.094091231480014","020-89233189","广东省","广州市","海珠区"
"B00141TWHM","大维村缪国屏社区卫生服务站","医疗保健服务;综合医院;卫生院","090102","[]","新二路2巷3号","113.297033","23.015385","113.29167095119882","23.01807416771455","13143338983","广东省","广州市","番禺区"
"B0FFHDRMCC","蔡一村蔡剑敏社区卫生服务站","医疗保健服务;综合医院;卫生院","090102","[]","螺山路万佳汇购物广场","113.378654","22.962401","113.37315081740108","22.96497753056997","[]","广东省","广州市","番禺区"
"B00141JH9I","三元里街社区卫生服务中心","医疗保健服务;综合医院;卫生院","090102","[]","石榴桥路77号1-2层","113.266183","23.165265","113.26084972686488","23.167926417265917","020-86366862","广东省","广州市","白云区"
"B0H3X53WEZ","中仁医院","医疗保健服务;综合医院;卫生院","090102","[]","石碁镇市莲路官涌村段2号之二","113.453975","22.950874","113.44853349585752","22.95350267425691","020-39165818;020-39165828;18024596160","广东省","广州市","番禺区"
"B0IA1SUJ42","佳德金月湾社区卫生服务站","医疗保健服务;综合医院;卫生院","090102","[]","环岛西路115号5-7座112号","113.256614","23.039770","113.25129441756683","23.042487204745672","[]","广东省","广州市","番禺区"
"B00141SV8E","天河区员村街华颖社区卫生服务站","医疗保健服务;综合医院;卫生院","090102","[]","员村一横路7号大院53栋首层(省高级法院南门对面)","113.353334","23.120648","113.3478551859944","23.123191094442827","020-38699859","广东省","广州市","天河区"
"B0FFI1TOFJ","珠光街社区卫生服务中心","医疗保健服务;综合医院;卫生院","090102","[]","珠光街120号(北京路地铁站A口步行290米)","113.271547","23.118322","113.26621239447172","23.120998191582423","020-83351447","广东省","广州市","越秀区"
"B0FFGKUQ5C","北京街社区卫生服务中心(广卫路院区)","医疗保健服务;综合医院;卫生院","090102","[]","广卫路21号(公园前地铁站出入口步行270米)","113.266072","23.127220","113.26074136334","23.129896450635574","020-83190561;020-83335924","广东省","广州市","越秀区"
"B0FFH114R9","石岗社区卫生服务站预防接种门诊","医疗保健服务;综合医院;卫生院","090102","[]","石溪村侯皇庙街29号1层","113.277490","23.068170","113.27215258029499","23.070861723443137","[]","广东省","广州市","海珠区"
"B0HGKHHPQU","广州建康医院","医疗保健服务;综合医院;卫生院","090102","[]","兴华路38号1号楼(天平架地铁站A口步行220米)","113.319434","23.159263","113.31401959630709","23.16185331821617","[]","广东省","广州市","天河区"
"B0FFFUFULB","天河区长兴街岑村社区卫生服务站","医疗保健服务;综合医院;卫生院","090102","[]","科韵北路岑村红花岗西街46号","113.382533","23.163709","113.37701265946264","23.1661977263744","020-85289853","广东省","广州市","天河区"
"B00140U420","天河区棠下街棠东社区卫生服务站","医疗保健服务;综合医院;卫生院","090102","[]","棠东新庙前街12号","113.383300","23.127430","113.37778155446904","23.12993240436804","020-37347903;020-85551507","广东省","广州市","天河区"
"B0FFG2F09G","沙东大街社区卫生服务站","医疗保健服务;综合医院;卫生院","090102","[]","沙河服装批发城内","113.310219","23.154029","113.3048233766584","23.156638285495852","[]","广东省","广州市","天河区"
"B0FFLKMDRG","石壁四村彭锦涛社区卫生服务站","医疗保健服务;综合医院;卫生院","090102","[]","石韦路59附近","113.270823","22.999734","113.26549700251029","23.002461078608455","[]","广东省","广州市","番禺区"
"B0FFHM8UDU","盛龙社区-刘青梅社区卫生服务站","医疗保健服务;综合医院;卫生院","090102","[]","盛龙社区西北1门旁","113.456179","23.029658","113.45073785935286","23.032257629310145","[]","广东省","广州市","番禺区"
"B0FFH59ZUO","越秀区光塔街社区卫生服务中心","医疗保健服务;综合医院;卫生院","090102","[]","海珠中路83-1号","113.255831","23.119598","113.25050634784003","23.122281839341696","020-81885346","广东省","广州市","越秀区"
"B00140R81S","五山街东莞庄社区卫生服务站","医疗保健服务;综合医院;卫生院","090102","[]","东莞庄路112号招待所南楼一楼","113.337748","23.156613","113.3322963000134","23.159169576109235","020-87237131","广东省","广州市","天河区"
